title;price;url
"Apple MacBook Neo 13"" / 8 Гб / SSD 512 Гб / macOS / MHFC4RU/A";473 990 ₸;/p/apple-macbook-neo-13-8-gb-ssd-512-gb-macos-mhfc4ru-a-161461681/?c=750000000
Apple MacBook Neo 13 2026 / 8 Гб / SSD 256 Гб / macOS / MHFH4RU/A;407 990 ₸;/p/apple-macbook-neo-13-2026-8-gb-ssd-256-gb-macos-mhfh4ru-a-161461744/?c=750000000
"Apple MacBook Neo 13"" / 8 Гб / SSD 512 Гб / macOS / MHFJ4RU/A";473 990 ₸;/p/apple-macbook-neo-13-8-gb-ssd-512-gb-macos-mhfj4ru-a-161461635/?c=750000000
"Apple MacBook Neo 13"" / 8 Гб / SSD 512 Гб / macOS / MHFG4RU/A";473 990 ₸;/p/apple-macbook-neo-13-8-gb-ssd-512-gb-macos-mhfg4ru-a-161461853/?c=750000000
"Apple MacBook Neo 13"" / 8 Гб / SSD 256 Гб / macOS / MHFF4RU/A";407 990 ₸;/p/apple-macbook-neo-13-8-gb-ssd-256-gb-macos-mhff4ru-a-161461791/?c=750000000
"Apple MacBook Air 13 2020 13.3"" / 8 Гб / SSD 256 Гб / macOS / MGN63RU/A";459 970 ₸;/p/apple-macbook-air-13-2020-13-3-8-gb-ssd-256-gb-macos-mgn63ru-a-101182724/?c=750000000
"Apple MacBook Neo 13"" / 8 Гб / SSD 256 Гб / macOS / MHFA4RU/A";407 990 ₸;/p/apple-macbook-neo-13-8-gb-ssd-256-gb-macos-mhfa4ru-a-161461712/?c=750000000
"ELERON SmartBook 15.6"" / 8 Гб / M.2 256 Гб / Win 11 / S.PF01R.03T";219 990 ₸;/p/eleron-smartbook-15-6-8-gb-m-2-256-gb-win-11-s-pf01r-03t-148407823/?c=750000000
Apple MacBook Air 13 2025 / 16 Гб / SSD 256 Гб / macOS / MW0Y3RU/A;629 900 ₸;/p/apple-macbook-air-13-2025-16-gb-ssd-256-gb-macos-mw0y3ru-a-138137409/?c=750000000
"HYDRA Home H20 15.6"" / 12 Гб / SSD 512 Гб / Win 11 / MKII";160 000 ₸;/p/hydra-home-h20-15-6-12-gb-ssd-512-gb-win-11-mkii-115019992/?c=750000000
"Lenovo IdeaPad 3 15.6"" / 8 Гб / SSD 256 Гб / DOS / 15IGL05 / 81WQ00ERRK";184 564 ₸;/p/lenovo-ideapad-3-15-6-8-gb-ssd-256-gb-dos-15igl05-81wq00errk-102715483/?c=750000000
"ALFA-STORE TK-E140- 14"" / 6 Гб / SSD 256 Гб / Win 10 Pro / 4020";97 990 ₸;/p/alfa-store-tk-e140--14-6-gb-ssd-256-gb-win-10-pro-4020-136747354/?c=750000000
"ThundeRobot 911 X Wild Hunter G2D 15.6"" / 16 Гб / SSD 512 Гб / Без ОС / I5165SG45N";599 990 ₸;/p/thunderobot-911-x-wild-hunter-g2d-15-6-16-gb-ssd-512-gb-bez-os-i5165sg45n-144403452/?c=750000000
"Acer Aspire 3 15.6"" / 16 Гб / SSD 512 Гб / Win 11 Pro / A315-59-52X6 / NX.K6TER.001W";328 999 ₸;/p/acer-aspire-3-15-6-16-gb-ssd-512-gb-win-11-pro-a315-59-52x6-nx-k6ter-001w-120936355/?c=750000000
"Apple MacBook Air 13 2022 13.6"" / 16 Гб / SSD 256 Гб / macOS / MC7W4";508 999 ₸;/p/apple-macbook-air-13-2022-13-6-16-gb-ssd-256-gb-macos-mc7w4-133964851/?c=750000000
"ASUS Vivobook 16X 16"" / 16 Гб / SSD 512 Гб / Win 11 / 90NB1071-M00AT0";398 998 ₸;/p/asus-vivobook-16x-16-16-gb-ssd-512-gb-win-11-90nb1071-m00at0-129951243/?c=750000000
"FIREBAT U6B-IG6616Q8 16"" / 16 Гб / SSD 512 Гб / Win 11 Home / IARN79F01";299 990 ₸;/p/firebat-u6b-ig6616q8-16-16-gb-ssd-512-gb-win-11-home-iarn79f01-136300764/?c=750000000
"Acer Nitro Lite NL16-71G 16"" / 16 Гб / SSD 512 Гб / Без ОС / NH.DAAER.001";399 990 ₸;/p/acer-nitro-lite-nl16-71g-16-16-gb-ssd-512-gb-bez-os-nh-daaer-001-148703886/?c=750000000
"ASUS TUF A15 FA506 15.6"" / 16 Гб / SSD 512 Гб / Без ОС / 90NR0JF7-M00JE0";429 990 ₸;/p/asus-tuf-a15-fa506-15-6-16-gb-ssd-512-gb-bez-os-90nr0jf7-m00je0-148010487/?c=750000000
"HYDRA Home Razor R5 15.6"" / 16 Гб / SSD 512 Гб / Win 11 / H31";235 000 ₸;/p/hydra-home-razor-r5-15-6-16-gb-ssd-512-gb-win-11-h31-138766585/?c=750000000
"GIGABYTE GAMING A16 CVHI3KZ894SD 16"" / 16 Гб / M.2 1000 Гб / Без ОС / 9RGA6I76VHFHJK0KZ000";1 150 000 ₸;/p/gigabyte-gaming-a16-cvhi3kz894sd-16-16-gb-m-2-1000-gb-bez-os-9rga6i76vhfhjk0kz000-143765488/?c=750000000
"Acer Nitro V 15 15.6"" / 32 Гб / SSD 1000 Гб / Win 11 Pro / ANV15-51 / NH.QNBER.007";649 950 ₸;/p/acer-nitro-v-15-15-6-32-gb-ssd-1000-gb-win-11-pro-anv15-51-nh-qnber-007-120519358/?c=750000000
"Acer Aspire 3 15.6"" / 16 Гб / SSD 1000 Гб / Win 11 Pro / A315-59-52X6 / NX.K6TER.02W";369 887 ₸;/p/acer-aspire-3-15-6-16-gb-ssd-1000-gb-win-11-pro-a315-59-52x6-nx-k6ter-02w-120936338/?c=750000000
"HYDRA Home H13 14"" / 8 Гб / SSD 256 Гб / Win 10 / H13";99 000 ₸;/p/hydra-home-h13-14-8-gb-ssd-256-gb-win-10-h13-131929760/?c=750000000
"ASUS Vivobook 15.6"" / 16 Гб / SSD 512 Гб / Win 11 Pro / 90NB0X21-M00XWN";339 000 ₸;/p/asus-vivobook-15-6-16-gb-ssd-512-gb-win-11-pro-90nb0x21-m00xwn-144573087/?c=750000000
"ASUS Vivobook Go 15 E1504GA-BQ953W 15.6"" / 8 Гб / SSD 256 Гб / Win 11 Pro / 90NB0ZT1-M0W4X0";212 888 ₸;/p/asus-vivobook-go-15-e1504ga-bq953w-15-6-8-gb-ssd-256-gb-win-11-pro-90nb0zt1-m0w4x0-146933616/?c=750000000
"ALAR 14-140 YOGA 14.1"" / 16 Гб / SSD 512 Гб / Win 11 Pro / AT2024E140Y0002";299 990 ₸;/p/alar-14-140-yoga-14-1-16-gb-ssd-512-gb-win-11-pro-at2024e140y0002-143659191/?c=750000000
"ASUS ROG Strix G16 16"" / 16 Гб / SSD 1024 Гб / Без ОС / 90NR0NJ7-M001J0";1 512 281 ₸;/p/asus-rog-strix-g16-16-16-gb-ssd-1024-gb-bez-os-90nr0nj7-m001j0-139735259/?c=750000000
"ASUS Vivobook 15.6"" / 24 Гб / SSD 512 Гб / Win 11 Pro / X1504VA-BQ2277P / 90NB10J2-ML2UX0";370 053 ₸;/p/asus-vivobook-15-6-24-gb-ssd-512-gb-win-11-pro-x1504va-bq2277p-90nb10j2-ml2ux0-141530412/?c=750000000
"Apple MacBook Air 13 2024 13.6"" / 16 Гб / SSD 256 Гб / macOS / MC8G4";839 200 ₸;/p/apple-macbook-air-13-2024-13-6-16-gb-ssd-256-gb-macos-mc8g4-131761862/?c=750000000
"Apple MacBook Air 15 2024 15.3"" / 24 Гб / SSD 512 Гб / macOS / MC9L4";1 019 990 ₸;/p/apple-macbook-air-15-2024-15-3-24-gb-ssd-512-gb-macos-mc9l4-132084410/?c=750000000
"ASUS Vivobook 15 15.6"" / 16 Гб / SSD 512 Гб / Без ОС / 90NB13Y2-M01CP0";299 900 ₸;/p/asus-vivobook-15-15-6-16-gb-ssd-512-gb-bez-os-90nb13y2-m01cp0-143296763/?c=750000000
"MSI Modern 15 15.6"" / 16 Гб / SSD 512 Гб / Без ОС / F13MG-604XKZ";550 000 ₸;/p/msi-modern-15-15-6-16-gb-ssd-512-gb-bez-os-f13mg-604xkz-138187532/?c=750000000
"Tohom TK-E157 15.6"" / 32 Гб / SSD 1024 Гб / Win 11 / TK-E157 -06339";503 000 ₸;/p/tohom-tk-e157-15-6-32-gb-ssd-1024-gb-win-11-tk-e157--06339-135191623/?c=750000000
"HONOR MagicBook X 16 BRN-F5 16"" / 8 Гб / SSD 512 Гб / Win 11 / 5301AHGY";520 000 ₸;/p/honor-magicbook-x-16-brn-f5-16-8-gb-ssd-512-gb-win-11-5301ahgy-128642030/?c=750000000
"Acer Aspire Lite 15.6"" / 16 Гб / SSD 512 Гб / Без ОС / R3165SUN";269 990 ₸;/p/acer-aspire-lite-15-6-16-gb-ssd-512-gb-bez-os-r3165sun-151046855/?c=750000000
"Apple MacBook Air 15.3"" / 16 Гб / SSD 512 Гб / macOS / MDVD4RU/A";830 500 ₸;/p/apple-macbook-air-15-3-16-gb-ssd-512-gb-macos-mdvd4ru-a-161466588/?c=750000000
"Lenovo IdeaPad Slim 3 15AHP10 15.3"" / 8 Гб / SSD 512 Гб / Win 11 Home / 83KA000URK";309 900 ₸;/p/lenovo-ideapad-slim-3-15ahp10-15-3-8-gb-ssd-512-gb-win-11-home-83ka000urk-149587478/?c=750000000
"Lenovo LOQ 15IRX10 15.6"" / 32 Гб / SSD 512 Гб / Без ОС / 83JE012BRK";800 000 ₸;/p/lenovo-loq-15irx10-15-6-32-gb-ssd-512-gb-bez-os-83je012brk-154256704/?c=750000000
"Lenovo IdeaPad Slim 3 15IRH10 15.3"" / 8 Гб / SSD 512 Гб / Без ОС / 83K1002URK";299 899 ₸;/p/lenovo-ideapad-slim-3-15irh10-15-3-8-gb-ssd-512-gb-bez-os-83k1002urk-136932494/?c=750000000
"ASUS TUF Gaming F16 / FX608JMR-RV178 16"" / 16 Гб / SSD 1000 Гб / Без ОС / 90NR0NB1-M009Y0";748 888 ₸;/p/asus-tuf-gaming-f16-fx608jmr-rv178-16-16-gb-ssd-1000-gb-bez-os-90nr0nb1-m009y0-154171820/?c=750000000
"Apple MacBook Pro 16.2"" / 24 Гб / SSD 1024 Гб / macOS / MGE44RU/A";1 769 752 ₸;/p/apple-macbook-pro-16-2-24-gb-ssd-1024-gb-macos-mge44ru-a-161471326/?c=750000000
"ASUS TUF Gaming F16 FX607VJ-RL049T 16"" / 24 Гб / SSD 1000 Гб / Win 11 Pro / 90NR0MZ6-M0T2P0";560 293 ₸;/p/asus-tuf-gaming-f16-fx607vj-rl049t-16-24-gb-ssd-1000-gb-win-11-pro-90nr0mz6-m0t2p0-145167904/?c=750000000
"ASUS Vivobook Go E1504FA 90NB0ZR1-M01EC0 15.6"" / 16 Гб / SSD 512 Гб / Без ОС / 90NB0ZR1-M01EC0";298 500 ₸;/p/asus-vivobook-go-e1504fa-90nb0zr1-m01ec0-15-6-16-gb-ssd-512-gb-bez-os-90nb0zr1-m01ec0-137805165/?c=750000000
"Apple MacBook Pro 14 2024 14.2"" / 16 Гб / SSD 1024 Гб / macOS / MW2X3";1 045 360 ₸;/p/apple-macbook-pro-14-2024-14-2-16-gb-ssd-1024-gb-macos-mw2x3-137286727/?c=750000000
"YAMI Notebook HX16 + X100 14.1"" / 8 Гб / SSD 256 Гб / Win 10 / HX16 + X100";127 990 ₸;/p/yami-notebook-hx16-x100-14-1-8-gb-ssd-256-gb-win-10-hx16-x100-162440205/?c=750000000
"Lenovo Yoga 2в1 14AKP10 14"" / 16 Гб / SSD 1000 Гб / Win 11 Home / 83JR0003US";520 000 ₸;/p/lenovo-yoga-2v1-14akp10-14-16-gb-ssd-1000-gb-win-11-home-83jr0003us-157487939/?c=750000000
"Apple MacBook Air 2026 13.6"" / 16 Гб / SSD 512 Гб / macOS / MDHE4";678 968 ₸;/p/apple-macbook-air-2026-13-6-16-gb-ssd-512-gb-macos-mdhe4-164717615/?c=750000000
"ASUS TUF Gaming A16 FA608UP-RV186 16"" / 16 Гб / SSD 512 Гб / Без ОС / 90NR0KT1-M00BV0";799 900 ₸;/p/asus-tuf-gaming-a16-fa608up-rv186-16-16-gb-ssd-512-gb-bez-os-90nr0kt1-m00bv0-164293898/?c=750000000
"Lenovo IdeaPad 3 15.6"" / 16 Гб / SSD 1000 Гб / Win 11 Pro / 15IAU7 / 82RK015HRK";340 000 ₸;/p/lenovo-ideapad-3-15-6-16-gb-ssd-1000-gb-win-11-pro-15iau7-82rk015hrk-117418954/?c=750000000
"Lenovo IdeaPad Slim 3 15.6"" / 8 Гб / SSD 512 Гб / Без ОС / 15AMN8 / 82XQ007FRK";240 000 ₸;/p/lenovo-ideapad-slim-3-15-6-8-gb-ssd-512-gb-bez-os-15amn8-82xq007frk-110583482/?c=750000000
"ASUS Vivobook Go 15 15.6"" / 16 Гб / HDD 512 Гб / Win 11 Home / 90NB0ZR1-M06X10";289 000 ₸;/p/asus-vivobook-go-15-15-6-16-gb-hdd-512-gb-win-11-home-90nb0zr1-m06x10-166024398/?c=750000000
"Acer Gadget E10 ERBook 15.6"" / 8 Гб / SSD 256 Гб / Win 11 Home / CWI655";229 990 ₸;/p/acer-gadget-e10-erbook-15-6-8-gb-ssd-256-gb-win-11-home-cwi655-161163128/?c=750000000
"HP HP 15-fc0154si 15.6"" / 16 Гб / SSD 512 Гб / Win 11 Pro / D2GP6EA#UUQ";299 900 ₸;/p/hp-hp-15-fc0154si-15-6-16-gb-ssd-512-gb-win-11-pro-d2gp6ea-uuq-157006188/?c=750000000
"ASUS Vivobook 15 15.6"" / 16 Гб / SSD 512 Гб / Win 11 Pro / X1504VA-BQ542W / 90NB10J2-M0WSB0";378 998 ₸;/p/asus-vivobook-15-15-6-16-gb-ssd-512-gb-win-11-pro-x1504va-bq542w-90nb10j2-m0wsb0-139469437/?c=750000000
"Zentek Devision 15.6"" / 32 Гб / SSD 1024 Гб / Win 11 Pro / ZKDEVISION321024";490 000 ₸;/p/zentek-devision-15-6-32-gb-ssd-1024-gb-win-11-pro-zkdevision321024-146995671/?c=750000000
Apple MacBook Air 15 2025 / 24 Гб / SSD 512 Гб / macOS / MC6K4;822 044 ₸;/p/apple-macbook-air-15-2025-24-gb-ssd-512-gb-macos-mc6k4-146345144/?c=750000000
"Acer Aspire Go 15 AG15-42P 15.6"" / 16 Гб / M.2 512 Гб / Без ОС / NX.J7XER.002";291 998 ₸;/p/acer-aspire-go-15-ag15-42p-15-6-16-gb-m-2-512-gb-bez-os-nx-j7xer-002-153889780/?c=750000000
"ASUS Vivobook Go 15 15.6"" / 8 Гб / SSD 256 Гб / Без ОС / 90NB0ZT1-M02540";224 900 ₸;/p/asus-vivobook-go-15-15-6-8-gb-ssd-256-gb-bez-os-90nb0zt1-m02540-147644208/?c=750000000
"ASUS Asus TUF Gaming F16 16"" / 16 Гб / SSD 1000 Гб / Без ОС / FX608JP-RV014";949 000 ₸;/p/asus-asus-tuf-gaming-f16-16-16-gb-ssd-1000-gb-bez-os-fx608jp-rv014-149288690/?c=750000000
"MECHREVO Dragon 16Pro 16"" / 24 Гб / SSD 512 Гб / Win 11 / 5000025700";648 430 ₸;/p/mechrevo-dragon-16pro-16-24-gb-ssd-512-gb-win-11-5000025700-157745295/?c=750000000
"HP 15s 15.6"" / 8 Гб / SSD 512 Гб / Win 11 / 15s-eq2092ur / 5A9G2EA";277 990 ₸;/p/hp-15s-15-6-8-gb-ssd-512-gb-win-11-15s-eq2092ur-5a9g2ea-104512419/?c=750000000
"Lenovo Legion 5 15IRX10 15.1"" / 32 Гб / SSD 2000 Гб / Win 11 Home / 83LY00HTLK";1 142 844 ₸;/p/lenovo-legion-5-15irx10-15-1-32-gb-ssd-2000-gb-win-11-home-83ly00htlk-159430678/?c=750000000
"HP 15s 15.6"" / 16 Гб / SSD 512 Гб / DOS / 15s-fq5094ci / A14WNEA";299 799 ₸;/p/hp-15s-15-6-16-gb-ssd-512-gb-dos-15s-fq5094ci-a14wnea-118843295/?c=750000000
Apple MacBook Air 15 2025 / 24 Гб / SSD 512 Гб / macOS / MC6K4RU/A;958 900 ₸;/p/apple-macbook-air-15-2025-24-gb-ssd-512-gb-macos-mc6k4ru-a-138171834/?c=750000000
"ASUS VivoBook 15 X1504VA-BQ3122 15.6"" / 16 Гб / SSD 512 Гб / Без ОС / 90NB13Y1-M012H0";318 718 ₸;/p/asus-vivobook-15-x1504va-bq3122-15-6-16-gb-ssd-512-gb-bez-os-90nb13y1-m012h0-144337644/?c=750000000
"Ноутбук HP Victus 15.6&#34; / 32 Гб / SSD 512 Гб / Win 11 / 15-fb2082zm / BQ5EQ12UA";529 527 ₸;/p/noutbuk-hp-victus-15-6-34-32-gb-ssd-512-gb-win-11-15-fb2082zm-bq5eq12ua-157710311/?c=750000000
"Lenovo Legion 5 15IRX10 15.1"" / 32 Гб / SSD 1000 Гб / Win 11 Home / 83LY00HTLK";1 111 963 ₸;/p/lenovo-legion-5-15irx10-15-1-32-gb-ssd-1000-gb-win-11-home-83ly00htlk-158659298/?c=750000000
"ASUS Gaming F17 17.3"" / 16 Гб / SSD 1000 Гб / Win 11 Pro / FX707VUR-HX224H / 90NR0CS5-M0HDW0";598 990 ₸;/p/asus-gaming-f17-17-3-16-gb-ssd-1000-gb-win-11-pro-fx707vur-hx224h-90nr0cs5-m0hdw0-135582898/?c=750000000
"ASUS Vivobook 15 M1502YA-BQ607W 15.6"" / 16 Гб / SSD 512 Гб / Win 11 Pro / 90NB0X22";329 000 ₸;/p/asus-vivobook-15-m1502ya-bq607w-15-6-16-gb-ssd-512-gb-win-11-pro-90nb0x22-137573722/?c=750000000
"DEXP Aquilon 15.6"" / 8 Гб / SSD 256 Гб / Win 11 Home / C15-ICW300";156 746 ₸;/p/dexp-aquilon-15-6-8-gb-ssd-256-gb-win-11-home-c15-icw300-117507491/?c=750000000
"ASUS Zenbook 14 OLED 14"" / 16 Гб / SSD 1000 Гб / Win 11 / UX3405CA-PP448W / 90NB14W2-M00LR0";699 900 ₸;/p/asus-zenbook-14-oled-14-16-gb-ssd-1000-gb-win-11-ux3405ca-pp448w-90nb14w2-m00lr0-135044585/?c=750000000
"Acer Aspire Lite 15.6"" / 4 Гб / eMMC 128 Гб / Win 11 Home / AL15-32P-C681 / NX.JBAER.001";218 000 ₸;/p/acer-aspire-lite-15-6-4-gb-emmc-128-gb-win-11-home-al15-32p-c681-nx-jbaer-001-134614560/?c=750000000
"Lenovo IdeaPad 3 15.6"" / 8 Гб / SSD 256 Гб / Win 11 Home / 15IAU7 / 82RK00V9RK";238 990 ₸;/p/lenovo-ideapad-3-15-6-8-gb-ssd-256-gb-win-11-home-15iau7-82rk00v9rk-115997606/?c=750000000
"Apple MacBook Air 15 2024 15.3"" / 8 Гб / SSD 512 Гб / macOS / MRYV3RU/A";763 861 ₸;/p/apple-macbook-air-15-2024-15-3-8-gb-ssd-512-gb-macos-mryv3ru-a-118169714/?c=750000000
"Lenovo IdeaPad 15.6"" / 16 Гб / SSD 512 Гб / Win 11 Pro / 82VG10TRRK / 15AMN7";299 899 ₸;/p/lenovo-ideapad-15-6-16-gb-ssd-512-gb-win-11-pro-82vg10trrk-15amn7-136299789/?c=750000000
"Lenovo IdeaPad Slim 3 16IRH10 16"" / 16 Гб / SSD 1000 Гб / Win 11 Pro / 83K23010RK";418 997 ₸;/p/lenovo-ideapad-slim-3-16irh10-16-16-gb-ssd-1000-gb-win-11-pro-83k23010rk-136631491/?c=750000000
"ASUS Vivobook 15 15.6"" / 8 Гб / SSD 512 Гб / DOS / X1504VA-BQ281 / 90NB10J1-M00BL0";269 478 ₸;/p/asus-vivobook-15-15-6-8-gb-ssd-512-gb-dos-x1504va-bq281-90nb10j1-m00bl0-112145609/?c=750000000
"Acer Nitro V 15 15.6"" / 16 Гб / SSD 512 Гб / Без ОС / NH.U3RER.003";599 990 ₸;/p/acer-nitro-v-15-15-6-16-gb-ssd-512-gb-bez-os-nh-u3rer-003-166926180/?c=750000000
"Apple MacBook Neo 13"" / 8 Гб / SSD 512 Гб / macOS / MHFG4";424 549 ₸;/p/apple-macbook-neo-13-8-gb-ssd-512-gb-macos-mhfg4-163363305/?c=750000000
"ASUS Vivobook 16X 16"" / 16 Гб / SSD 512 Гб / Без ОС / K3605VC-RP435 / 90NB11D1-M00KT0";549 980 ₸;/p/asus-vivobook-16x-16-16-gb-ssd-512-gb-bez-os-k3605vc-rp435-90nb11d1-m00kt0-137116469/?c=750000000
"HP 15s 15.6"" / 8 Гб / SSD 512 Гб / Win 11 / 15s-eq2038ur / 61Q28EA";239 795 ₸;/p/hp-15s-15-6-8-gb-ssd-512-gb-win-11-15s-eq2038ur-61q28ea-107722129/?c=750000000
"MECHREVO Jiaolong 16Pro 16"" / 32 Гб / SSD 1024 Гб / Win 11 / Q31D";859 990 ₸;/p/mechrevo-jiaolong-16pro-16-32-gb-ssd-1024-gb-win-11-q31d-154376282/?c=750000000
"Runa NT1603 14.1"" / 6 Гб / SSD 256 Гб / Win 10 / NT1603";95 000 ₸;/p/runa-nt1603-14-1-6-gb-ssd-256-gb-win-10-nt1603-167212732/?c=750000000
"Acer Aspire 3 15.6"" / 16 Гб / SSD 512 Гб / Win 11 Home / A315-44P-R8B9 / NX.KSJEH.009";339 366 ₸;/p/acer-aspire-3-15-6-16-gb-ssd-512-gb-win-11-home-a315-44p-r8b9-nx-ksjeh-009-130544816/?c=750000000
"Lenovo Ideapad 3 15IAU7 15.6"" / 24 Гб / SSD 1000 Гб / Win 11 Pro / 82RK1750RK";399 989 ₸;/p/lenovo-ideapad-3-15iau7-15-6-24-gb-ssd-1000-gb-win-11-pro-82rk1750rk-123226797/?c=750000000
"ASUS VivoBook 15 X1504VA-BQ4488W 15.6"" / 16 Гб / SSD 512 Гб / Win 11 / 90NB13Y1-M02780";309 000 ₸;/p/asus-vivobook-15-x1504va-bq4488w-15-6-16-gb-ssd-512-gb-win-11-90nb13y1-m02780-158382985/?c=750000000
"Apple MacBook Pro 14.2 14.2"" / 24 Гб / SSD 1000 Гб / macOS / MDE64RU/A";1 215 620 ₸;/p/apple-macbook-pro-14-2-14-2-24-gb-ssd-1000-gb-macos-mde64ru-a-149007198/?c=750000000
"ASUS Vivobook Go 15 15.6"" / 8 Гб / M.2 256 Гб / DOS / E1504FA-BQ056";229 987 ₸;/p/asus-vivobook-go-15-15-6-8-gb-m-2-256-gb-dos-e1504fa-bq056-155737092/?c=750000000
"Lenovo LOQ 15IRX10 15.6"" / 16 Гб / SSD 512 Гб / Без ОС / 83JE002BRK";594 799 ₸;/p/lenovo-loq-15irx10-15-6-16-gb-ssd-512-gb-bez-os-83je002brk-144393077/?c=750000000
"FIREBAT T6A 16"" / 16 Гб / SSD 512 Гб / Win 11 / 5R6616F8 + подарок";419 990 ₸;/p/firebat-t6a-16-16-gb-ssd-512-gb-win-11-5r6616f8-podarok-159621452/?c=750000000
"ASUS Vivobook 15 X1504ZA-BQ092W 15.6"" / 8 Гб / SSD 512 Гб / Win 11 / 90NB1021-M01ZD0";249 991 ₸;/p/asus-vivobook-15-x1504za-bq092w-15-6-8-gb-ssd-512-gb-win-11-90nb1021-m01zd0-122144446/?c=750000000
"ASUS ROG Strix G18 G815JPR-S9037 18"" / 32 Гб / SSD 1000 Гб / Без ОС / 90NR0LM1-M001C0";1 549 871 ₸;/p/asus-rog-strix-g18-g815jpr-s9037-18-32-gb-ssd-1000-gb-bez-os-90nr0lm1-m001c0-143979281/?c=750000000
"HP 15-fc0248ci 15.6"" / 8 Гб / SSD 512 Гб / Win 11 Home / D2GT0EA";289 950 ₸;/p/hp-15-fc0248ci-15-6-8-gb-ssd-512-gb-win-11-home-d2gt0ea-155609649/?c=750000000
"Apple MacBook Air 13.6"" / 24 Гб / SSD 1024 Гб / macOS / MDHG4RU/A";969 965 ₸;/p/apple-macbook-air-13-6-24-gb-ssd-1024-gb-macos-mdhg4ru-a-161461924/?c=750000000
"Runa NT1602 14.1"" / 6 Гб / SSD 256 Гб / Win 10 / NT1602";95 000 ₸;/p/runa-nt1602-14-1-6-gb-ssd-256-gb-win-10-nt1602-167036245/?c=750000000
"PWR Y58 16"" / 16 Гб / SSD 512 Гб / Win 11 Pro / Y58-i7-6700HQ-16/512-GTX1060";262 800 ₸;/p/pwr-y58-16-16-gb-ssd-512-gb-win-11-pro-y58-i7-6700hq-16-512-gtx1060-146279163/?c=750000000
"Lenovo Legion Pro 5 16ARX8 16"" / 16 Гб / SSD 1024 Гб / Без ОС / 82WM00HMRK";789 990 ₸;/p/lenovo-legion-pro-5-16arx8-16-16-gb-ssd-1024-gb-bez-os-82wm00hmrk-132137935/?c=750000000
"ASUS Vivobook Go 15 E1504GA-BQ530 15.6"" / 8 Гб / SSD 256 Гб / Без ОС / 90NB0ZT2-M00VM0";300 000 ₸;/p/asus-vivobook-go-15-e1504ga-bq530-15-6-8-gb-ssd-256-gb-bez-os-90nb0zt2-m00vm0-139130009/?c=750000000
"TAIZEN N5095 15.6"" / 16 Гб / M.2 512 Гб / Win 11 Pro / SN:WK24055-22822";189 000 ₸;/p/taizen-n5095-15-6-16-gb-m-2-512-gb-win-11-pro-sn-wk24055-22822-164705744/?c=750000000
"Huawei Huawei Matebook D14 14"" / 16 Гб / SSD 1000 Гб / DOS / MendelG-W5611D";349 990 ₸;/p/huawei-huawei-matebook-d14-14-16-gb-ssd-1000-gb-dos-mendelg-w5611d-157597658/?c=750000000
"HP Laptop 15-fc0309ci 15.6"" / 8 Гб / SSD 512 Гб / Без ОС / D10CVEA";259 990 ₸;/p/hp-laptop-15-fc0309ci-15-6-8-gb-ssd-512-gb-bez-os-d10cvea-158530784/?c=750000000
"ASUS Asus ROG Strix G18 18"" / 32 Гб / SSD 1000 Гб / Без ОС / 90NR0LT1-M00390";1 864 831 ₸;/p/asus-asus-rog-strix-g18-18-32-gb-ssd-1000-gb-bez-os-90nr0lt1-m00390-141048431/?c=750000000
"Apple MacBook Air 2026 M5 15.3"" / 16 Гб / SSD 512 Гб / macOS / MDVH4";803 575 ₸;/p/apple-macbook-air-2026-m5-15-3-16-gb-ssd-512-gb-macos-mdvh4-164282793/?c=750000000
"Lenovo IdeaPad Slim 3 15AMN8 15.6"" / 8 Гб / SSD 512 Гб / Без ОС / 82XQ015BRK";219 990 ₸;/p/lenovo-ideapad-slim-3-15amn8-15-6-8-gb-ssd-512-gb-bez-os-82xq015brk-163754655/?c=750000000
"HYDRA Home H21 15.6"" / 12 Гб / SSD 512 Гб / Win 11 / H21";165 000 ₸;/p/hydra-home-h21-15-6-12-gb-ssd-512-gb-win-11-h21-166203591/?c=750000000
"ASUS ROG Strix G18 18"" / 16 Гб / SSD 1000 Гб / Без ОС / 90NR0LE1-M00360";1 069 000 ₸;/p/asus-rog-strix-g18-18-16-gb-ssd-1000-gb-bez-os-90nr0le1-m00360-144923842/?c=750000000
"Lenovo LOQ 15IRX10 15.6"" / 16 Гб / SSD 512 Гб / Без ОС / 83JE0189RK";589 990 ₸;/p/lenovo-loq-15irx10-15-6-16-gb-ssd-512-gb-bez-os-83je0189rk-161884667/?c=750000000
"Ninkear Ybook 15 15.6"" / 16 Гб / SSD 512 Гб / Win 11 / Ybook 15";239 990 ₸;/p/ninkear-ybook-15-15-6-16-gb-ssd-512-gb-win-11-ybook-15-161067836/?c=750000000
"Acer Aspire Lite AL15-41P 15.6"" / 8 Гб / SSD 128 Гб / DOS / NX.DJ2ER.001";199 990 ₸;/p/acer-aspire-lite-al15-41p-15-6-8-gb-ssd-128-gb-dos-nx-dj2er-001-160487647/?c=750000000
"ASUS Zenbook 14 14"" / 16 Гб / SSD 1024 Гб / Win 11 / UX3405CA-PP450W / 90NB14W1-M00LT0";739 990 ₸;/p/asus-zenbook-14-14-16-gb-ssd-1024-gb-win-11-ux3405ca-pp450w-90nb14w1-m00lt0-137130656/?c=750000000
"Chuwi CoreBook Air 14"" / 16 Гб / SSD 512 Гб / Win 11 Pro / R5";299 990 ₸;/p/chuwi-corebook-air-14-16-gb-ssd-512-gb-win-11-pro-r5-159599576/?c=750000000
"FYRIA F10 15.6"" / 16 Гб / SSD 512 Гб / Win 11 Pro / F10";219 990 ₸;/p/fyria-f10-15-6-16-gb-ssd-512-gb-win-11-pro-f10-129847684/?c=750000000
"Lenovo Legion Pro 5 16IAX10H 16"" / 32 Гб / SSD 1000 Гб / Win 11 Home / 83LU0007US";1 589 990 ₸;/p/lenovo-legion-pro-5-16iax10h-16-32-gb-ssd-1000-gb-win-11-home-83lu0007us-154971966/?c=750000000
"HP 15-fc0138qi 15.6"" / 8 Гб / SSD 512 Гб / Win 11 Pro / BK4Y81EA#UUQ";249 990 ₸;/p/hp-15-fc0138qi-15-6-8-gb-ssd-512-gb-win-11-pro-bk4y81ea-uuq-141434630/?c=750000000
"ASUS TUF Gaming F16 FX608JPR-RV019A 16"" / 32 Гб / SSD 1000 Гб / Win 11 Pro / 90NR0NG1-M0H350";997 665 ₸;/p/asus-tuf-gaming-f16-fx608jpr-rv019a-16-32-gb-ssd-1000-gb-win-11-pro-90nr0ng1-m0h350-153660890/?c=750000000
"Lenovo IdeaPad 1 15.6"" / 16 Гб / SSD 1000 Гб / Win 11 Pro / 83B433US";353 091 ₸;/p/lenovo-ideapad-1-15-6-16-gb-ssd-1000-gb-win-11-pro-83b433us-160975948/?c=750000000
"ASUS Vivobook Go 15.6"" / 16 Гб / SSD 512 Гб / Без ОС / 90NB0ZR2-M042X0";399 990 ₸;/p/asus-vivobook-go-15-6-16-gb-ssd-512-gb-bez-os-90nb0zr2-m042x0-143296227/?c=750000000
"Acer Nitro V 15 15.6"" / 16 Гб / SSD 1000 Гб / Win 11 Pro / ANV15-51 / NH.QNBER.02W";636 327 ₸;/p/acer-nitro-v-15-15-6-16-gb-ssd-1000-gb-win-11-pro-anv15-51-nh-qnber-02w-118735731/?c=750000000
"ASUS M1502YA-BQ608W 15.6"" / 16 Гб / SSD 512 Гб / Win 11 Pro / 90NB0X22-M00X30";319 900 ₸;/p/asus-m1502ya-bq608w-15-6-16-gb-ssd-512-gb-win-11-pro-90nb0x22-m00x30-144691876/?c=750000000
"Runa NT1606 15.6"" / 16 Гб / SSD 512 Гб / Win 11 / NT1606";165 000 ₸;/p/runa-nt1606-15-6-16-gb-ssd-512-gb-win-11-nt1606-167212853/?c=750000000
"ASUS Vivobook Go 15 E1504FA-BQ056 15.6"" / 8 Гб / SSD 256 Гб / Без ОС / 90NB0ZR1-M03ZF0";189 990 ₸;/p/asus-vivobook-go-15-e1504fa-bq056-15-6-8-gb-ssd-256-gb-bez-os-90nb0zr1-m03zf0-156651295/?c=750000000
"Lenovo LOQ 15IRX10 15.6"" / 24 Гб / SSD 512 Гб / Без ОС / 83JE002DRK";692 819 ₸;/p/lenovo-loq-15irx10-15-6-24-gb-ssd-512-gb-bez-os-83je002drk-141343490/?c=750000000
"Dream Machines 14"" / 8 Гб / SSD 500 Гб / Без ОС / G1650Ti-14KZ55";799 999 ₸;/p/dream-machines-14-8-gb-ssd-500-gb-bez-os-g1650ti-14kz55-105307638/?c=750000000
"ASUS Vivobook X1704VA-AU615E 17.3"" / 16 Гб / SSD 1000 Гб / Win 11 Pro / 90NB10V2-M0EPC0";448 999 ₸;/p/asus-vivobook-x1704va-au615e-17-3-16-gb-ssd-1000-gb-win-11-pro-90nb10v2-m0epc0-139347665/?c=750000000
"HP 250 G9 15.6"" / 4 Гб / SSD 256 Гб / DOS / 853K2ES#BH5";159 000 ₸;/p/hp-250-g9-15-6-4-gb-ssd-256-gb-dos-853k2es-bh5-161406956/?c=750000000
"HP 15-fd0198ci 15.6"" / 16 Гб / SSD 512 Гб / Без ОС / AE0K3EA";309 749 ₸;/p/hp-15-fd0198ci-15-6-16-gb-ssd-512-gb-bez-os-ae0k3ea-132035912/?c=750000000
Apple MacBook Air 15 2025 / 16 Гб / SSD 512 Гб / macOS / MW1K3RU/A;870 900 ₸;/p/apple-macbook-air-15-2025-16-gb-ssd-512-gb-macos-mw1k3ru-a-138172334/?c=750000000
"ASUS TUF Gaming F15 15.6"" / 16 Гб / SSD 512 Гб / DOS / FX506HE-HN306 / 90NR0704-M00D00";487 589 ₸;/p/asus-tuf-gaming-f15-15-6-16-gb-ssd-512-gb-dos-fx506he-hn306-90nr0704-m00d00-107230798/?c=750000000
"ASUS X1504VA-BQ542G 15.6"" / 24 Гб / SSD 1000 Гб / Win 11 Pro / 90NB10J2";488 753 ₸;/p/asus-x1504va-bq542g-15-6-24-gb-ssd-1000-gb-win-11-pro-90nb10j2-139480959/?c=750000000
"DEXP Atlas 15.6"" / 16 Гб / SSD 512 Гб / Win 11 Home / M15-I5W303";322 481 ₸;/p/dexp-atlas-15-6-16-gb-ssd-512-gb-win-11-home-m15-i5w303-117507524/?c=750000000
"ASUS TUF Gaming F16 16"" / 32 Гб / SSD 1000 Гб / Без ОС / 90NR0NB1-M009A0";878 917 ₸;/p/asus-tuf-gaming-f16-16-32-gb-ssd-1000-gb-bez-os-90nr0nb1-m009a0-149785216/?c=750000000
"Runa NT1604 15.6"" / 8 Гб / SSD 256 Гб / Win 10 / NT1604";135 000 ₸;/p/runa-nt1604-15-6-8-gb-ssd-256-gb-win-10-nt1604-167212840/?c=750000000
"ASUS ROG Strix G16 16"" / 16 Гб / SSD 1000 Гб / DOS / G614JV-N4071 / 90NR0C61-M005R0";947 663 ₸;/p/asus-rog-strix-g16-16-16-gb-ssd-1000-gb-dos-g614jv-n4071-90nr0c61-m005r0-109460263/?c=750000000
"Acer Acer Gadget E10 ETBook Plus 15.6"" / 8 Гб / SSD 256 Гб / Win 11 / CWI629";299 970 ₸;/p/acer-acer-gadget-e10-etbook-plus-15-6-8-gb-ssd-256-gb-win-11-cwi629-164858868/?c=750000000
"HP Core Ultra 5 125H 15.6"" / 32 Гб / SSD 1000 Гб / Win 11 Pro / 15-fd0134rm";437 365 ₸;/p/hp-core-ultra-5-125h-15-6-32-gb-ssd-1000-gb-win-11-pro-15-fd0134rm-165039918/?c=750000000
"ASUS Zenbook 14 14"" / 32 Гб / SSD 1000 Гб / Win 11 Home / 90NB14W2-M02040";729 890 ₸;/p/asus-zenbook-14-14-32-gb-ssd-1000-gb-win-11-home-90nb14w2-m02040-162993172/?c=750000000
"Lenovo V15 G2 ALC 15.6"" / 8 Гб / SSD 512 Гб / DOS / 82KD0033RU";299 990 ₸;/p/lenovo-v15-g2-alc-15-6-8-gb-ssd-512-gb-dos-82kd0033ru-102159416/?c=750000000
"ASUS VivoBook X1404VA-I38128 14"" / 8 Гб / SSD 256 Гб / Win 11 Pro / 90NB10I1-M015F0";239 989 ₸;/p/asus-vivobook-x1404va-i38128-14-8-gb-ssd-256-gb-win-11-pro-90nb10i1-m015f0-148568761/?c=750000000
"Lenovo IdeaPad 1 15.6"" / 4 Гб / SSD 256 Гб / Без ОС / 15IGL7 / 82V700DGUE";179 188 ₸;/p/lenovo-ideapad-1-15-6-4-gb-ssd-256-gb-bez-os-15igl7-82v700dgue-116460170/?c=750000000
"HP 15-fd0154dm 15.6"" / 16 Гб / SSD 512 Гб / Win 11 / Official Store";329 888 ₸;/p/hp-15-fd0154dm-15-6-16-gb-ssd-512-gb-win-11-official-store-160537727/?c=750000000
"Apple MacBook Air 15.3"" / 24 Гб / SSD 1024 Гб / macOS / MDVC4RU/A";1 299 900 ₸;/p/apple-macbook-air-15-3-24-gb-ssd-1024-gb-macos-mdvc4ru-a-161461967/?c=750000000
"XPLUS GT-R7 15.6"" / 16 Гб / SSD 1000 Гб / Win 11 / WINGH0109YYW09";400 000 ₸;/p/xplus-gt-r7-15-6-16-gb-ssd-1000-gb-win-11-wingh0109yyw09-163581015/?c=750000000
"ASUS Vivobook 15 15.6"" / 8 Гб / SSD 512 Гб / Win 11 / X1504VA-BQ4492W";289 900 ₸;/p/asus-vivobook-15-15-6-8-gb-ssd-512-gb-win-11-x1504va-bq4492w-154458591/?c=750000000
"Lenovo V15 G4 IRU 15.6"" / 16 Гб / SSD 512 Гб / Win 11 Pro / 83A1014VRU";334 993 ₸;/p/lenovo-v15-g4-iru-15-6-16-gb-ssd-512-gb-win-11-pro-83a1014vru-152089012/?c=750000000
"ASUS X1504VA-BQ830W 15.6"" / 16 Гб / SSD 512 Гб / Win 11 Pro / 90NB10T2-M0W470";399 069 ₸;/p/asus-x1504va-bq830w-15-6-16-gb-ssd-512-gb-win-11-pro-90nb10t2-m0w470-149587325/?c=750000000
"HP AI 14-hc0003c 14"" / 16 Гб / SSD 1024 Гб / Без ОС / C0EE5EA";349 990 ₸;/p/hp-ai-14-hc0003c-14-16-gb-ssd-1024-gb-bez-os-c0ee5ea-154747207/?c=750000000
"ASUS ROG Strix G18 G815JMR-S9050A 18"" / 32 Гб / SSD 1000 Гб / Win 11 Pro / 90NR0LE1-M00LC0";1 287 000 ₸;/p/asus-rog-strix-g18-g815jmr-s9050a-18-32-gb-ssd-1000-gb-win-11-pro-90nr0le1-m00lc0-153721046/?c=750000000
"Acer Aspire Lite 15 15.6"" / 16 Гб / SSD 1024 Гб / Без ОС / NX.J7PER.001";429 990 ₸;/p/acer-aspire-lite-15-15-6-16-gb-ssd-1024-gb-bez-os-nx-j7per-001-134790754/?c=750000000
"HP Laptop 15-fd1004nq 15.6"" / 16 Гб / SSD 512 Гб / Win 11 Pro / D0BL3TA#AKE";326 972 ₸;/p/hp-laptop-15-fd1004nq-15-6-16-gb-ssd-512-gb-win-11-pro-d0bl3ta-ake-165039948/?c=750000000
"ASUS Vivobook 15 15.6"" / 8 Гб / SSD 512 Гб / DOS / X1504VA-BQ5207";249 000 ₸;/p/asus-vivobook-15-15-6-8-gb-ssd-512-gb-dos-x1504va-bq5207-160443540/?c=750000000
"Lenovo IdeaPad Slim 3 16IRH10R 16"" / 16 Гб / SSD 1000 Гб / Без ОС / 83K50007RK";399 970 ₸;/p/lenovo-ideapad-slim-3-16irh10r-16-16-gb-ssd-1000-gb-bez-os-83k50007rk-153703419/?c=750000000
"ASUS Vivobook 15 X1504VA-BQ304W 15.6"" / 8 Гб / SSD 512 Гб / Win 11 / 90NB10J1-M040F0";258 139 ₸;/p/asus-vivobook-15-x1504va-bq304w-15-6-8-gb-ssd-512-gb-win-11-90nb10j1-m040f0-147547862/?c=750000000
"Apple MacBook Pro 14 2023 14.2"" / 8 Гб / SSD 512 Гб / macOS / MTL73RU/A";982 400 ₸;/p/apple-macbook-pro-14-2023-14-2-8-gb-ssd-512-gb-macos-mtl73ru-a-114877279/?c=750000000
Acer Nitro V 15 ANV15-41 NH.QSJER.001 R5165SG25N 15.6 16 Гб SSD 512 Гб Без ОС NH.QSJER.001;479 990 ₸;/p/acer-nitro-v-15-anv15-41-nh-qsjer-001-r5165sg25n-15-6-16-gb-ssd-512-gb-bez-os-nh-qsjer-001-121293136/?c=750000000
"ASUS Vivobook 15 M1502YA-BQ607H 15.6"" / 16 Гб / SSD 1000 Гб / Win 11 Pro / 90NB0X22";399 800 ₸;/p/asus-vivobook-15-m1502ya-bq607h-15-6-16-gb-ssd-1000-gb-win-11-pro-90nb0x22-137570876/?c=750000000
"Acer Nitro V 15 15.6"" / 16 Гб / SSD 1000 Гб / Без ОС / ANV15-41 / NH.QSHER.003";599 970 ₸;/p/acer-nitro-v-15-15-6-16-gb-ssd-1000-gb-bez-os-anv15-41-nh-qsher-003-119224737/?c=750000000
"YAMI Notebook L11 14.1"" / 12 Гб / SSD 256 Гб / Win 11 Pro / Notebook L11";137 990 ₸;/p/yami-notebook-l11-14-1-12-gb-ssd-256-gb-win-11-pro-notebook-l11-149099951/?c=750000000
"Huawei MateBook D16 16"" / 16 Гб / SSD 1000 Гб / Без ОС / MitchellG-W5611/DOS";349 990 ₸;/p/huawei-matebook-d16-16-16-gb-ssd-1000-gb-bez-os-mitchellg-w5611-dos-146496946/?c=750000000
"ASUS ROG Strix G16 16"" / 16 Гб / SSD 1024 Гб / DOS / G614JV-N4263 / 90NR0C61-M01050";1 199 925 ₸;/p/asus-rog-strix-g16-16-16-gb-ssd-1024-gb-dos-g614jv-n4263-90nr0c61-m01050-117937033/?c=750000000
"HP Victus 15-fb2082wm 15.6"" / 16 Гб / SSD 1000 Гб / Win 11 Home / 1H852600Q8R";498 699 ₸;/p/hp-victus-15-fb2082wm-15-6-16-gb-ssd-1000-gb-win-11-home-1h852600q8r-149783592/?c=750000000
"ASUS TUF Gaming A15 15.6"" / 8 Гб / SSD 512 Гб / Без ОС / 90NR0JU7-M006T0";429 900 ₸;/p/asus-tuf-gaming-a15-15-6-8-gb-ssd-512-gb-bez-os-90nr0ju7-m006t0-130156561/?c=750000000
"Lenovo IdeaPad Slim 5 16IMH9 16"" / 16 Гб / M.2 512 Гб / Без ОС / 83DC008SRK";800 000 ₸;/p/lenovo-ideapad-slim-5-16imh9-16-16-gb-m-2-512-gb-bez-os-83dc008srk-147249930/?c=750000000
"ASUS Vivobook Go 15 15.6"" / 8 Гб / SSD 256 Гб / Без ОС / 90NB0ZT1-M01260";204 130 ₸;/p/asus-vivobook-go-15-15-6-8-gb-ssd-256-gb-bez-os-90nb0zt1-m01260-133356170/?c=750000000
"Lenovo IdeaPad Slim 3 16IRH10 16"" / 16 Гб / SSD 512 Гб / Без ОС / 83K2000WRK";314 799 ₸;/p/lenovo-ideapad-slim-3-16irh10-16-16-gb-ssd-512-gb-bez-os-83k2000wrk-136932332/?c=750000000
"ASUS Vivobook 15 15.6"" / 8 Гб / SSD 512 Гб / Win 11 Home / X1504ZA-BQ044W / 90NB1022-M00M10";289 887 ₸;/p/asus-vivobook-15-15-6-8-gb-ssd-512-gb-win-11-home-x1504za-bq044w-90nb1022-m00m10-113290032/?c=750000000
"Tohom TK-E159 15.6"" / 8 Гб / SSD 1024 Гб / Win 11 / TK-E159-8-1024";269 000 ₸;/p/tohom-tk-e159-15-6-8-gb-ssd-1024-gb-win-11-tk-e159-8-1024-137444038/?c=750000000
"ASUS TUF Gaming F15 15.6"" / 16 Гб / SSD 512 Гб / DOS / FX507ZC4-HN009 / 90NR0GW1-M000P0";568 956 ₸;/p/asus-tuf-gaming-f15-15-6-16-gb-ssd-512-gb-dos-fx507zc4-hn009-90nr0gw1-m000p0-109259545/?c=750000000
"Lenovo ThinkBook 16 G7 ARP 16"" / 16 Гб / SSD 512 Гб / Без ОС / 21MW000PRU";403 989 ₸;/p/lenovo-thinkbook-16-g7-arp-16-16-gb-ssd-512-gb-bez-os-21mw000pru-144620362/?c=750000000
"Huawei MateBook GT 14 14"" / 16 Гб / SSD 1000 Гб / DOS / EnzoH-W5611T/DOS";529 990 ₸;/p/huawei-matebook-gt-14-14-16-gb-ssd-1000-gb-dos-enzoh-w5611t-dos-160141070/?c=750000000
"Lenovo LOQ 15IRX10 15.6"" / 16 Гб / SSD 1000 Гб / Win 11 Home / 83JE0012US";648 874 ₸;/p/lenovo-loq-15irx10-15-6-16-gb-ssd-1000-gb-win-11-home-83je0012us-159600419/?c=750000000
"Lenovo IdeaPad Slim 3 15AMN8 15.6"" / 8 Гб / SSD 256 Гб / Win 11 / 82XQ00LSRK";259 960 ₸;/p/lenovo-ideapad-slim-3-15amn8-15-6-8-gb-ssd-256-gb-win-11-82xq00lsrk-130016998/?c=750000000
"Lenovo 15IAU7 15.6"" / 24 Гб / SSD 1000 Гб / Win 11 Pro / 83RK0207RK15IAU7";379 001 ₸;/p/lenovo-15iau7-15-6-24-gb-ssd-1000-gb-win-11-pro-83rk0207rk15iau7-156636881/?c=750000000
"HP Victus 15.6"" / 16 Гб / SSD 512 Гб / DOS / 15-fb2027ci / A19GQEA";469 000 ₸;/p/hp-victus-15-6-16-gb-ssd-512-gb-dos-15-fb2027ci-a19gqea-119250104/?c=750000000
"ASUS Vivobook 15 15.6"" / 8 Гб / SSD 512 Гб / Win 11 / X1504ZA-BQ1098W / 90NB1021-M01M30";298 999 ₸;/p/asus-vivobook-15-15-6-8-gb-ssd-512-gb-win-11-x1504za-bq1098w-90nb1021-m01m30-131482464/?c=750000000
"HP 15-fd1152ci 15.6"" / 24 Гб / SSD 512 Гб / Без ОС / CW0K5EA";342 677 ₸;/p/hp-15-fd1152ci-15-6-24-gb-ssd-512-gb-bez-os-cw0k5ea-162969942/?c=750000000
"Apple MacBook Air 13.6"" / 24 Гб / SSD 1024 Гб / macOS / MDHK4RU/A";950 900 ₸;/p/apple-macbook-air-13-6-24-gb-ssd-1024-gb-macos-mdhk4ru-a-161466804/?c=750000000
"Acer Nitro V 15 ANV15-52-511K 15.6"" / 16 Гб / SSD 512 Гб / Без ОС / NH.QZ7ER.001";519 001 ₸;/p/acer-nitro-v-15-anv15-52-511k-15-6-16-gb-ssd-512-gb-bez-os-nh-qz7er-001-148942405/?c=750000000
"HP 15-fc0091ci 15.6"" / 16 Гб / SSD 512 Гб / Win 11 Home / B4ND7EA";329 888 ₸;/p/hp-15-fc0091ci-15-6-16-gb-ssd-512-gb-win-11-home-b4nd7ea-134924824/?c=750000000
"Lenovo 15IRH10 15.3"" / 8 Гб / SSD 512 Гб / Win 11 Pro / 83K1012URK";287 999 ₸;/p/lenovo-15irh10-15-3-8-gb-ssd-512-gb-win-11-pro-83k1012urk-138627083/?c=750000000
"ThundeRobot Range 17 G2 Pro 17.3"" / 16 Гб / SSD 1000 Гб / Без ОС / JT009F00KRU";899 990 ₸;/p/thunderobot-range-17-g2-pro-17-3-16-gb-ssd-1000-gb-bez-os-jt009f00kru-144403368/?c=750000000
"ASUS VivoBook S16 16"" / 16 Гб / SSD 512 Гб / Без ОС / M3607HA-SH086 / 90NB16F2-M005R0";409 990 ₸;/p/asus-vivobook-s16-16-16-gb-ssd-512-gb-bez-os-m3607ha-sh086-90nb16f2-m005r0-143296676/?c=750000000
"HP 15-fd0230wm 15.6"" / 16 Гб / SSD 512 Гб / Win 11 Pro / 920MOE#UUQ";304 131 ₸;/p/hp-15-fd0230wm-15-6-16-gb-ssd-512-gb-win-11-pro-920moe-uuq-161436731/?c=750000000
"Zentek S03 15.6"" / 16 Гб / SSD 512 Гб / Win 10 Pro / ZC156PN9516512KZ";174 250 ₸;/p/zentek-s03-15-6-16-gb-ssd-512-gb-win-10-pro-zc156pn9516512kz-166325032/?c=750000000
"ASUS TUF Gaming F16 16"" / 16 Гб / SSD 512 Гб / Без ОС / 90NR0NA1-M00BH0";669 990 ₸;/p/asus-tuf-gaming-f16-16-16-gb-ssd-512-gb-bez-os-90nr0na1-m00bh0-164365719/?c=750000000
"HP 15s 15.6"" / 8 Гб / SSD 512 Гб / DOS / 15s-eq2102ur / 5R9R3EA";279 888 ₸;/p/hp-15s-15-6-8-gb-ssd-512-gb-dos-15s-eq2102ur-5r9r3ea-107222285/?c=750000000
"ASUS ROG Strix G18 18"" / 32 Гб / SSD 1000 Гб / Без ОС / 90NR0LE1-M00440";1 189 997 ₸;/p/asus-rog-strix-g18-18-32-gb-ssd-1000-gb-bez-os-90nr0le1-m00440-144923961/?c=750000000
"ASUS Vivobook E1504FA 15.6"" / 16 Гб / SSD 512 Гб / Win 11 Pro / 90NB0ZRZ";299 900 ₸;/p/asus-vivobook-e1504fa-15-6-16-gb-ssd-512-gb-win-11-pro-90nb0zrz-153998911/?c=750000000
"Apple MacBook Pro 14.2"" / 24 Гб / SSD 1024 Гб / macOS / MGDN4RU/A";1 480 983 ₸;/p/apple-macbook-pro-14-2-24-gb-ssd-1024-gb-macos-mgdn4ru-a-161471403/?c=750000000
Apple MacBook Air 15 2025 / 16 Гб / SSD 512 Гб / macOS / MW1H3;887 238 ₸;/p/apple-macbook-air-15-2025-16-gb-ssd-512-gb-macos-mw1h3-142645228/?c=750000000
"Acer Aspire 16 16"" / 16 Гб / SSD 512 Гб / Win 11 Pro / NX.J5RER.002O";279 259 ₸;/p/acer-aspire-16-16-16-gb-ssd-512-gb-win-11-pro-nx-j5rer-002o-140908751/?c=750000000
"ASUS TUF Gaming F16 FX608JMI-TU281 16"" / 16 Гб / SSD 512 Гб / Без ОС / 90NR0NB1-M00JR0";719 941 ₸;/p/asus-tuf-gaming-f16-fx608jmi-tu281-16-16-gb-ssd-512-gb-bez-os-90nr0nb1-m00jr0-164293951/?c=750000000
"ASUS X1504VA 15.6"" / 8 Гб / SSD 256 Гб / Win 11 Pro / 90NB10J2-M0WBY0";229 229 ₸;/p/asus-x1504va-15-6-8-gb-ssd-256-gb-win-11-pro-90nb10j2-m0wby0-154166345/?c=750000000
"HONOR MagicBook X 14 GDG-X 14"" / 16 Гб / SSD 512 Гб / Win 11 / 5301ALWU";394 990 ₸;/p/honor-magicbook-x-14-gdg-x-14-16-gb-ssd-512-gb-win-11-5301alwu-134057079/?c=750000000
"HP Victus 15.6"" / 16 Гб / SSD 512 Гб / Win 11 / 15-fa0064ci / 809P5EA";449 888 ₸;/p/hp-victus-15-6-16-gb-ssd-512-gb-win-11-15-fa0064ci-809p5ea-112028161/?c=750000000
"ASUS TUF Gaming A16 16"" / 16 Гб / SSD 512 Гб / Без ОС / 90NR0KS1-M00A00";599 990 ₸;/p/asus-tuf-gaming-a16-16-16-gb-ssd-512-gb-bez-os-90nr0ks1-m00a00-164873719/?c=750000000
"Acer Aspire Go 15 15.6"" / 16 Гб / SSD 1000 Гб / Без ОС / NX.J6SER.001";379 990 ₸;/p/acer-aspire-go-15-15-6-16-gb-ssd-1000-gb-bez-os-nx-j6ser-001-146099622/?c=750000000
"ASUS ROG Strix G16 16"" / 32 Гб / M.2 1000 Гб / DOS / G615JMR-S5206";1 074 686 ₸;/p/asus-rog-strix-g16-16-32-gb-m-2-1000-gb-dos-g615jmr-s5206-155736619/?c=750000000
"ASUS TUF Gaming F16 FA607NU-RL086H 16"" / 16 Гб / SSD 1000 Гб / Win 11 Pro / 90NR0MU3-M0H4S0";599 800 ₸;/p/asus-tuf-gaming-f16-fa607nu-rl086h-16-16-gb-ssd-1000-gb-win-11-pro-90nr0mu3-m0h4s0-145168085/?c=750000000
"ASUS ROG Strix G16 G615JMR-S5192 16"" / 32 Гб / SSD 1024 Гб / Без ОС / 90NR0LB1-M008T0";999 970 ₸;/p/asus-rog-strix-g16-g615jmr-s5192-16-32-gb-ssd-1024-gb-bez-os-90nr0lb1-m008t0-153499547/?c=750000000
"Apple MacBook Pro 16.2"" / 24 Гб / SSD 1024 Гб / macOS / MGE44";1 572 060 ₸;/p/apple-macbook-pro-16-2-24-gb-ssd-1024-gb-macos-mge44-164282322/?c=750000000
"Apple MacBook Pro 14"" / 32 Гб / SSD 1024 Гб / macOS / MJ3E4RU/A";1 471 990 ₸;/p/apple-macbook-pro-14-32-gb-ssd-1024-gb-macos-mj3e4ru-a-161857828/?c=750000000
"Lenovo IdeaPad Slim 3 16IRH10 16"" / 24 Гб / SSD 1000 Гб / Win 11 Pro / 83K28010RK";499 000 ₸;/p/lenovo-ideapad-slim-3-16irh10-16-24-gb-ssd-1000-gb-win-11-pro-83k28010rk-136631681/?c=750000000
"Lenovo Legion 5 15AHP10 15.1"" / 16 Гб / SSD 512 Гб / Без ОС / 83M0003WRK";898 958 ₸;/p/lenovo-legion-5-15ahp10-15-1-16-gb-ssd-512-gb-bez-os-83m0003wrk-144835945/?c=750000000
"Lenovo IdeaPad Slim 3 15IRH8 15.6"" / 8 Гб / SSD 512 Гб / Без ОС / 83EM00J2SA";348 000 ₸;/p/lenovo-ideapad-slim-3-15irh8-15-6-8-gb-ssd-512-gb-bez-os-83em00j2sa-150515440/?c=750000000
"HP 15-fc0140ci 15.6"" / 8 Гб / SSD 512 Гб / Без ОС / BL1Z8EA";259 989 ₸;/p/hp-15-fc0140ci-15-6-8-gb-ssd-512-gb-bez-os-bl1z8ea-138881694/?c=750000000
"Castom GS-AH18 16"" / 32 Гб / SSD 1000 Гб / Win 11 Pro / GS-AH18";849 900 ₸;/p/castom-gs-ah18-16-32-gb-ssd-1000-gb-win-11-pro-gs-ah18-135981815/?c=750000000
"Apple MacBook Air 15.3"" / 24 Гб / SSD 1024 Гб / macOS / MDVF4RU/A";1 163 700 ₸;/p/apple-macbook-air-15-3-24-gb-ssd-1024-gb-macos-mdvf4ru-a-161466132/?c=750000000
"Lenovo IdeaPad 3 15.6"" / 8 Гб / SSD 512 Гб / Win 11 Home / 15IAU7 / 82RK00VARK";229 900 ₸;/p/lenovo-ideapad-3-15-6-8-gb-ssd-512-gb-win-11-home-15iau7-82rk00vark-115972425/?c=750000000
"Zentek S03PRO 16 16"" / 16 Гб / SSD 512 Гб / Win 10 Pro / ZC156PN95";230 000 ₸;/p/zentek-s03pro-16-16-16-gb-ssd-512-gb-win-10-pro-zc156pn95-115681032/?c=750000000
"Apple MacBook Pro 16 2024 16.2"" / 48 Гб / SSD 512 Гб / macOS / MX2U3";1 849 031 ₸;/p/apple-macbook-pro-16-2024-16-2-48-gb-ssd-512-gb-macos-mx2u3-132090082/?c=750000000
"ASUS TUF Gaming A18 18"" / 16 Гб / SSD 512 Гб / Без ОС / 90NR0NN1-M00310";798 990 ₸;/p/asus-tuf-gaming-a18-18-16-gb-ssd-512-gb-bez-os-90nr0nn1-m00310-142582041/?c=750000000
"ASUS TUF Gaming A18 18"" / 16 Гб / SSD 512 Гб / Без ОС / 90NR0NM1-M002J0";699 585 ₸;/p/asus-tuf-gaming-a18-18-16-gb-ssd-512-gb-bez-os-90nr0nm1-m002j0-159644389/?c=750000000
"YERVIEW Y74 15.6"" / 16 Гб / SSD 512 Гб / Win 11 Pro / EE88A723";320 000 ₸;/p/yerview-y74-15-6-16-gb-ssd-512-gb-win-11-pro-ee88a723-153689707/?c=750000000
"ARG YBOOK15 15.6"" / 16 Гб / SSD 512 Гб / Win 11 Pro / YBOOK15";199 990 ₸;/p/arg-ybook15-15-6-16-gb-ssd-512-gb-win-11-pro-ybook15-167123574/?c=750000000
"ASUS ASUS TUF Gaming F16 16"" / 32 Гб / SSD 1000 Гб / Без ОС / FX608JPR-QT093";997 667 ₸;/p/asus-asus-tuf-gaming-f16-16-32-gb-ssd-1000-gb-bez-os-fx608jpr-qt093-149288696/?c=750000000
"Lenovo V15 Gen 4 15.6"" / 16 Гб / SSD 512 Гб / Без ОС / 83A100KLRU";340 000 ₸;/p/lenovo-v15-gen-4-15-6-16-gb-ssd-512-gb-bez-os-83a100klru-124073353/?c=750000000
"Lenovo IdeaPad Slim 3 15IRH10 15.3"" / 16 Гб / SSD 512 Гб / Без ОС / 83K1002VRK";318 999 ₸;/p/lenovo-ideapad-slim-3-15irh10-15-3-16-gb-ssd-512-gb-bez-os-83k1002vrk-136932657/?c=750000000
"ASUS Gaming F16 FX608JMR-RV037 16"" / 16 Гб / SSD 1000 Гб / Без ОС / 90NR0NB1-M002S0";799 887 ₸;/p/asus-gaming-f16-fx608jmr-rv037-16-16-gb-ssd-1000-gb-bez-os-90nr0nb1-m002s0-152835277/?c=750000000
"ASUS Vivobook 15 15.6"" / 8 Гб / SSD 256 Гб / Win 11 / X1504ZA-BQ078W / 90NB1021-M00550";399 903 ₸;/p/asus-vivobook-15-15-6-8-gb-ssd-256-gb-win-11-x1504za-bq078w-90nb1021-m00550-111557548/?c=750000000
"ASUS X1504VA-BQ3122Q 15.6"" / 16 Гб / SSD 1000 Гб / Win 11 Pro / 90NB13Y1-M012H0";368 999 ₸;/p/asus-x1504va-bq3122q-15-6-16-gb-ssd-1000-gb-win-11-pro-90nb13y1-m012h0-144511861/?c=750000000
"Acer Aspire 15.6"" / 16 Гб / SSD 512 Гб / Win 11 Pro / NX.D62ER.001";270 000 ₸;/p/acer-aspire-15-6-16-gb-ssd-512-gb-win-11-pro-nx-d62er-001-161428348/?c=750000000
"ASUS Vivobook 15 X1504VA-BQ5273 15.6"" / 16 Гб / SSD 512 Гб / Без ОС / 90NB13Y2-M037X0";309 900 ₸;/p/asus-vivobook-15-x1504va-bq5273-15-6-16-gb-ssd-512-gb-bez-os-90nb13y2-m037x0-159384105/?c=750000000
"ASUS TUF Gaming A15 15.6"" / 16 Гб / SSD 512 Гб / Без ОС / 90NR0QE7-M001B0";439 000 ₸;/p/asus-tuf-gaming-a15-15-6-16-gb-ssd-512-gb-bez-os-90nr0qe7-m001b0-160919657/?c=750000000
"Lenovo IdeaPad 3 15.6"" / 8 Гб / HDD 1024 Гб / DOS / 15ALC6 / 82KU009GRK";263 570 ₸;/p/lenovo-ideapad-3-15-6-8-gb-hdd-1024-gb-dos-15alc6-82ku009grk-105475028/?c=750000000
"Lenovo V15 G4 IRU 15.6"" / 16 Гб / SSD 512 Гб / Без ОС / 83A100Q3RU";329 000 ₸;/p/lenovo-v15-g4-iru-15-6-16-gb-ssd-512-gb-bez-os-83a100q3ru-133470687/?c=750000000
"Lenovo 15IAU7 15.6"" / 8 Гб / SSD 512 Гб / Win 11 / 82RK016WRK";239 900 ₸;/p/lenovo-15iau7-15-6-8-gb-ssd-512-gb-win-11-82rk016wrk-122529610/?c=750000000
"Lenovo Legion 7 16IAX10 16"" / 32 Гб / SSD 1000 Гб / Win 11 Home / 83KY0007US";1 159 990 ₸;/p/lenovo-legion-7-16iax10-16-32-gb-ssd-1000-gb-win-11-home-83ky0007us-157487762/?c=750000000
"Acer Nitro Lite 16"" / 16 Гб / SSD 512 Гб / DOS / NH.D2AER.002";399 990 ₸;/p/acer-nitro-lite-16-16-gb-ssd-512-gb-dos-nh-d2aer-002-165657336/?c=750000000
"ASUS Vivobook 90NB10N2 16"" / 16 Гб / SSD 1000 Гб / Win 11 Pro / X1605VA-MB1698I";448 999 ₸;/p/asus-vivobook-90nb10n2-16-16-gb-ssd-1000-gb-win-11-pro-x1605va-mb1698i-136943813/?c=750000000
"Apple MacBook Pro 14 2023 14.2"" / 8 Гб / SSD 512 Гб / macOS / MTL73";699 744 ₸;/p/apple-macbook-pro-14-2023-14-2-8-gb-ssd-512-gb-macos-mtl73-137244838/?c=750000000
"HP 15-FA1082WM 15.6"" / 16 Гб / SSD 512 Гб / Win 11 / A2BZ7UA";462 916 ₸;/p/hp-15-fa1082wm-15-6-16-gb-ssd-512-gb-win-11-a2bz7ua-135369336/?c=750000000
"Runa NT1608 15.6"" / 16 Гб / SSD 512 Гб / Win 11 / NT1608";350 000 ₸;/p/runa-nt1608-15-6-16-gb-ssd-512-gb-win-11-nt1608-168962205/?c=750000000
"ASUS TUF Gaming F16 FX608JPR-WH74 16"" / 16 Гб / SSD 1000 Гб / Win 11 / 90NR0NG1-M00620";937 777 ₸;/p/asus-tuf-gaming-f16-fx608jpr-wh74-16-16-gb-ssd-1000-gb-win-11-90nr0ng1-m00620-155744914/?c=750000000
"ASUS ROG Strix SCAR 18 18"" / 32 Гб / SSD 1024 Гб / Без ОС / G835LW-SA037 / 90NR0LI1-M001C0";2 057 780 ₸;/p/asus-rog-strix-scar-18-18-32-gb-ssd-1024-gb-bez-os-g835lw-sa037-90nr0li1-m001c0-137072098/?c=750000000
"Apple MacBook Air 13 2024 13.6"" / 8 Гб / SSD 512 Гб / macOS / MRXR3";900 000 ₸;/p/apple-macbook-air-13-2024-13-6-8-gb-ssd-512-gb-macos-mrxr3-120290895/?c=750000000
"Apple MacBook Air 13 2024 13.6"" / 16 Гб / SSD 512 Гб / macOS / MXCU3RU/A";715 510 ₸;/p/apple-macbook-air-13-2024-13-6-16-gb-ssd-512-gb-macos-mxcu3ru-a-118212872/?c=750000000
"Lenovo Lenovo Legion 5 Pro 16"" / 16 Гб / M.2 1024 Гб / Win 11 Home / 83LT000BCD";1 050 000 ₸;/p/lenovo-lenovo-legion-5-pro-16-16-gb-m-2-1024-gb-win-11-home-83lt000bcd-151732006/?c=750000000
"Lenovo V15 15.6"" / 16 Гб / SSD 512 Гб / Без ОС / 82YU0172RU";369 885 ₸;/p/lenovo-v15-15-6-16-gb-ssd-512-gb-bez-os-82yu0172ru-148440640/?c=750000000
"ASUS Zenbook 14 14"" / 16 Гб / SSD 512 Гб / Без ОС / 90NB17R1-M006L0";559 990 ₸;/p/asus-zenbook-14-14-16-gb-ssd-512-gb-bez-os-90nb17r1-m006l0-154751895/?c=750000000
"Lenovo V15 G4 IRU 15.6"" / 16 Гб / SSD 512 Гб / DOS / 83A100A5RU";319 990 ₸;/p/lenovo-v15-g4-iru-15-6-16-gb-ssd-512-gb-dos-83a100a5ru-120928308/?c=750000000
"Lenovo LOQ 15AHP10 15.6"" / 16 Гб / SSD 512 Гб / DOS / 83JG000VRK";589 990 ₸;/p/lenovo-loq-15ahp10-15-6-16-gb-ssd-512-gb-dos-83jg000vrk-156707105/?c=750000000
"Tokio Dream Work Series 14"" / 4 Гб / eMMC 64 Гб / Win 11 / 256716";79 999 ₸;/p/tokio-dream-work-series-14-4-gb-emmc-64-gb-win-11-256716-164707011/?c=750000000
"MECHREVO Dragon 16Pro 16"" / 32 Гб / SSD 1000 Гб / Win 11 / 5000025300";919 989 ₸;/p/mechrevo-dragon-16pro-16-32-gb-ssd-1000-gb-win-11-5000025300-157745262/?c=750000000
"ASUS TUF F16 16"" / 16 Гб / SSD 512 Гб / Без ОС / 90NR0MZ6-M002N0";459 899 ₸;/p/asus-tuf-f16-16-16-gb-ssd-512-gb-bez-os-90nr0mz6-m002n0-144233372/?c=750000000
"ASUS TUF Gaming F17 17.3"" / 16 Гб / SSD 512 Гб / Без ОС / 90NR0MY5-M003S0";419 990 ₸;/p/asus-tuf-gaming-f17-17-3-16-gb-ssd-512-gb-bez-os-90nr0my5-m003s0-159644299/?c=750000000
"HP 15-fd0195ci 15.6"" / 16 Гб / SSD 512 Гб / DOS / A9DU1EA#UUQ";303 999 ₸;/p/hp-15-fd0195ci-15-6-16-gb-ssd-512-gb-dos-a9du1ea-uuq-122276542/?c=750000000
"Tokio Dream Book 14"" / 4 Гб / eMMC 64 Гб / Win 10 / 955637151 + подарок";86 970 ₸;/p/tokio-dream-book-14-4-gb-emmc-64-gb-win-10-955637151-podarok-166693735/?c=750000000
"ASUS X1504VA 15.6"" / 12 Гб / SSD 256 Гб / Win 11 Pro / 90NB10J2-M0TBY0";249 900 ₸;/p/asus-x1504va-15-6-12-gb-ssd-256-gb-win-11-pro-90nb10j2-m0tby0-154166449/?c=750000000
"Lenovo IdeaPad Slim 3 15.3"" / 16 Гб / SSD 512 Гб / Без ОС / 83K700HRRK";369 350 ₸;/p/lenovo-ideapad-slim-3-15-3-16-gb-ssd-512-gb-bez-os-83k700hrrk-165078899/?c=750000000
"Acer Aspire 3 A315-59-52X6 15.6"" / 8 Гб / SSD 512 Гб / Win 11 Pro / NX.K6TER.09W";288 999 ₸;/p/acer-aspire-3-a315-59-52x6-15-6-8-gb-ssd-512-gb-win-11-pro-nx-k6ter-09w-132845466/?c=750000000
"HP 15-fd0154pm 15.6"" / 12 Гб / SSD 512 Гб / Win 11 / Official Store";299 888 ₸;/p/hp-15-fd0154pm-15-6-12-gb-ssd-512-gb-win-11-official-store-160537645/?c=750000000
"Lenovo LOQ 15IRX9 15.6"" / 16 Гб / SSD 1000 Гб / Win 11 Pro / 83DV03CHRK";499 900 ₸;/p/lenovo-loq-15irx9-15-6-16-gb-ssd-1000-gb-win-11-pro-83dv03chrk-156245094/?c=750000000
"HP 15-FD0118CI 15.6"" / 16 Гб / SSD 512 Гб / DOS / A2LR2EA";298 658 ₸;/p/hp-15-fd0118ci-15-6-16-gb-ssd-512-gb-dos-a2lr2ea-122025205/?c=750000000
"ASUS ExpertBook P1403CVA-S61831G 14"" / 32 Гб / SSD 1000 Гб / Win 11 Pro / 90NX0871-M0G2U0";599 900 ₸;/p/asus-expertbook-p1403cva-s61831g-14-32-gb-ssd-1000-gb-win-11-pro-90nx0871-m0g2u0-157415601/?c=750000000
"ASUS FX707VJ-HX006F 17.3"" / 40 Гб / SSD 1000 Гб / Win 11 Pro / 90NR0MYS-M00060";681 515 ₸;/p/asus-fx707vj-hx006f-17-3-40-gb-ssd-1000-gb-win-11-pro-90nr0mys-m00060-143568575/?c=750000000
"Lenovo IdeaPad Slim 3 16IRH10 16"" / 16 Гб / SSD 512 Гб / Win 11 Pro / 83K21010RK";389 900 ₸;/p/lenovo-ideapad-slim-3-16irh10-16-16-gb-ssd-512-gb-win-11-pro-83k21010rk-136631395/?c=750000000
"ASUS Vivobook 17 17.3"" / 16 Гб / SSD 512 Гб / Без ОС / 90NB13X2-M00NH0";379 000 ₸;/p/asus-vivobook-17-17-3-16-gb-ssd-512-gb-bez-os-90nb13x2-m00nh0-164643738/?c=750000000
"Lenovo V15 G5 15.6"" / 16 Гб / SSD 512 Гб / Без ОС / 83GW009NFW";379 789 ₸;/p/lenovo-v15-g5-15-6-16-gb-ssd-512-gb-bez-os-83gw009nfw-149497906/?c=750000000
"ASUS TUF F16 16"" / 16 Гб / SSD 1024 Гб / Без ОС / 90NR0MJ1-M000L0";949 990 ₸;/p/asus-tuf-f16-16-16-gb-ssd-1024-gb-bez-os-90nr0mj1-m000l0-147496138/?c=750000000
"HP 15-fd0117ci 15.6"" / 8 Гб / SSD 512 Гб / Win 11 / AF6D1EA#UUQ";259 999 ₸;/p/hp-15-fd0117ci-15-6-8-gb-ssd-512-gb-win-11-af6d1ea-uuq-128650608/?c=750000000
"ASUS TUF Gaming 16"" / 16 Гб / SSD 512 Гб / Без ОС / 90NR0KS1-M00A10";699 990 ₸;/p/asus-tuf-gaming-16-16-gb-ssd-512-gb-bez-os-90nr0ks1-m00a10-163484783/?c=750000000
"Apple MacBook Air 13.6"" / 16 Гб / SSD 1024 Гб / macOS / MDH84RU/A";879 232 ₸;/p/apple-macbook-air-13-6-16-gb-ssd-1024-gb-macos-mdh84ru-a-161466956/?c=750000000
"Acer TravelMateP2 TMP215-54 15.6"" / 8 Гб / SSD 256 Гб / Без ОС / NX.VVSEK.001";249 900 ₸;/p/acer-travelmatep2-tmp215-54-15-6-8-gb-ssd-256-gb-bez-os-nx-vvsek-001-154523700/?c=750000000
"Acer Aspire Lite 14"" / 8 Гб / SSD 256 Гб / Win 11 Pro / NX.D2ZEM.001";299 999 ₸;/p/acer-aspire-lite-14-8-gb-ssd-256-gb-win-11-pro-nx-d2zem-001-158578186/?c=750000000
"Acer Aspire Lite 15.6"" / 16 Гб / SSD 512 Гб / Win 11 Pro / R3165SUN1";279 999 ₸;/p/acer-aspire-lite-15-6-16-gb-ssd-512-gb-win-11-pro-r3165sun1-154680299/?c=750000000
"Acer Aspire AL15-72P-57BW 15.6"" / 16 Гб / SSD 512 Гб / Win 11 Pro / NX.D5HER.001Q";328 999 ₸;/p/acer-aspire-al15-72p-57bw-15-6-16-gb-ssd-512-gb-win-11-pro-nx-d5her-001q-152095998/?c=750000000
"ASUS TUF Gaming F17 17.3"" / 16 Гб / SSD 512 Гб / DOS / FX707ZC4-HX095 / 90NR0GX1-M006F0";477 990 ₸;/p/asus-tuf-gaming-f17-17-3-16-gb-ssd-512-gb-dos-fx707zc4-hx095-90nr0gx1-m006f0-117507147/?c=750000000
"Lenovo Yoga Slim 7 14ILL10 14"" / 16 Гб / SSD 1000 Гб / Win 11 Home / 83JX000HRK";678 990 ₸;/p/lenovo-yoga-slim-7-14ill10-14-16-gb-ssd-1000-gb-win-11-home-83jx000hrk-139303252/?c=750000000
"HP 15-fd0830ci 15.6"" / 8 Гб / SSD 512 Гб / Win 11 Pro / 920WOE#UUQ";257 024 ₸;/p/hp-15-fd0830ci-15-6-8-gb-ssd-512-gb-win-11-pro-920woe-uuq-133799367/?c=750000000
"Apple MacBook Air 13 2024 13.6"" / 16 Гб / SSD 512 Гб / macOS / MXCV3RU/A";999 990 ₸;/p/apple-macbook-air-13-2024-13-6-16-gb-ssd-512-gb-macos-mxcv3ru-a-117789830/?c=750000000
"MECHREVO 16 Pro 16"" / 32 Гб / M.2 1000 Гб / Win 11 Pro / R98940HXGT7JB0BN";1 088 036 ₸;/p/mechrevo-16-pro-16-32-gb-m-2-1000-gb-win-11-pro-r98940hxgt7jb0bn-147247301/?c=750000000
"Apple MacBook Air 15 2024 15.3"" / 24 Гб / SSD 512 Гб / macOS / MC9L4RU/A";999 890 ₸;/p/apple-macbook-air-15-2024-15-3-24-gb-ssd-512-gb-macos-mc9l4ru-a-132430542/?c=750000000
"Lenovo IdeaPad Slim 3 15IRH10R 15.3"" / 16 Гб / SSD 1000 Гб / Без ОС / 83K4000ERK";349 990 ₸;/p/lenovo-ideapad-slim-3-15irh10r-15-3-16-gb-ssd-1000-gb-bez-os-83k4000erk-138883596/?c=750000000
"ASUS Vivobook 15 15.6"" / 24 Гб / SSD 1024 Гб / Win 11 Pro / X1504ZA-BQ274ZW / 90NB1022-M0ZCW0";399 990 ₸;/p/asus-vivobook-15-15-6-24-gb-ssd-1024-gb-win-11-pro-x1504za-bq274zw-90nb1022-m0zcw0-118709287/?c=750000000
"Lenovo IdeaPad Slim 3 15IRH10 15.3"" / 24 Гб / SSD 512 Гб / Win 11 Pro / 83K1902WRK";449 900 ₸;/p/lenovo-ideapad-slim-3-15irh10-15-3-24-gb-ssd-512-gb-win-11-pro-83k1902wrk-134801306/?c=750000000
"Lenovo V15 G4 IRU 15.6"" / 8 Гб / SSD 256 Гб / DOS / 83A10055RU";230 973 ₸;/p/lenovo-v15-g4-iru-15-6-8-gb-ssd-256-gb-dos-83a10055ru-120928344/?c=750000000
"HP 15-fb2082hm 15.6"" / 24 Гб / SSD 1000 Гб / Win 11 / BQ5EQ10UA";549 888 ₸;/p/hp-15-fb2082hm-15-6-24-gb-ssd-1000-gb-win-11-bq5eq10ua-157710469/?c=750000000
"Acer Nitro V 14 ANV14-61 14.5"" / 16 Гб / SSD 512 Гб / Без ОС / NH.QU6ER.002";500 957 ₸;/p/acer-nitro-v-14-anv14-61-14-5-16-gb-ssd-512-gb-bez-os-nh-qu6er-002-130580963/?c=750000000
"ASUS VivoBook 15 X1504VA-BQ590 15.6"" / 16 Гб / SSD 512 Гб / Без ОС / 90NB13Y1-M00X70";299 989 ₸;/p/asus-vivobook-15-x1504va-bq590-15-6-16-gb-ssd-512-gb-bez-os-90nb13y1-m00x70-148704083/?c=750000000
"ASUS Vivobook X1404VA-EB1183 14"" / 16 Гб / SSD 512 Гб / Win 11 Pro / 90NB15U2-M00J80";319 990 ₸;/p/asus-vivobook-x1404va-eb1183-14-16-gb-ssd-512-gb-win-11-pro-90nb15u2-m00j80-165749937/?c=750000000
"Great Asia E156 15.6"" / 16 Гб / SSD 256 Гб / Win 11 / TK-E156";249 000 ₸;/p/great-asia-e156-15-6-16-gb-ssd-256-gb-win-11-tk-e156-119858931/?c=750000000
"ASUS Zenbook 14 UX3405CA-QD1373 14"" / 16 Гб / SSD 512 Гб / Без ОС / 90NB14W2-M020S0";499 990 ₸;/p/asus-zenbook-14-ux3405ca-qd1373-14-16-gb-ssd-512-gb-bez-os-90nb14w2-m020s0-163321883/?c=750000000
"ASUS ROG Zephyrus G14 14"" / 32 Гб / SSD 1024 Гб / DOS / 90NR0QL2-M000V0";1 279 790 ₸;/p/asus-rog-zephyrus-g14-14-32-gb-ssd-1024-gb-dos-90nr0ql2-m000v0-163323581/?c=750000000
"GIGABYTE AERO X16 COPILOT+ PC 16"" / 32 Гб / SSD 1000 Гб / Win 11 Home / 1WH93KZC64DH";1 253 031 ₸;/p/gigabyte-aero-x16-copilot-pc-16-32-gb-ssd-1000-gb-win-11-home-1wh93kzc64dh-140650317/?c=750000000
Apple MacBook Air 15 2025 / 16 Гб / SSD 512 Гб / macOS / MW1H3RU/A;889 900 ₸;/p/apple-macbook-air-15-2025-16-gb-ssd-512-gb-macos-mw1h3ru-a-138172128/?c=750000000
"Lenovo Yoga Slim 14"" / 16 Гб / SSD 1024 Гб / Win 11 / 83JX000GRK";649 234 ₸;/p/lenovo-yoga-slim-14-16-gb-ssd-1024-gb-win-11-83jx000grk-139159241/?c=750000000
"ASUS S3607VA-RP011Q 16"" / 16 Гб / SSD 1000 Гб / Win 11 Pro / 90NB1671-M0Q4V0";489 000 ₸;/p/asus-s3607va-rp011q-16-16-gb-ssd-1000-gb-win-11-pro-90nb1671-m0q4v0-154899845/?c=750000000
"Acer Aspire Lite AL15-31P-C1CS 15.6"" / 8 Гб / SSD 256 Гб / Без ОС / NX.KZ7ER.003";220 000 ₸;/p/acer-aspire-lite-al15-31p-c1cs-15-6-8-gb-ssd-256-gb-bez-os-nx-kz7er-003-130096930/?c=750000000
"Lenovo V15 G4 AMN 15.6"" / 8 Гб / SSD 256 Гб / DOS / 82YU00VJRU";199 990 ₸;/p/lenovo-v15-g4-amn-15-6-8-gb-ssd-256-gb-dos-82yu00vjru-113820358/?c=750000000
"Apple MacBook Air 13 2024 13.6"" / 16 Гб / SSD 256 Гб / macOS / MC8G4RU/A";833 990 ₸;/p/apple-macbook-air-13-2024-13-6-16-gb-ssd-256-gb-macos-mc8g4ru-a-131309008/?c=750000000
"ASUS TUF Gaming A15 15.6"" / 16 Гб / SSD 512 Гб / Win 11 Pro / FA507NU-LP031W / 90NR0EB5-M0W3D0";549 894 ₸;/p/asus-tuf-gaming-a15-15-6-16-gb-ssd-512-gb-win-11-pro-fa507nu-lp031w-90nr0eb5-m0w3d0-119275315/?c=750000000
"ASUS ROG Strix G16 16"" / 16 Гб / SSD 1024 Гб / Без ОС / 90NR0LL1-M001B0";869 989 ₸;/p/asus-rog-strix-g16-16-16-gb-ssd-1024-gb-bez-os-90nr0ll1-m001b0-144043910/?c=750000000
"Tohom TK-E159 15.6"" / 16 Гб / SSD 2048 Гб / Win 11 / TK-E159-16-2048";369 000 ₸;/p/tohom-tk-e159-15-6-16-gb-ssd-2048-gb-win-11-tk-e159-16-2048-137444432/?c=750000000
"Acer Aspire Go 15 15.6"" / 16 Гб / SSD 512 Гб / Без ОС / NX.JDCER.002";325 835 ₸;/p/acer-aspire-go-15-15-6-16-gb-ssd-512-gb-bez-os-nx-jdcer-002-149602607/?c=750000000
"ASUS Vivobook 15 15.6"" / 16 Гб / SSD 512 Гб / Win 11 / 90NB1022-M02DK0";307 990 ₸;/p/asus-vivobook-15-15-6-16-gb-ssd-512-gb-win-11-90nb1022-m02dk0-131961475/?c=750000000
"ASUS Vivobook 15 15.6"" / 16 Гб / SSD 512 Гб / Без ОС / 90NB10T2-M01470";395 498 ₸;/p/asus-vivobook-15-15-6-16-gb-ssd-512-gb-bez-os-90nb10t2-m01470-135150328/?c=750000000
"FIREBAT B16 16"" / 16 Гб / SSD 512 Гб / Win 11 / 5R7G16F8";529 990 ₸;/p/firebat-b16-16-16-gb-ssd-512-gb-win-11-5r7g16f8-145352970/?c=750000000
"ASUS Vivobook S 14 14"" / 16 Гб / SSD 512 Гб / DOS / M5406NA-QD079 / 90NB1493-M003M0";450 438 ₸;/p/asus-vivobook-s-14-14-16-gb-ssd-512-gb-dos-m5406na-qd079-90nb1493-m003m0-118049994/?c=750000000
"Chuwi GemiBook XPro CWI574-N100 14.1"" / 8 Гб / SSD 256 Гб / Win 11 / CWI574-N100";199 999 ₸;/p/chuwi-gemibook-xpro-cwi574-n100-14-1-8-gb-ssd-256-gb-win-11-cwi574-n100-112047029/?c=750000000
"Chuwi MiniBook X 10.51"" / 12 Гб / SSD 512 Гб / Win 11 Home / CWI558-PN2N5N1HDMXX + подарок";219 990 ₸;/p/chuwi-minibook-x-10-51-12-gb-ssd-512-gb-win-11-home-cwi558-pn2n5n1hdmxx-podarok-160370606/?c=750000000
"Great Asia TK-E159 15.6"" / 16 Гб / SSD 1024 Гб / Win 11 / E159-06657";209 898 ₸;/p/great-asia-tk-e159-15-6-16-gb-ssd-1024-gb-win-11-e159-06657-119874771/?c=750000000
"ASUS Vivobook 15 15.6"" / 24 Гб / SSD 1000 Гб / Win 11 Pro / X1504ZA-BQ792HW / 90NB1022-M01HW0";438 011 ₸;/p/asus-vivobook-15-15-6-24-gb-ssd-1000-gb-win-11-pro-x1504za-bq792hw-90nb1022-m01hw0-117475198/?c=750000000
"ASUS TUF Gaming A15 15.6"" / 16 Гб / M.2 512 Гб / Win 11 Pro / 90NR0QE7-M001A0";449 557 ₸;/p/asus-tuf-gaming-a15-15-6-16-gb-m-2-512-gb-win-11-pro-90nr0qe7-m001a0-162269123/?c=750000000
"Apple MacBook Air 2026 M5 13.6"" / 16 Гб / SSD 1024 Гб / macOS / MDH84";790 000 ₸;/p/apple-macbook-air-2026-m5-13-6-16-gb-ssd-1024-gb-macos-mdh84-164282993/?c=750000000
"HP 15-fc0287ci 15.6"" / 8 Гб / SSD 512 Гб / Win 11 Pro / B41С9EA#UUQ";269 999 ₸;/p/hp-15-fc0287ci-15-6-8-gb-ssd-512-gb-win-11-pro-b41s9ea-uuq-132106988/?c=750000000
"Apple MacBook Air 15.3"" / 16 Гб / SSD 1024 Гб / macOS / MDVK4RU/A";1 014 370 ₸;/p/apple-macbook-air-15-3-16-gb-ssd-1024-gb-macos-mdvk4ru-a-161463736/?c=750000000
"ASUS 14"" / 4 Гб / HDD 128 Гб / Win 10 / E410MA / 90NB0Q16-M05550";149 990 ₸;/p/asus-14-4-gb-hdd-128-gb-win-10-e410ma-90nb0q16-m05550-100909171/?c=750000000
"ASUS TUF Gaming A16 16"" / 16 Гб / SSD 512 Гб / Без ОС / 90NR0KV1-M00BC0";633 990 ₸;/p/asus-tuf-gaming-a16-16-16-gb-ssd-512-gb-bez-os-90nr0kv1-m00bc0-164873736/?c=750000000
"Lenovo Lenovo Loq 15ARP9 15.6"" / 12 Гб / SSD 512 Гб / Win 11 Home / 83JC00GKUS";528 504 ₸;/p/lenovo-lenovo-loq-15arp9-15-6-12-gb-ssd-512-gb-win-11-home-83jc00gkus-149593840/?c=750000000
"Great Asia TK-E158 15.6"" / 12 Гб / SSD 1024 Гб / Win 11 / TK-E158-06839";326 000 ₸;/p/great-asia-tk-e158-15-6-12-gb-ssd-1024-gb-win-11-tk-e158-06839-113606271/?c=750000000
"ASUS VivoBook X1404VA-I38128 14"" / 24 Гб / SSD 1000 Гб / Win 11 Pro / 90NB10I1-M00F0";359 990 ₸;/p/asus-vivobook-x1404va-i38128-14-24-gb-ssd-1000-gb-win-11-pro-90nb10i1-m00f0-161044333/?c=750000000
"ASUS ROG Strix G16 G614PP-S5040 16"" / 32 Гб / SSD 1024 Гб / Без ОС / 90NR0L67-M001M0";1 054 990 ₸;/p/asus-rog-strix-g16-g614pp-s5040-16-32-gb-ssd-1024-gb-bez-os-90nr0l67-m001m0-144674999/?c=750000000
"ASUS TUF Gaming F16 Intel Core i5 14450HX 16 GB / SSD 512GB / RTX 5060 8GB / NO OS / 90NR0NB1-M00DK0 16"" / 16 Гб / SSD 512 Гб / Без ОС / 90NR0NB1-M00DK0";729 990 ₸;/p/asus-tuf-gaming-f16-intel-core-i5-14450hx-16-gb-ssd-512gb-rtx-5060-8gb-no-os-90nr0nb1-m00dk0-16-16-gb-ssd-512-gb-bez-os-90nr0nb1-m00dk0-164361670/?c=750000000
"Lenovo V15 G4 AMN 15.6"" / 16 Гб / SSD 512 Гб / DOS / 82YU012ARU";297 870 ₸;/p/lenovo-v15-g4-amn-15-6-16-gb-ssd-512-gb-dos-82yu012aru-158022339/?c=750000000
"HP 15-fd0215dx Touch Screen 15.6"" / 16 Гб / SSD 512 Гб / Win 11 Home / C0CN6UA#ABA";329 900 ₸;/p/hp-15-fd0215dx-touch-screen-15-6-16-gb-ssd-512-gb-win-11-home-c0cn6ua-aba-151988177/?c=750000000
"ASUS ROG Strix G18 18"" / 16 Гб / SSD 1024 Гб / DOS / G814JV-N6168 / 90NR0CM1-M00BC0";898 800 ₸;/p/asus-rog-strix-g18-18-16-gb-ssd-1024-gb-dos-g814jv-n6168-90nr0cm1-m00bc0-118347520/?c=750000000
"Huawei MateBook D 16"" / 8 Гб / SSD 512 Гб / Win 11 Home / 53014CNC";339 985 ₸;/p/huawei-matebook-d-16-8-gb-ssd-512-gb-win-11-home-53014cnc-132815455/?c=750000000
"Acer AL15-72P 15.6"" / 16 Гб / SSD 1024 Гб / Без ОС / NX.D5GER.002";369 990 ₸;/p/acer-al15-72p-15-6-16-gb-ssd-1024-gb-bez-os-nx-d5ger-002-154947385/?c=750000000
"ThundeRobot Hunter Blade 16 16"" / 32 Гб / SSD 1000 Гб / Win 11 Pro / R16I7136HX57C1Q300RG";929 764 ₸;/p/thunderobot-hunter-blade-16-16-32-gb-ssd-1000-gb-win-11-pro-r16i7136hx57c1q300rg-153932175/?c=750000000
"ASUS Vivobook S 14 S3407CA-LY014W 14"" / 16 Гб / SSD 512 Гб / Win 11 / 90NB16J1-M00640";488 990 ₸;/p/asus-vivobook-s-14-s3407ca-ly014w-14-16-gb-ssd-512-gb-win-11-90nb16j1-m00640-151612564/?c=750000000
"Apple MacBook Air 13.6"" / 24 Гб / SSD 1024 Гб / macOS / MDHD4RU/A";973 390 ₸;/p/apple-macbook-air-13-6-24-gb-ssd-1024-gb-macos-mdhd4ru-a-161462159/?c=750000000
"ASUS ExpertBook P1403CVA-S61831T 14"" / 24 Гб / SSD 512 Гб / Win 11 Pro / 90NX0871-M0T2U0";499 900 ₸;/p/asus-expertbook-p1403cva-s61831t-14-24-gb-ssd-512-gb-win-11-pro-90nx0871-m0t2u0-157414675/?c=750000000
"Lenovo IdeaPad 1 15IJL7 15.6"" / 16 Гб / SSD 512 Гб / Win 11 Home / 0198155534659";265 475 ₸;/p/lenovo-ideapad-1-15ijl7-15-6-16-gb-ssd-512-gb-win-11-home-0198155534659-136185259/?c=750000000
"ASUS TUF Gaming A18 18"" / 32 Гб / SSD 1000 Гб / Без ОС / 90NR0NL1-M001L0";979 000 ₸;/p/asus-tuf-gaming-a18-18-32-gb-ssd-1000-gb-bez-os-90nr0nl1-m001l0-142719988/?c=750000000
"ASUS ROG Strix G16 16"" / 16 Гб / SSD 512 Гб / Без ОС / G614JU-N3492 / 90NR0CC1-M012L0";699 990 ₸;/p/asus-rog-strix-g16-16-16-gb-ssd-512-gb-bez-os-g614ju-n3492-90nr0cc1-m012l0-134726976/?c=750000000
"ASUS X1504VA-BQ982J 15.6"" / 24 Гб / SSD 512 Гб / Win 11 Pro / 90NB10T2-M0JAZ0";439 364 ₸;/p/asus-x1504va-bq982j-15-6-24-gb-ssd-512-gb-win-11-pro-90nb10t2-m0jaz0-154166079/?c=750000000
"Lenovo Ideapad 3 15IAU7 15.6"" / 16 Гб / SSD 1000 Гб / Win 11 Pro / 82RK1730RK";382 835 ₸;/p/lenovo-ideapad-3-15iau7-15-6-16-gb-ssd-1000-gb-win-11-pro-82rk1730rk-123226616/?c=750000000
"Acer Acer Aspire Lite AL16-54P-5213 16"" / 8 Гб / SSD 512 Гб / Без ОС / NX.D75ER.002";288 000 ₸;/p/acer-acer-aspire-lite-al16-54p-5213-16-8-gb-ssd-512-gb-bez-os-nx-d75er-002-157689379/?c=750000000
"Acer Predator Helios Neo 16 AI 16"" / 32 Гб / SSD 1024 Гб / Win 11 Home / NH.U0UAA.001";1 266 898 ₸;/p/acer-predator-helios-neo-16-ai-16-32-gb-ssd-1024-gb-win-11-home-nh-u0uaa-001-161880061/?c=750000000
"ASUS ASUS TUF Gaming F16 16"" / 16 Гб / SSD 1000 Гб / Без ОС / FX608JM-RV041";749 000 ₸;/p/asus-asus-tuf-gaming-f16-16-16-gb-ssd-1000-gb-bez-os-fx608jm-rv041-149288698/?c=750000000
"ASUS TUF Gaming F17 / FX707VJ-HX006E 17.3"" / 16 Гб / SSD 2000 Гб / Win 11 Pro / 90NR0MYS-M00060";584 217 ₸;/p/asus-tuf-gaming-f17-fx707vj-hx006e-17-3-16-gb-ssd-2000-gb-win-11-pro-90nr0mys-m00060-143568537/?c=750000000
"HP 15-fd0107ei 15.6"" / 8 Гб / SSD 1000 Гб / Win 11 Pro / 9U4C8EA#UUQ";314 980 ₸;/p/hp-15-fd0107ei-15-6-8-gb-ssd-1000-gb-win-11-pro-9u4c8ea-uuq-138844547/?c=750000000
"HYDRA Home H21 15.6"" / 12 Гб / SSD 512 Гб / Win 11 / H21";300 000 ₸;/p/hydra-home-h21-15-6-12-gb-ssd-512-gb-win-11-h21-166203584/?c=750000000
"Lenovo IdeaPad Slim 3 16IRH10 16"" / 24 Гб / SSD 1000 Гб / Win 11 Pro / 83ER2015WRK";449 888 ₸;/p/lenovo-ideapad-slim-3-16irh10-16-24-gb-ssd-1000-gb-win-11-pro-83er2015wrk-153607931/?c=750000000
"ASUS TUF Gaming A17 17.3"" / 16 Гб / SSD 512 Гб / DOS / FA707NUQ-HX010";598 999 ₸;/p/asus-tuf-gaming-a17-17-3-16-gb-ssd-512-gb-dos-fa707nuq-hx010-163581012/?c=750000000
"HP 16-ar0013dx OmniBook X FlipNGAI 16"" / 16 Гб / SSD 512 Гб / Win 11 Home / B5UJ4UA#ABA";499 989 ₸;/p/hp-16-ar0013dx-omnibook-x-flipngai-16-16-gb-ssd-512-gb-win-11-home-b5uj4ua-aba-153606281/?c=750000000
"Apple MacBook Air 15 2024 15.3"" / 8 Гб / SSD 256 Гб / macOS / MRYM3RU/A";637 900 ₸;/p/apple-macbook-air-15-2024-15-3-8-gb-ssd-256-gb-macos-mrym3ru-a-118170159/?c=750000000
"Lenovo Yoga Slim 6 14"" / 16 Гб / SSD 512 Гб / Win 11 / 14IRH8 / 83E00054RU";584 978 ₸;/p/lenovo-yoga-slim-6-14-16-gb-ssd-512-gb-win-11-14irh8-83e00054ru-120904085/?c=750000000
"Lenovo Yoga 7 2-in-1 16AHP9 16"" / 16 Гб / SSD 1000 Гб / Win 11 / 83DM0008US";599 000 ₸;/p/lenovo-yoga-7-2-in-1-16ahp9-16-16-gb-ssd-1000-gb-win-11-83dm0008us-164636820/?c=750000000
"Acer Nitro Lite NL16-71G-549 16"" / 16 Гб / SSD 512 Гб / Win 11 / NH.D29ER.001N";459 900 ₸;/p/acer-nitro-lite-nl16-71g-549-16-16-gb-ssd-512-gb-win-11-nh-d29er-001n-162969679/?c=750000000
"DEXP Aquilon 14.1"" / 8 Гб / SSD 256 Гб / Win 11 Home / C14-ICW300";156 560 ₸;/p/dexp-aquilon-14-1-8-gb-ssd-256-gb-win-11-home-c14-icw300-117507501/?c=750000000
"ASUS TUF Gaming A15 15.6"" / 16 Гб / SSD 512 Гб / Без ОС / FA507NV-LP025 / 90NR0E85-M008K0";708 000 ₸;/p/asus-tuf-gaming-a15-15-6-16-gb-ssd-512-gb-bez-os-fa507nv-lp025-90nr0e85-m008k0-120295453/?c=750000000
"Castom GS-R7 15.6"" / 32 Гб / SSD 1000 Гб / Win 11 / 22339";359 900 ₸;/p/castom-gs-r7-15-6-32-gb-ssd-1000-gb-win-11-22339-165886161/?c=750000000
"Acer PREDATOR HELIOS NEO 16S AI 16"" / 32 Гб / SSD 1000 Гб / Win 11 Home / NH.U0KAA.001";1 368 899 ₸;/p/acer-predator-helios-neo-16s-ai-16-32-gb-ssd-1000-gb-win-11-home-nh-u0kaa-001-145958649/?c=750000000
"Acer Aspire 5 15.6"" / 8 Гб / SSD 512 Гб / DOS / A515-58P-368Y / NX.KHJER.002";259 993 ₸;/p/acer-aspire-5-15-6-8-gb-ssd-512-gb-dos-a515-58p-368y-nx-khjer-002-114302049/?c=750000000
"Great Asia TK-E156S 15.6"" / 8 Гб / SSD 128 Гб / Win 10 /";163 000 ₸;/p/great-asia-tk-e156s-15-6-8-gb-ssd-128-gb-win-10--106425625/?c=750000000
"ASUS X1504VA-BQ827G 15.6"" / 32 Гб / SSD 512 Гб / Win 11 Pro / 90NB10T2-M0G440";549 990 ₸;/p/asus-x1504va-bq827g-15-6-32-gb-ssd-512-gb-win-11-pro-90nb10t2-m0g440-157710722/?c=750000000
"Lenovo IdeaPad Slim 3 15IAH8 15.6"" / 16 Гб / SSD 1000 Гб / Без ОС / 83EM009URK";419 990 ₸;/p/lenovo-ideapad-slim-3-15iah8-15-6-16-gb-ssd-1000-gb-bez-os-83em009urk-124292990/?c=750000000
"Lenovo IdeaPad S3 15.6"" / 8 Гб / SSD 512 Гб / Win 11 Home / 82XQ00RSUS";239 860 ₸;/p/lenovo-ideapad-s3-15-6-8-gb-ssd-512-gb-win-11-home-82xq00rsus-154429009/?c=750000000
"Huawei MateBook D16 16"" / 8 Гб / SSD 512 Гб / Win 11 / MCLF-X / 53013WXE";375 781 ₸;/p/huawei-matebook-d16-16-8-gb-ssd-512-gb-win-11-mclf-x-53013wxe-115973578/?c=750000000
"DELL Vostro 3520 15.6"" / 8 Гб / SSD 512 Гб / Без ОС / 210-BECX-18";279 900 ₸;/p/dell-vostro-3520-15-6-8-gb-ssd-512-gb-bez-os-210-becx-18-122602929/?c=750000000
"Lenovo IdeaPad Slim 3 16"" / 16 Гб / SSD 512 Гб / Без ОС / 16IAH8 / 83ES002RRK";325 000 ₸;/p/lenovo-ideapad-slim-3-16-16-gb-ssd-512-gb-bez-os-16iah8-83es002rrk-119840440/?c=750000000
"Lenovo Yoga 7 2-in-1 14ILL10 14"" / 16 Гб / SSD 512 Гб / Без ОС / 83JQ007YRK";595 146 ₸;/p/lenovo-yoga-7-2-in-1-14ill10-14-16-gb-ssd-512-gb-bez-os-83jq007yrk-144337085/?c=750000000
"HP 15-fc0279ci 15.6"" / 8 Гб / SSD 1000 Гб / Win 11 Pro / B44С9EA#UUQ";299 999 ₸;/p/hp-15-fc0279ci-15-6-8-gb-ssd-1000-gb-win-11-pro-b44s9ea-uuq-132106953/?c=750000000
"Acer Nitro 5 15.6"" / 8 Гб / SSD 512 Гб / DOS / AN515-57 / NH.QELER.005";479 990 ₸;/p/acer-nitro-5-15-6-8-gb-ssd-512-gb-dos-an515-57-nh-qeler-005-107491308/?c=750000000
"Lenovo Ideapad 3 15IAU7 15.6"" / 16 Гб / SSD 512 Гб / Без ОС / 82RK00VDRK";305 395 ₸;/p/lenovo-ideapad-3-15iau7-15-6-16-gb-ssd-512-gb-bez-os-82rk00vdrk-115644350/?c=750000000
"Lenovo LOQ 15IAX9E 15.6"" / 12 Гб / SSD 512 Гб / Win 11 / 83LK006AIN";999 999 ₸;/p/lenovo-loq-15iax9e-15-6-12-gb-ssd-512-gb-win-11-83lk006ain-150516266/?c=750000000
"Apple MacBook Air 13.6"" / 16 Гб / SSD 1024 Гб / macOS / MDHJ4RU/A";864 270 ₸;/p/apple-macbook-air-13-6-16-gb-ssd-1024-gb-macos-mdhj4ru-a-161462051/?c=750000000
"Acer Aspire Lite 16"" / 8 Гб / SSD 256 Гб / DOS / NX.JN0ER.001";218 444 ₸;/p/acer-aspire-lite-16-8-gb-ssd-256-gb-dos-nx-jn0er-001-161588878/?c=750000000
"YAMI Notebook L12 + X100 15.6"" / 12 Гб / SSD 512 Гб / Win 11 Pro / Notebook L12 + X100";159 990 ₸;/p/yami-notebook-l12-x100-15-6-12-gb-ssd-512-gb-win-11-pro-notebook-l12-x100-164631037/?c=750000000
"ASUS Vivobook X1504VA-BQ2277 15.6"" / 16 Гб / SSD 512 Гб / Без ОС / 90NB10J2-M02UX0";325 774 ₸;/p/asus-vivobook-x1504va-bq2277-15-6-16-gb-ssd-512-gb-bez-os-90nb10j2-m02ux0-138132986/?c=750000000
"Apple MacBook Air 13 2024 13.6"" / 24 Гб / SSD 512 Гб / macOS / MC8N4";752 652 ₸;/p/apple-macbook-air-13-2024-13-6-24-gb-ssd-512-gb-macos-mc8n4-132101916/?c=750000000
"Apple MacBook Air 15.3"" / 16 Гб / SSD 1024 Гб / macOS / MDVA4RU/A";1 024 540 ₸;/p/apple-macbook-air-15-3-16-gb-ssd-1024-gb-macos-mdva4ru-a-161463012/?c=750000000
"Acer Nitro V 15 15.6"" / 16 Гб / SSD 512 Гб / Без ОС / ANV15-51-735K / NH.QNBER.002";586 623 ₸;/p/acer-nitro-v-15-15-6-16-gb-ssd-512-gb-bez-os-anv15-51-735k-nh-qnber-002-116700983/?c=750000000
"ASUS Vivobook S 15 S5507QA-MA012W 15.6"" / 16 Гб / SSD 512 Гб / Без ОС / 90NB14Q2-M005C0";589 900 ₸;/p/asus-vivobook-s-15-s5507qa-ma012w-15-6-16-gb-ssd-512-gb-bez-os-90nb14q2-m005c0-128353466/?c=750000000
"HP 15s 15.6"" / 8 Гб / SSD 256 Гб / Win 11 / 15s-fq5039ci / 799A6EA";232 864 ₸;/p/hp-15s-15-6-8-gb-ssd-256-gb-win-11-15s-fq5039ci-799a6ea-107198135/?c=750000000
"Acer Aspire Go 15 15.6"" / 8 Гб / SSD 512 Гб / Без ОС / NX.J7XER.001";299 988 ₸;/p/acer-aspire-go-15-15-6-8-gb-ssd-512-gb-bez-os-nx-j7xer-001-149603167/?c=750000000
"ASUS Zenbook S16 16"" / 16 Гб / SSD 512 Гб / DOS / 90NB1672-M009D0";379 990 ₸;/p/asus-zenbook-s16-16-16-gb-ssd-512-gb-dos-90nb1672-m009d0-164295472/?c=750000000
"Acer Aspire 3 15.6"" / 4 Гб / SSD 256 Гб / Win 10 / A315-56 / NX.HS5ER.002";235 670 ₸;/p/acer-aspire-3-15-6-4-gb-ssd-256-gb-win-10-a315-56-nx-hs5er-002-100635433/?c=750000000
"HP 15-fd0154qm 15.6"" / 16 Гб / SSD 512 Гб / Win 11 / BZ1W2UA";349 000 ₸;/p/hp-15-fd0154qm-15-6-16-gb-ssd-512-gb-win-11-bz1w2ua-160537908/?c=750000000
"HP 15-fc0222ci 15.6"" / 16 Гб / SSD 1024 Гб / Без ОС / D10K9EA";369 990 ₸;/p/hp-15-fc0222ci-15-6-16-gb-ssd-1024-gb-bez-os-d10k9ea-158530742/?c=750000000
"ASUS ROG Strix G16 G614JU-N3490 16"" / 16 Гб / SSD 512 Гб / Без ОС / 90NR0CC1-M012J0";760 704 ₸;/p/asus-rog-strix-g16-g614ju-n3490-16-16-gb-ssd-512-gb-bez-os-90nr0cc1-m012j0-139080256/?c=750000000
"Dream Machines RG4050-15KZ62 15.6"" / 32 Гб / SSD 1024 Гб / Без ОС / RG4050-15KZ62";699 850 ₸;/p/dream-machines-rg4050-15kz62-15-6-32-gb-ssd-1024-gb-bez-os-rg4050-15kz62-153861193/?c=750000000
"Lenovo Lenovo ThinkBook 15 G4 IAP 15.6"" / 8 Гб / SSD 512 Гб / Без ОС / 21DJ00KNRU";319 990 ₸;/p/lenovo-lenovo-thinkbook-15-g4-iap-15-6-8-gb-ssd-512-gb-bez-os-21dj00knru-141841119/?c=750000000
"ThundeRobot Hunter Blade R16 16"" / 32 Гб / M.2 1000 Гб / Win 11 Pro / JT009K00J00J0RBJ1015";889 939 ₸;/p/thunderobot-hunter-blade-r16-16-32-gb-m-2-1000-gb-win-11-pro-jt009k00j00j0rbj1015-163677442/?c=750000000
"Apple MacBook Air 15 2024 15.3"" / 16 Гб / SSD 512 Гб / macOS / MXD23";1 200 000 ₸;/p/apple-macbook-air-15-2024-15-3-16-gb-ssd-512-gb-macos-mxd23-120180563/?c=750000000
"Apple MacBook Air 15 2023 15.3"" / 8 Гб / SSD 256 Гб / macOS / MQKU3RU/A";669 990 ₸;/p/apple-macbook-air-15-2023-15-3-8-gb-ssd-256-gb-macos-mqku3ru-a-111217928/?c=750000000
"Lenovo V15 G4 AMN 15.6"" / 8 Гб / SSD 512 Гб / DOS / 82YU00VERU";399 999 ₸;/p/lenovo-v15-g4-amn-15-6-8-gb-ssd-512-gb-dos-82yu00veru-116295401/?c=750000000
"Acer Aspire Lite 15.6"" / 16 Гб / SSD 256 Гб / Win 11 / NX.D62ER.001Z";248 888 ₸;/p/acer-aspire-lite-15-6-16-gb-ssd-256-gb-win-11-nx-d62er-001z-162833248/?c=750000000
"ASUS TUF Gaming F16 FX607VJB-RL204 16"" / 16 Гб / SSD 512 Гб / Без ОС / 90NR0MZ6-M00AT0";409 990 ₸;/p/asus-tuf-gaming-f16-fx607vjb-rl204-16-16-gb-ssd-512-gb-bez-os-90nr0mz6-m00at0-154322545/?c=750000000
"ASUS Vivobook Go 15 15.6"" / 16 Гб / SSD 1000 Гб / Win 11 Pro / E1504FA-BQ1112H / 90NB0ZR3-M01YH0";379 900 ₸;/p/asus-vivobook-go-15-15-6-16-gb-ssd-1000-gb-win-11-pro-e1504fa-bq1112h-90nb0zr3-m01yh0-132107111/?c=750000000
"ASUS Zenbook 14 14"" / 16 Гб / SSD 512 Гб / Без ОС / 90NB14U1-M008J0";499 990 ₸;/p/asus-zenbook-14-14-16-gb-ssd-512-gb-bez-os-90nb14u1-m008j0-138246496/?c=750000000
"Lenovo IdeaPad 1 15.6"" / 16 Гб / SSD 512 Гб / Без ОС / 82VG00TRRK";299 799 ₸;/p/lenovo-ideapad-1-15-6-16-gb-ssd-512-gb-bez-os-82vg00trrk-132850401/?c=750000000
"ASUS TUF Gaming A15 15.6"" / 16 Гб / SSD 512 Гб / Без ОС / FA507NU-LP166 / 90NR0EB5-M00FW0";556 857 ₸;/p/asus-tuf-gaming-a15-15-6-16-gb-ssd-512-gb-bez-os-fa507nu-lp166-90nr0eb5-m00fw0-117294961/?c=750000000
"HP OmniBook 5 Flip 14"" / 16 Гб / SSD 512 Гб / Win 11 Home / B86Q7UA";449 888 ₸;/p/hp-omnibook-5-flip-14-16-gb-ssd-512-gb-win-11-home-b86q7ua-151494239/?c=750000000
"HP 15-fc0140qi 15.6"" / 8 Гб / SSD 512 Гб / Win 11 Pro / BM0B01EA#UUQ";269 888 ₸;/p/hp-15-fc0140qi-15-6-8-gb-ssd-512-gb-win-11-pro-bm0b01ea-uuq-145145331/?c=750000000
"Lenovo Lenovo LOQ 15 15.6"" / 16 Гб / SSD 512 Гб / DOS / 83JE01BQRK";719 990 ₸;/p/lenovo-lenovo-loq-15-15-6-16-gb-ssd-512-gb-dos-83je01bqrk-164706578/?c=750000000
"Asus Vivobook 15 15.6"" / 8 Гб / SSD 512 Гб / Win 11 / X1504VA-BQ5204W";289 990 ₸;/p/asus-vivobook-15-15-6-8-gb-ssd-512-gb-win-11-x1504va-bq5204w-161699764/?c=750000000
"Lenovo IdeaPad 3 15.6"" / 8 Гб / SSD 256 Гб / Win 11 / 15IAU7 / 82RK00HWRK";229 900 ₸;/p/lenovo-ideapad-3-15-6-8-gb-ssd-256-gb-win-11-15iau7-82rk00hwrk-108863088/?c=750000000
"Lenovo IdeaPad 1 15.6"" / 8 Гб / SSD 256 Гб / Win 11 Pro / 83B477US";260 696 ₸;/p/lenovo-ideapad-1-15-6-8-gb-ssd-256-gb-win-11-pro-83b477us-160975866/?c=750000000
"Acer Extensa EX215-35-30K1 15.6"" / 8 Гб / SSD 512 Гб / Win 11 Pro / NX.EJ6ER.003F";248 000 ₸;/p/acer-extensa-ex215-35-30k1-15-6-8-gb-ssd-512-gb-win-11-pro-nx-ej6er-003f-149417984/?c=750000000
"Apple MacBook Air 15 2024 15.3"" / 16 Гб / SSD 256 Гб / macOS / MC9F4";628 069 ₸;/p/apple-macbook-air-15-2024-15-3-16-gb-ssd-256-gb-macos-mc9f4-132430472/?c=750000000
"ASUS Expertbook 1403CVA-S61793 14"" / 32 Гб / SSD 1000 Гб / Без ОС / 90NX0871-M022W0";489 990 ₸;/p/asus-expertbook-1403cva-s61793-14-32-gb-ssd-1000-gb-bez-os-90nx0871-m022w0-160801845/?c=750000000
"ACERTON N95-512 15.6"" / 16 Гб / SSD 512 Гб / Win 11 Pro / N95";179 000 ₸;/p/acerton-n95-512-15-6-16-gb-ssd-512-gb-win-11-pro-n95-144335820/?c=750000000
"Lenovo IdeaPad Slim 3 16IRH10 16"" / 8 Гб / SSD 512 Гб / Win 11 Home / 83K2000NRK";349 899 ₸;/p/lenovo-ideapad-slim-3-16irh10-16-8-gb-ssd-512-gb-win-11-home-83k2000nrk-137867372/?c=750000000
"HP 15-fd0107qi 15.6"" / 8 Гб / SSD 512 Гб / Win 11 Pro / 9U4C8EA#UUQ";281 873 ₸;/p/hp-15-fd0107qi-15-6-8-gb-ssd-512-gb-win-11-pro-9u4c8ea-uuq-138968976/?c=750000000
"HONOR MagicBook X 14 GDG-X 14"" / 8 Гб / SSD 512 Гб / Win 11 / 5301APNN";310 990 ₸;/p/honor-magicbook-x-14-gdg-x-14-8-gb-ssd-512-gb-win-11-5301apnn-143544608/?c=750000000
"Apple MacBook Air 13.6"" / 16 Гб / SSD 1024 Гб / macOS / MDHF4RU/A";872 706 ₸;/p/apple-macbook-air-13-6-16-gb-ssd-1024-gb-macos-mdhf4ru-a-161467058/?c=750000000
"Apple MacBook Air 15 2024 15.3"" / 16 Гб / SSD 256 Гб / macOS / MC9G4RU/A";849 990 ₸;/p/apple-macbook-air-15-2024-15-3-16-gb-ssd-256-gb-macos-mc9g4ru-a-132024938/?c=750000000
"Apple MacBook Neo 13"" / 8 Гб / SSD 512 Гб / macOS / MHFE4";439 115 ₸;/p/apple-macbook-neo-13-8-gb-ssd-512-gb-macos-mhfe4-163363270/?c=750000000
"YAMI Notebook VX20 15.6"" / 16 Гб / SSD 512 Гб / Win 11 / 0200186848926";209 990 ₸;/p/yami-notebook-vx20-15-6-16-gb-ssd-512-gb-win-11-0200186848926-165150333/?c=750000000
"Ноутбук HP Victus 15.6&#34; / 20 Гб / SSD 512 Гб / Win 11 / 15-fb2082sm / BQ5EQ7UA";479 997 ₸;/p/noutbuk-hp-victus-15-6-34-20-gb-ssd-512-gb-win-11-15-fb2082sm-bq5eq7ua-157710376/?c=750000000
"ASUS Vivobook S16 16"" / 16 Гб / SSD 512 Гб / Win 11 Home / 90NB1671-M00770";399 900 ₸;/p/asus-vivobook-s16-16-16-gb-ssd-512-gb-win-11-home-90nb1671-m00770-148609434/?c=750000000
"ASUS Vivobook X1605VA-MB1698W 16"" / 16 Гб / SSD 512 Гб / Win 11 Pro / 90NB10N2-M02470";419 888 ₸;/p/asus-vivobook-x1605va-mb1698w-16-16-gb-ssd-512-gb-win-11-pro-90nb10n2-m02470-136944185/?c=750000000
"ASUS Rog Zephyrus GU605CP-QR040 16"" / 32 Гб / SSD 1000 Гб / Без ОС / 90NR0MM2-M001S0";1 619 970 ₸;/p/asus-rog-zephyrus-gu605cp-qr040-16-32-gb-ssd-1000-gb-bez-os-90nr0mm2-m001s0-152256177/?c=750000000
"ASUS Zenbook 14 14"" / 16 Гб / M.2 512 Гб / DOS / UM3406GA-QD049";549 990 ₸;/p/asus-zenbook-14-14-16-gb-m-2-512-gb-dos-um3406ga-qd049-154784994/?c=750000000
"ARG A15 Plus 15.6"" / 16 Гб / SSD 1000 Гб / Win 11 / A15 Plus";289 990 ₸;/p/arg-a15-plus-15-6-16-gb-ssd-1000-gb-win-11-a15-plus-167495541/?c=750000000
"ASUS Vivobook 16X 16"" / 8 Гб / SSD 512 Гб / Win 11 Home / 90NB1072-M009S0 / K3604VA-MB238W";349 990 ₸;/p/asus-vivobook-16x-16-8-gb-ssd-512-gb-win-11-home-90nb1072-m009s0-k3604va-mb238w-129609812/?c=750000000
"Lenovo LOQ 15IRX10 15.6"" / 24 Гб / SSD 1000 Гб / Win 11 Pro / 83JE007BRK";702 113 ₸;/p/lenovo-loq-15irx10-15-6-24-gb-ssd-1000-gb-win-11-pro-83je007brk-148241294/?c=750000000
"Lenovo 82VG30TRRK 15.6"" / 16 Гб / SSD 1000 Гб / Win 11 Pro / IdeaPad 15AMN7";349 789 ₸;/p/lenovo-82vg30trrk-15-6-16-gb-ssd-1000-gb-win-11-pro-ideapad-15amn7-136240077/?c=750000000
"ASUS TUF Gaming A15 15.6"" / 32 Гб / SSD 1000 Гб / Win 11 Pro / FA507NU-LP031ZW / 90NR0EB5-M0W3Z0";829 990 ₸;/p/asus-tuf-gaming-a15-15-6-32-gb-ssd-1000-gb-win-11-pro-fa507nu-lp031zw-90nr0eb5-m0w3z0-119236027/?c=750000000
"ASUS VivoBook 17 X1704VA-AU1017 17.3"" / 16 Гб / SSD 512 Гб / Без ОС / 90NB13X2-M00J00";379 800 ₸;/p/asus-vivobook-17-x1704va-au1017-17-3-16-gb-ssd-512-gb-bez-os-90nb13x2-m00j00-154407481/?c=750000000
"ASUS X1504VA-BQ008S 15.6"" / 12 Гб / SSD 512 Гб / Win 11 Pro / 90NB10J2-M0SBY0";289 888 ₸;/p/asus-x1504va-bq008s-15-6-12-gb-ssd-512-gb-win-11-pro-90nb10j2-m0sby0-157710097/?c=750000000
"Acer Aspire Lite AL16-54P-55CE 16"" / 24 Гб / SSD 1000 Гб / Win 11 Pro / NX.D76ER.001K";449 900 ₸;/p/acer-aspire-lite-al16-54p-55ce-16-24-gb-ssd-1000-gb-win-11-pro-nx-d76er-001k-157750435/?c=750000000
"Acer Aspire Lite AL16-54P-55CE 16"" / 24 Гб / SSD 512 Гб / Win 11 Pro / NX.D76ER.001J";399 888 ₸;/p/acer-aspire-lite-al16-54p-55ce-16-24-gb-ssd-512-gb-win-11-pro-nx-d76er-001j-157750499/?c=750000000
"Acer Aspire 14 / A14-51M 14"" / 16 Гб / SSD 512 Гб / Без ОС / NX.KXHER.003 / I5165SUN";279 990 ₸;/p/acer-aspire-14-a14-51m-14-16-gb-ssd-512-gb-bez-os-nx-kxher-003-i5165sun-163070770/?c=750000000
"Apple MacBook Pro 14.2"" / 24 Гб / SSD 2048 Гб / macOS / MGDT4RU/A";1 922 080 ₸;/p/apple-macbook-pro-14-2-24-gb-ssd-2048-gb-macos-mgdt4ru-a-161471559/?c=750000000
"Acer Nitro V 16S ANV16S-71-97BE 16"" / 32 Гб / SSD 2000 Гб / Win 11 Pro / NH.U29EM.003X";1 059 989 ₸;/p/acer-nitro-v-16s-anv16s-71-97be-16-32-gb-ssd-2000-gb-win-11-pro-nh-u29em-003x-162378164/?c=750000000
"ASUS V3607VM-RP121 16"" / 16 Гб / SSD 512 Гб / Без ОС / 90NB16K1-M009Z0";699 990 ₸;/p/asus-v3607vm-rp121-16-16-gb-ssd-512-gb-bez-os-90nb16k1-m009z0-153500860/?c=750000000
"Castom GS-TD156 15.6"" / 16 Гб / SSD 512 Гб / Win 11 Pro / 138882526";159 900 ₸;/p/castom-gs-td156-15-6-16-gb-ssd-512-gb-win-11-pro-138882526-152430382/?c=750000000
"ThundeRobot Gravity 15 Pro 15.6"" / 32 Гб / SSD 1000 Гб / Win 11 Pro / I7136HX406032G1TQ165HMG";797 974 ₸;/p/thunderobot-gravity-15-pro-15-6-32-gb-ssd-1000-gb-win-11-pro-i7136hx406032g1tq165hmg-136235275/?c=750000000
"ASUS TUF Gaming F16 16"" / 16 Гб / SSD 512 Гб / DOS / FX607VJB-RL203";419 990 ₸;/p/asus-tuf-gaming-f16-16-16-gb-ssd-512-gb-dos-fx607vjb-rl203-154713551/?c=750000000
"Apple MacBook Pro 14.2 14.2"" / 24 Гб / SSD 1000 Гб / macOS / MDE64";1 166 324 ₸;/p/apple-macbook-pro-14-2-14-2-24-gb-ssd-1000-gb-macos-mde64-154023402/?c=750000000
"Acer Nitro V 15 15.6"" / 32 Гб / SSD 2000 Гб / Win 11 Pro / ANV15-51 / NH.QNBER.12W";816 357 ₸;/p/acer-nitro-v-15-15-6-32-gb-ssd-2000-gb-win-11-pro-anv15-51-nh-qnber-12w-120626138/?c=750000000
"MECHREVO Alpha 14 14.1"" / 32 Гб / SSD 1024 Гб / Win 11 Pro / 7CC4U";599 959 ₸;/p/mechrevo-alpha-14-14-1-32-gb-ssd-1024-gb-win-11-pro-7cc4u-149102127/?c=750000000
"Lenovo IdeaPad Slim 3 15IRU8 15.6"" / 8 Гб / SSD 256 Гб / Win 11 Pro / 82X700BVPS";219 900 ₸;/p/lenovo-ideapad-slim-3-15iru8-15-6-8-gb-ssd-256-gb-win-11-pro-82x700bvps-131881717/?c=750000000
"Lenovo IdeaPad 3 15.6"" / 16 Гб / SSD 512 Гб / Win 11 Home / 15IAU7 / 82RK00VERK";340 990 ₸;/p/lenovo-ideapad-3-15-6-16-gb-ssd-512-gb-win-11-home-15iau7-82rk00verk-116045197/?c=750000000
"Lenovo IdeaPad 1 15AMN7 15.6"" / 16 Гб / SSD 512 Гб / Win 11 / 82VG00TTRK";299 799 ₸;/p/lenovo-ideapad-1-15amn7-15-6-16-gb-ssd-512-gb-win-11-82vg00ttrk-132981654/?c=750000000
"Lenovo LOQ 15IRX9 15.6"" / 24 Гб / SSD 1000 Гб / Без ОС / 83DV00YLRK";789 990 ₸;/p/lenovo-loq-15irx9-15-6-24-gb-ssd-1000-gb-bez-os-83dv00ylrk-132850407/?c=750000000
"PWR Y58 16"" / 16 Гб / SSD 1000 Гб / Win 11 Pro / AN156";298 800 ₸;/p/pwr-y58-16-16-gb-ssd-1000-gb-win-11-pro-an156-150442387/?c=750000000
"ASUS Vivobook 15 15.6"" / 16 Гб / SSD 512 Гб / Без ОС / 90NB10T2-M013X0";309 899 ₸;/p/asus-vivobook-15-15-6-16-gb-ssd-512-gb-bez-os-90nb10t2-m013x0-135150314/?c=750000000
"Lenovo ideaPad Slim 3 15.6"" / 8 Гб / SSD 512 Гб / Win 11 Pro / 82X7003NRK";319 112 ₸;/p/lenovo-ideapad-slim-3-15-6-8-gb-ssd-512-gb-win-11-pro-82x7003nrk-136911157/?c=750000000
"Lenovo IdeaPad 3 15.6"" / 8 Гб / HDD 1000 Гб / Без ОС / 15ALC6 / 82KU009JRK";232 993 ₸;/p/lenovo-ideapad-3-15-6-8-gb-hdd-1000-gb-bez-os-15alc6-82ku009jrk-106029808/?c=750000000
"HP ProBook 460 G11 16"" / 16 Гб / SSD 1024 Гб / Win 11 Pro / A38DXET";668 342 ₸;/p/hp-probook-460-g11-16-16-gb-ssd-1024-gb-win-11-pro-a38dxet-132041483/?c=750000000
"Acer NITRO V16S 16"" / 16 Гб / SSD 1000 Гб / Win 11 Home / NH.U24AA.003";789 990 ₸;/p/acer-nitro-v16s-16-16-gb-ssd-1000-gb-win-11-home-nh-u24aa-003-154428593/?c=750000000
"ASUS TUF Gaming 15.6"" / 16 Гб / SSD 512 Гб / Без ОС / 90NR0JV7-M003Y0";456 718 ₸;/p/asus-tuf-gaming-15-6-16-gb-ssd-512-gb-bez-os-90nr0jv7-m003y0-130612213/?c=750000000
"Lenovo IdeaPad Slim 3 15IRH10 15.3"" / 16 Гб / SSD 512 Гб / Win 11 Pro / 83K1502WRK";389 799 ₸;/p/lenovo-ideapad-slim-3-15irh10-15-3-16-gb-ssd-512-gb-win-11-pro-83k1502wrk-134800489/?c=750000000
"ASUS TUF Gaming A16 16"" / 16 Гб / SSD 512 Гб / Без ОС / 90NR0QF3-M001W0";519 917 ₸;/p/asus-tuf-gaming-a16-16-16-gb-ssd-512-gb-bez-os-90nr0qf3-m001w0-164309462/?c=750000000
"HP 15-fd0154vm 15.6"" / 24 Гб / SSD 1000 Гб / Win 11 / Official Store";449 888 ₸;/p/hp-15-fd0154vm-15-6-24-gb-ssd-1000-gb-win-11-official-store-160537561/?c=750000000
"ThundeRobot Hunter Blade Pro 16"" / 32 Гб / SSD 1000 Гб / Win 11 Pro / RZ16I7147HX56C1Q240RB";909 969 ₸;/p/thunderobot-hunter-blade-pro-16-32-gb-ssd-1000-gb-win-11-pro-rz16i7147hx56c1q240rb-153954869/?c=750000000
"Tokio Dream DreamBook 14 14"" / 6 Гб / SSD 128 Гб / Win 10 / 2304458";98 990 ₸;/p/tokio-dream-dreambook-14-14-6-gb-ssd-128-gb-win-10-2304458-137850800/?c=750000000
"Tokio Dream 14 14"" / 6 Гб / SSD 128 Гб / Win 10 / 2304459";99 990 ₸;/p/tokio-dream-14-14-6-gb-ssd-128-gb-win-10-2304459-164858789/?c=750000000
"Lenovo IdeaPad Slim 3 15.6"" / 16 Гб / SSD 512 Гб / Win 11 Pro / 15IAH8 / 83ER005WRK";349 899 ₸;/p/lenovo-ideapad-slim-3-15-6-16-gb-ssd-512-gb-win-11-pro-15iah8-83er005wrk-120654681/?c=750000000
"Lenovo Yoga Slim 7 14AKP10 14"" / 16 Гб / SSD 1000 Гб / Win 11 Home / 83JY0009RK";949 999 ₸;/p/lenovo-yoga-slim-7-14akp10-14-16-gb-ssd-1000-gb-win-11-home-83jy0009rk-139347408/?c=750000000
"Lenovo Legion 5 15AHP11 15.3"" / 32 Гб / SSD 1000 Гб / Без ОС / 83Q7000QRK";1 249 999 ₸;/p/lenovo-legion-5-15ahp11-15-3-32-gb-ssd-1000-gb-bez-os-83q7000qrk-163564884/?c=750000000
"ASUS Asus ROG Zephyrus G16 OLED 16"" / 32 Гб / SSD 1000 Гб / Без ОС / 90NR0NE2-M000W0";1 549 971 ₸;/p/asus-asus-rog-zephyrus-g16-oled-16-32-gb-ssd-1000-gb-bez-os-90nr0ne2-m000w0-141390104/?c=750000000
"ASUS TUF GAMING FA507NUR-LP014W 15.6"" / 16 Гб / SSD 512 Гб / Win 11 Pro / FA507NUR";569 898 ₸;/p/asus-tuf-gaming-fa507nur-lp014w-15-6-16-gb-ssd-512-gb-win-11-pro-fa507nur-136789377/?c=750000000
"Apple MacBook Neo 13 13"" / 8 Гб / SSD 256 Гб / macOS / MHFD4";373 785 ₸;/p/apple-macbook-neo-13-13-8-gb-ssd-256-gb-macos-mhfd4-163117534/?c=750000000
"Chuwi MiniBook X 10.51"" / 16 Гб / SSD 512 Гб / Win 11 / CWI558";215 990 ₸;/p/chuwi-minibook-x-10-51-16-gb-ssd-512-gb-win-11-cwi558-164414854/?c=750000000
"Huawei MateBook GT 14 14"" / 32 Гб / SSD 1000 Гб / DOS / EnzoH-W5211T/DOS";649 990 ₸;/p/huawei-matebook-gt-14-14-32-gb-ssd-1000-gb-dos-enzoh-w5211t-dos-160141008/?c=750000000
"ASUS ROG STRIX G16 G614PP-WH94 16"" / 32 Гб / SSD 1000 Гб / Win 11 Pro / 90NR0G67-M004S0";1 189 990 ₸;/p/asus-rog-strix-g16-g614pp-wh94-16-32-gb-ssd-1000-gb-win-11-pro-90nr0g67-m004s0-165936927/?c=750000000
"ASUS Zenbook A14 Copilot+ PC 14"" / 16 Гб / SSD 512 Гб / Win 11 / UX3407QA-QD365W / 90NB1502-M00MR0";579 990 ₸;/p/asus-zenbook-a14-copilot-pc-14-16-gb-ssd-512-gb-win-11-ux3407qa-qd365w-90nb1502-m00mr0-135969768/?c=750000000
"ASUS VivoBook S14 M5406NA-QD013W 14"" / 16 Гб / SSD 512 Гб / Win 11 Home / 90NB1493-M00280";519 990 ₸;/p/asus-vivobook-s14-m5406na-qd013w-14-16-gb-ssd-512-gb-win-11-home-90nb1493-m00280-121762724/?c=750000000
"Lenovo IdeaPad 1 15IGL7 15.6"" / 4 Гб / SSD 256 Гб / Без ОС / 82V700CVPS";172 224 ₸;/p/lenovo-ideapad-1-15igl7-15-6-4-gb-ssd-256-gb-bez-os-82v700cvps-130892822/?c=750000000
"ASUS Vivobook Pro 15 OLED 15.6"" / 24 Гб / SSD 1000 Гб / Win 11 / 90NB15E3-M003E0";935 990 ₸;/p/asus-vivobook-pro-15-oled-15-6-24-gb-ssd-1000-gb-win-11-90nb15e3-m003e0-146933247/?c=750000000
"ASUS X1704VA-AU299S 17.3"" / 12 Гб / SSD 512 Гб / Win 11 Pro / 90NB13X1-M0S0F0";399 000 ₸;/p/asus-x1704va-au299s-17-3-12-gb-ssd-512-gb-win-11-pro-90nb13x1-m0s0f0-154667440/?c=750000000
"HP 15-fd0531qia 15.6"" / 4 Гб / SSD 256 Гб / Win 11 Pro / B83HWEA";209 888 ₸;/p/hp-15-fd0531qia-15-6-4-gb-ssd-256-gb-win-11-pro-b83hwea-160837496/?c=750000000
"ASUS TUF Gaming F16 16"" / 16 Гб / SSD 1000 Гб / DOS / 90NR0NA1-M00820";699 900 ₸;/p/asus-tuf-gaming-f16-16-16-gb-ssd-1000-gb-dos-90nr0na1-m00820-154171692/?c=750000000
"Apple MacBook Air 15 2024 15.3"" / 16 Гб / SSD 512 Гб / macOS / MXD33";879 985 ₸;/p/apple-macbook-air-15-2024-15-3-16-gb-ssd-512-gb-macos-mxd33-120078515/?c=750000000
"ASUS TUF Gaming 15.6"" / 64 Гб / SSD 2000 Гб / Win 11 Pro / FA506NCR-HN041MAX / 90NR0JV7-M0M2W0";929 766 ₸;/p/asus-tuf-gaming-15-6-64-gb-ssd-2000-gb-win-11-pro-fa506ncr-hn041max-90nr0jv7-m0m2w0-129550983/?c=750000000
"Lenovo 15IRH10 15.3"" / 8 Гб / SSD 512 Гб / Win 11 / 83K1002YRK";299 900 ₸;/p/lenovo-15irh10-15-3-8-gb-ssd-512-gb-win-11-83k1002yrk-135920588/?c=750000000
"ThundeRobot RANGE 17 G2 EVO 17.3"" / 16 Гб / SSD 1024 Гб / Без ОС / JT009E00K";969 990 ₸;/p/thunderobot-range-17-g2-evo-17-3-16-gb-ssd-1024-gb-bez-os-jt009e00k-146525173/?c=750000000
"HP Probook 460 G11 16"" / 16 Гб / SSD 512 Гб / Win 11 Pro / 9C0C6EA";794 999 ₸;/p/hp-probook-460-g11-16-16-gb-ssd-512-gb-win-11-pro-9c0c6ea-122145762/?c=750000000
"HP OMEN Gaming Laptop 16-am0043ci 16"" / 16 Гб / SSD 1000 Гб / Без ОС / C0DS0EA";839 990 ₸;/p/hp-omen-gaming-laptop-16-am0043ci-16-16-gb-ssd-1000-gb-bez-os-c0ds0ea-164413931/?c=750000000
"HP 15-fc0140ewi 15.6"" / 24 Гб / SSD 512 Гб / Win 11 Pro / BM0B026EA#UUQ";349 900 ₸;/p/hp-15-fc0140ewi-15-6-24-gb-ssd-512-gb-win-11-pro-bm0b026ea-uuq-145061616/?c=750000000
"ASUS Vivobook 16X K3604VA-MB267W 16"" / 16 Гб / SSD 512 Гб / Win 11 Pro / 90NB1071-M00AV0";389 888 ₸;/p/asus-vivobook-16x-k3604va-mb267w-16-16-gb-ssd-512-gb-win-11-pro-90nb1071-m00av0-137933985/?c=750000000
"ThundeRobot Hunter Blade R16 16"" / 16 Гб / M.2 1000 Гб / Win 11 Pro / JT009K00J00J0RBJ1015";799 944 ₸;/p/thunderobot-hunter-blade-r16-16-16-gb-m-2-1000-gb-win-11-pro-jt009k00j00j0rbj1015-162167754/?c=750000000
"HP VICTUS 15-fa2352TG 15.6"" / 24 Гб / SSD 512 Гб / Win 11 Pro / FGAZ14UA";668 900 ₸;/p/hp-victus-15-fa2352tg-15-6-24-gb-ssd-512-gb-win-11-pro-fgaz14ua-163717131/?c=750000000
"ASUS Vivobook 15 15.6"" / 16 Гб / SSD 512 Гб / Без ОС / X1504ZA-BQ274 / 90NB1022-M00CA0";308 999 ₸;/p/asus-vivobook-15-15-6-16-gb-ssd-512-gb-bez-os-x1504za-bq274-90nb1022-m00ca0-116912940/?c=750000000
"ASUS Zenbook Duo OLED 14"" / 32 Гб / SSD 2000 Гб / Win 11 / UX8407AA-SN334W";1 559 990 ₸;/p/asus-zenbook-duo-oled-14-32-gb-ssd-2000-gb-win-11-ux8407aa-sn334w-163581011/?c=750000000
"Acer Gadget ETBook 14"" / 16 Гб / SSD 512 Гб / Win 11 / I3165SUW1";269 990 ₸;/p/acer-gadget-etbook-14-16-gb-ssd-512-gb-win-11-i3165suw1-167365051/?c=750000000
"Acer Gadget E10 JN21S 15.6"" / 8 Гб / SSD 256 Гб / Win 11 / ZL.OTH11.033";179 990 ₸;/p/acer-gadget-e10-jn21s-15-6-8-gb-ssd-256-gb-win-11-zl-oth11-033-167365088/?c=750000000
"Apple MacBook Pro 14 2023 14.2"" / 36 Гб / SSD 1024 Гб / macOS / MRX83";1 897 710 ₸;/p/apple-macbook-pro-14-2023-14-2-36-gb-ssd-1024-gb-macos-mrx83-114694309/?c=750000000
"HP OMEN MAX Gaming Laptop 16-ah0023ci 16"" / 32 Гб / SSD 1000 Гб / Без ОС / BK9Z3EA";1 599 990 ₸;/p/hp-omen-max-gaming-laptop-16-ah0023ci-16-32-gb-ssd-1000-gb-bez-os-bk9z3ea-164413957/?c=750000000
"Lenovo LOQ 15AHP10 15.6"" / 24 Гб / SSD 1000 Гб / Win 11 Pro / 83JG008VRK";689 990 ₸;/p/lenovo-loq-15ahp10-15-6-24-gb-ssd-1000-gb-win-11-pro-83jg008vrk-152089304/?c=750000000
"ASUS TUF A18 FA808UH-S8029H"" 18"" / 16 Гб / SSD 1000 Гб / Win 11 Pro / 90NR0NM1-M0H1B0";779 218 ₸;/p/asus-tuf-a18-fa808uh-s8029h-18-16-gb-ssd-1000-gb-win-11-pro-90nr0nm1-m0h1b0-146842746/?c=750000000
"Apple MacBook Air 13 2024 13.6"" / 8 Гб / SSD 256 Гб / macOS / MRXQ3RU/A";696 740 ₸;/p/apple-macbook-air-13-2024-13-6-8-gb-ssd-256-gb-macos-mrxq3ru-a-118170937/?c=750000000
"Lenovo LOQ 15AHP10 15.6"" / 32 Гб / SSD 2000 Гб / Win 11 Pro / 83JG015VRK";819 990 ₸;/p/lenovo-loq-15ahp10-15-6-32-gb-ssd-2000-gb-win-11-pro-83jg015vrk-152089209/?c=750000000
"Ninkear N15 AIR 15.6"" / 16 Гб / SSD 512 Гб / Win 11 / N15 AIR";197 900 ₸;/p/ninkear-n15-air-15-6-16-gb-ssd-512-gb-win-11-n15-air-160866797/?c=750000000
"Acer Aspire 3 A315-44P 15.6"" / 16 Гб / SSD 512 Гб / Win 11 Pro / NX.KSJER.03W";348 833 ₸;/p/acer-aspire-3-a315-44p-15-6-16-gb-ssd-512-gb-win-11-pro-nx-ksjer-03w-132862276/?c=750000000
"ThundeRobot R15 16"" / 32 Гб / M.2 1000 Гб / Win 11 Pro / GT2642GZ623JKL";844 990 ₸;/p/thunderobot-r15-16-32-gb-m-2-1000-gb-win-11-pro-gt2642gz623jkl-148801605/?c=750000000
"Great Asia TK-E140 14"" / 8 Гб / SSD 256 Гб / Win 10 / TK-E140";164 898 ₸;/p/great-asia-tk-e140-14-8-gb-ssd-256-gb-win-10-tk-e140-114194866/?c=750000000
"HP OmniBook 7 AI 16-ay0005ci 16"" / 32 Гб / SSD 1000 Гб / Win 11 Home / C09G8EA";709 990 ₸;/p/hp-omnibook-7-ai-16-ay0005ci-16-32-gb-ssd-1000-gb-win-11-home-c09g8ea-156651465/?c=750000000
"Ноутбук HP Victus 15.6&#34; / 16 Гб / SSD 512 Гб / Win 11 / 15-fb2082qm / BQ5EQ4UA";469 899 ₸;/p/noutbuk-hp-victus-15-6-34-16-gb-ssd-512-gb-win-11-15-fb2082qm-bq5eq4ua-157710407/?c=750000000
"HP Laptop 15-fd0325ci 15.6"" / 16 Гб / SSD 512 Гб / Без ОС / D18P8EA";299 990 ₸;/p/hp-laptop-15-fd0325ci-15-6-16-gb-ssd-512-gb-bez-os-d18p8ea-154678929/?c=750000000
"Lenovo IdeaPad Slim 3 15ABR8 15.6"" / 8 Гб / SSD 512 Гб / Без ОС / 82XM012ARK";249 989 ₸;/p/lenovo-ideapad-slim-3-15abr8-15-6-8-gb-ssd-512-gb-bez-os-82xm012ark-144870987/?c=750000000
"ZFR YG11 11.6"" / 6 Гб / SSD 128 Гб / Win 11 / WeYG11";159 000 ₸;/p/zfr-yg11-11-6-6-gb-ssd-128-gb-win-11-weyg11-128518751/?c=750000000
"ASUS ROG Zephyrus G16 16"" / 32 Гб / SSD 1000 Гб / Без ОС / 90NR0M21-M00590";1 459 990 ₸;/p/asus-rog-zephyrus-g16-16-32-gb-ssd-1000-gb-bez-os-90nr0m21-m00590-162472108/?c=750000000
"ASUS Zenbook UX3405CA285-0ECSXBJX20 14"" / 32 Гб / SSD 1000 Гб / Win 11 / 90NB14W2-M001Z0";749 900 ₸;/p/asus-zenbook-ux3405ca285-0ecsxbjx20-14-32-gb-ssd-1000-gb-win-11-90nb14w2-m001z0-166390299/?c=750000000
"HP Victus 16-s1020ci 16.1"" / 16 Гб / SSD 512 Гб / Без ОС / BK5S1EA";800 000 ₸;/p/hp-victus-16-s1020ci-16-1-16-gb-ssd-512-gb-bez-os-bk5s1ea-144654321/?c=750000000
"HP 15-fc0090ci 15.6"" / 8 Гб / SSD 512 Гб / Win 11 / B4LK9EA";309 899 ₸;/p/hp-15-fc0090ci-15-6-8-gb-ssd-512-gb-win-11-b4lk9ea-132986492/?c=750000000
"HP Victus 15-fa2013qx 15.6"" / 8 Гб / M.2 512 Гб / Win 11 Pro / B00WHUA#ABA";399 888 ₸;/p/hp-victus-15-fa2013qx-15-6-8-gb-m-2-512-gb-win-11-pro-b00whua-aba-162347658/?c=750000000
"HP OmniBook 5 Flip 14-fp0023ex 14"" / 16 Гб / SSD 512 Гб / Win 11 / B50R7UA";469 000 ₸;/p/hp-omnibook-5-flip-14-fp0023ex-14-16-gb-ssd-512-gb-win-11-b50r7ua-162991063/?c=750000000
"Chuwi HeroBook Pro 14.1"" / 8 Гб / SSD 256 Гб / Win 11 Home / CWI514";124 990 ₸;/p/chuwi-herobook-pro-14-1-8-gb-ssd-256-gb-win-11-home-cwi514-164729603/?c=750000000
"Acer Nitro 15.6"" / 16 Гб / SSD 512 Гб / Win 11 / NH.U0NAA.008W ANV15-52-58P7";499 900 ₸;/p/acer-nitro-15-6-16-gb-ssd-512-gb-win-11-nh-u0naa-008w-anv15-52-58p7-162970325/?c=750000000
"Lenovo IdeaPad 5 2-in-1 14IAL10 14"" / 8 Гб / SSD 512 Гб / Win 11 / 83KR0048US";338 699 ₸;/p/lenovo-ideapad-5-2-in-1-14ial10-14-8-gb-ssd-512-gb-win-11-83kr0048us-163073483/?c=750000000
"ASUS TUF Gaming F16 15.6"" / 32 Гб / SSD 1000 Гб / Win 11 Pro / 90NR0MZ6-M0G5K0";614 299 ₸;/p/asus-tuf-gaming-f16-15-6-32-gb-ssd-1000-gb-win-11-pro-90nr0mz6-m0g5k0-156794276/?c=750000000
"Lenovo LOQ 15IRX10 15.6"" / 32 Гб / SSD 2000 Гб / Win 11 Pro / 83JE014BRK";878 920 ₸;/p/lenovo-loq-15irx10-15-6-32-gb-ssd-2000-gb-win-11-pro-83je014brk-148241051/?c=750000000
Chuwi Corebook Air Plus 16'' / 16 Гб / SSD 512 Гб / Win 11 Pro / CWI654;319 899 ₸;/p/chuwi-corebook-air-plus-16-16-gb-ssd-512-gb-win-11-pro-cwi654-161758387/?c=750000000
"ASUS TUF Gaming F16 16"" / 16 Гб / SSD 512 Гб / Без ОС / FX608JM-RV002 / 90NR0MI1-M002V0";698 888 ₸;/p/asus-tuf-gaming-f16-16-16-gb-ssd-512-gb-bez-os-fx608jm-rv002-90nr0mi1-m002v0-141814418/?c=750000000
"Apple MacBook Air 2026 M5 13.6"" / 16 Гб / SSD 1024 Гб / macOS / MDHF4";797 776 ₸;/p/apple-macbook-air-2026-m5-13-6-16-gb-ssd-1024-gb-macos-mdhf4-164282967/?c=750000000
"Apple MacBook Pro 14 2024 14.2"" / 16 Гб / SSD 512 Гб / macOS / MW2W3RU/A";2 000 000 ₸;/p/apple-macbook-pro-14-2024-14-2-16-gb-ssd-512-gb-macos-mw2w3ru-a-132850408/?c=750000000
"Acer AL14-32P-33PQ 14"" / 8 Гб / SSD 512 Гб / Без ОС / NX.D3HER.001";259 990 ₸;/p/acer-al14-32p-33pq-14-8-gb-ssd-512-gb-bez-os-nx-d3her-001-148942465/?c=750000000
"ASUS TUF Gaming F16 FX607VJ-RL047S 16"" / 32 Гб / SSD 1000 Гб / Win 11 Pro / 90NR0MZ6-M10T2P9";649 990 ₸;/p/asus-tuf-gaming-f16-fx607vj-rl047s-16-32-gb-ssd-1000-gb-win-11-pro-90nr0mz6-m10t2p9-166694578/?c=750000000
"HP 15-fc0306ci 15.6"" / 16 Гб / SSD 512 Гб / DOS / D10CQEA";299 990 ₸;/p/hp-15-fc0306ci-15-6-16-gb-ssd-512-gb-dos-d10cqea-164727992/?c=750000000
"Lenovo Legion 5 15IAX10 15.1"" / 16 Гб / SSD 512 Гб / Win 11 Home / 83F00005US";819 990 ₸;/p/lenovo-legion-5-15iax10-15-1-16-gb-ssd-512-gb-win-11-home-83f00005us-157327068/?c=750000000
"Lenovo IdeaPad Slim 3 16IRU8 16"" / 16 Гб / SSD 512 Гб / Без ОС / 82X80005RK";340 990 ₸;/p/lenovo-ideapad-slim-3-16iru8-16-16-gb-ssd-512-gb-bez-os-82x80005rk-138492011/?c=750000000
"ASUS Zenbook 14 14"" / 16 Гб / SSD 512 Гб / DOS / UM3406GA-QD132";550 795 ₸;/p/asus-zenbook-14-14-16-gb-ssd-512-gb-dos-um3406ga-qd132-154458602/?c=750000000
"ASUS TUF Gaming 15.6"" / 16 Гб / SSD 512 Гб / Win 11 Pro / FA506NCR-HN044W 90NR0JV7-M0Q2W0";448 647 ₸;/p/asus-tuf-gaming-15-6-16-gb-ssd-512-gb-win-11-pro-fa506ncr-hn044w-90nr0jv7-m0q2w0-129825440/?c=750000000
"PWR FU65 15.6"" / 16 Гб / SSD 2000 Гб / Win 11 / FU65-i7-6500U-16-2-11";190 800 ₸;/p/pwr-fu65-15-6-16-gb-ssd-2000-gb-win-11-fu65-i7-6500u-16-2-11-165518217/?c=750000000
"ASUS M1502YA-BQ579Q 15.6"" / 16 Гб / SSD 512 Гб / Win 11 Pro / 90NB0X21-M0QVR0";349 000 ₸;/p/asus-m1502ya-bq579q-15-6-16-gb-ssd-512-gb-win-11-pro-90nb0x21-m0qvr0-156282085/?c=750000000
"Huawei MateBook 14 14"" / 16 Гб / SSD 1000 Гб / DOS / FlemingH-W5611T/DOS";499 990 ₸;/p/huawei-matebook-14-14-16-gb-ssd-1000-gb-dos-flemingh-w5611t-dos-155157465/?c=750000000
"ThundeRobot R16 16"" / 32 Гб / M.2 1000 Гб / Win 11 Pro / I9139HX406016G1TQ240HRG";899 949 ₸;/p/thunderobot-r16-16-32-gb-m-2-1000-gb-win-11-pro-i9139hx406016g1tq240hrg-151418090/?c=750000000
"Lenovo Yoga 7 2в1 AKP10 16"" / 16 Гб / SSD 512 Гб / Win 11 Home / YX0H7BFT";489 900 ₸;/p/lenovo-yoga-7-2v1-akp10-16-16-gb-ssd-512-gb-win-11-home-yx0h7bft-154635746/?c=750000000
"Acer Aspire Go 15.6"" / 8 Гб / SSD 256 Гб / DOS / AG15-31P-C8B1 / NX.KX5ER.003";249 900 ₸;/p/acer-aspire-go-15-6-8-gb-ssd-256-gb-dos-ag15-31p-c8b1-nx-kx5er-003-119705520/?c=750000000
"ASUS ROG STRIX G16 G614PP-WH94 16"" / 32 Гб / SSD 2000 Гб / Win 11 Pro / 90NR0D67-M004S0";1 289 990 ₸;/p/asus-rog-strix-g16-g614pp-wh94-16-32-gb-ssd-2000-gb-win-11-pro-90nr0d67-m004s0-165936935/?c=750000000
"ASUS VivoBook X1404VA-I38128 14"" / 8 Гб / SSD 512 Гб / Win 11 Pro / 90NB10I1-M013F0";279 000 ₸;/p/asus-vivobook-x1404va-i38128-14-8-gb-ssd-512-gb-win-11-pro-90nb10i1-m013f0-163072960/?c=750000000
"Lenovo IdeaPad Slim 3 16"" / 8 Гб / SSD 512 Гб / Win 11 Home / 83K20012RK";287 999 ₸;/p/lenovo-ideapad-slim-3-16-8-gb-ssd-512-gb-win-11-home-83k20012rk-133914295/?c=750000000
"ASUS Zenbook S14 OLED 14"" / 32 Гб / SSD 1000 Гб / Win 11 / UX5406SA-QJ559W";849 990 ₸;/p/asus-zenbook-s14-oled-14-32-gb-ssd-1000-gb-win-11-ux5406sa-qj559w-163074976/?c=750000000
"ASUS ROG Strix G18 18"" / 32 Гб / SSD 1000 Гб / Win 11 Pro / 90NR0LE1-M00540";1 138 890 ₸;/p/asus-rog-strix-g18-18-32-gb-ssd-1000-gb-win-11-pro-90nr0le1-m00540-158148341/?c=750000000
"Lenovo ThinkBook 14 G7 ARP 14"" / 16 Гб / SSD 512 Гб / Без ОС / 21MV001ARU";467 252 ₸;/p/lenovo-thinkbook-14-g7-arp-14-16-gb-ssd-512-gb-bez-os-21mv001aru-144620293/?c=750000000
"KML PJ156-8 15.6"" / 16 Гб / SSD 512 Гб / Win 11 Pro / PJ156-8";189 990 ₸;/p/kml-pj156-8-15-6-16-gb-ssd-512-gb-win-11-pro-pj156-8-159510597/?c=750000000
"ASUS Tuf Gaming 16 FX608JHR-RV143H 16"" / 24 Гб / SSD 1000 Гб / Win 11 Pro / 90NR0NA1-M0H7L0";898 999 ₸;/p/asus-tuf-gaming-16-fx608jhr-rv143h-16-24-gb-ssd-1000-gb-win-11-pro-90nr0na1-m0h7l0-158316998/?c=750000000
"Lenovo Legion Pro 7 16"" / 32 Гб / SSD 1000 Гб / Без ОС / 83F50026RK";1 779 990 ₸;/p/lenovo-legion-pro-7-16-32-gb-ssd-1000-gb-bez-os-83f50026rk-140292710/?c=750000000
"Apple MacBook Pro 16 2024 16.2"" / 36 Гб / SSD 1000 Гб / macOS / MX303";1 932 466 ₸;/p/apple-macbook-pro-16-2024-16-2-36-gb-ssd-1000-gb-macos-mx303-132140583/?c=750000000
"Great Asia TK-E158 15.6"" / 12 Гб / SSD 256 Гб / Win 11 / TK-E158-06227";242 498 ₸;/p/great-asia-tk-e158-15-6-12-gb-ssd-256-gb-win-11-tk-e158-06227-113163297/?c=750000000
"ASUS TUF Gaming F16 FX608JHR-RV144 16"" / 16 Гб / SSD 512 Гб / Без ОС / 90NR0NA1-M007N0";678 000 ₸;/p/asus-tuf-gaming-f16-fx608jhr-rv144-16-16-gb-ssd-512-gb-bez-os-90nr0na1-m007n0-152256279/?c=750000000
"ASUS TUF A18 FA808UH-S8029Z"" 18"" / 32 Гб / SSD 512 Гб / Win 11 Pro / 90NR0NM1-M0Z1B0";894 887 ₸;/p/asus-tuf-a18-fa808uh-s8029z-18-32-gb-ssd-512-gb-win-11-pro-90nr0nm1-m0z1b0-146842578/?c=750000000
"Ninkear A15 PRO 15.6"" / 16 Гб / SSD 512 Гб / Win 11 / A15 PRO";319 000 ₸;/p/ninkear-a15-pro-15-6-16-gb-ssd-512-gb-win-11-a15-pro-161063294/?c=750000000
"Lenovo Legion Pro 5 16IAX10H 16"" / 32 Гб / SSD 1000 Гб / Без ОС / 83LU003FRK";1 578 990 ₸;/p/lenovo-legion-pro-5-16iax10h-16-32-gb-ssd-1000-gb-bez-os-83lu003frk-161884277/?c=750000000
"ASUS Vivobook 15 15.6"" / 8 Гб / SSD 512 Гб / Win 11 / X1504VA-BQ016W / 90NB10J2-M00DF0";299 900 ₸;/p/asus-vivobook-15-15-6-8-gb-ssd-512-gb-win-11-x1504va-bq016w-90nb10j2-m00df0-112365048/?c=750000000
"ASUS VivoBook X1404VA-I38128 14"" / 16 Гб / SSD 1000 Гб / Win 11 Pro / 90NB10I1-M01F0";339 990 ₸;/p/asus-vivobook-x1404va-i38128-14-16-gb-ssd-1000-gb-win-11-pro-90nb10i1-m01f0-161043895/?c=750000000
"ASUS Vivobook TP3407S 14"" / 16 Гб / SSD 1000 Гб / Win 11 Pro / TP3407SA-DS74T";549 990 ₸;/p/asus-vivobook-tp3407s-14-16-gb-ssd-1000-gb-win-11-pro-tp3407sa-ds74t-161044582/?c=750000000
"ASUS Vivobook 16 Flip 16"" / 16 Гб / SSD 512 Гб / Win 11 / TP3607SA-SI103W";586 989 ₸;/p/asus-vivobook-16-flip-16-16-gb-ssd-512-gb-win-11-tp3607sa-si103w-162970287/?c=750000000
"ASUS Zenbook S16 16"" / 32 Гб / SSD 1000 Гб / Win 10 / UM5606GA-SS150W";1 149 980 ₸;/p/asus-zenbook-s16-16-32-gb-ssd-1000-gb-win-10-um5606ga-ss150w-154713468/?c=750000000
"Huawei MateBook GT 14 ENZH-X 14.2"" / 32 Гб / SSD 1024 Гб / DOS / 53014NQB";769 990 ₸;/p/huawei-matebook-gt-14-enzh-x-14-2-32-gb-ssd-1024-gb-dos-53014nqb-158991740/?c=750000000
"ASUS FX608JMR-RV118Q 16"" / 16 Гб / SSD 1000 Гб / Win 11 Pro / 90NR0NB1-M0Q6W0";799 900 ₸;/p/asus-fx608jmr-rv118q-16-16-gb-ssd-1000-gb-win-11-pro-90nr0nb1-m0q6w0-154903778/?c=750000000
"Zentek NAIZA 16"" / 32 Гб / M.2 1024 Гб / Win 11 Pro / ZKNAIZA321";750 000 ₸;/p/zentek-naiza-16-32-gb-m-2-1024-gb-win-11-pro-zknaiza321-147852580/?c=750000000
"ThundeRobot 16S Gravity Super 16"" / 32 Гб / SSD 1000 Гб / Win 11 Pro / J0BN3568Y2436";1 158 663 ₸;/p/thunderobot-16s-gravity-super-16-32-gb-ssd-1000-gb-win-11-pro-j0bn3568y2436-140265245/?c=750000000
"ASUS Vivobook Go 15 15.6"" / 8 Гб / SSD 256 Гб / Win 11 Home / E1504FA-BQ164W / 90NB0ZR3-M00S10";239 951 ₸;/p/asus-vivobook-go-15-15-6-8-gb-ssd-256-gb-win-11-home-e1504fa-bq164w-90nb0zr3-m00s10-112266927/?c=750000000
"Huawei MateBook 14 14"" / 16 Гб / SSD 1024 Гб / DOS / FlemingH-W7611T/DOS";589 990 ₸;/p/huawei-matebook-14-14-16-gb-ssd-1024-gb-dos-flemingh-w7611t-dos-155157453/?c=750000000
"Apple MacBook Air 13 2024 13.6"" / 16 Гб / SSD 512 Гб / macOS / MXCR3";682 242 ₸;/p/apple-macbook-air-13-2024-13-6-16-gb-ssd-512-gb-macos-mxcr3-117948964/?c=750000000
"Great Asia TK-E156E 15.6"" / 16 Гб / SSD 256 Гб / Win 11 Pro / TK-E156E-06550";249 000 ₸;/p/great-asia-tk-e156e-15-6-16-gb-ssd-256-gb-win-11-pro-tk-e156e-06550-117323236/?c=750000000
"Lenovo IdeaPad 1 15IJL7 15.6"" / 32 Гб / SSD 1000 Гб / Win 11 Pro / 82LX17G9RK";344 883 ₸;/p/lenovo-ideapad-1-15ijl7-15-6-32-gb-ssd-1000-gb-win-11-pro-82lx17g9rk-144483339/?c=750000000
"Lenovo Legion Pro 5 16"" / 32 Гб / SSD 1024 Гб / Без ОС / 83F2000BRK";1 700 888 ₸;/p/lenovo-legion-pro-5-16-32-gb-ssd-1024-gb-bez-os-83f2000brk-148608565/?c=750000000
"Eliv E-140 14"" / 6 Гб / SSD 128 Гб / Win 10 / 1921684011";99 500 ₸;/p/eliv-e-140-14-6-gb-ssd-128-gb-win-10-1921684011-135485867/?c=750000000
"ASUS Zenbook 14 UM3406KA-QD174 14"" / 16 Гб / SSD 1024 Гб / Без ОС / 90NB14U1-M00A40";599 990 ₸;/p/asus-zenbook-14-um3406ka-qd174-14-16-gb-ssd-1024-gb-bez-os-90nb14u1-m00a40-150059146/?c=750000000
"Adreamer TKE-156 15.6"" / 16 Гб / SSD 512 Гб / Win 10 / TKE-156";210 000 ₸;/p/adreamer-tke-156-15-6-16-gb-ssd-512-gb-win-10-tke-156-110763908/?c=750000000
"HP OmniBook 16-af1017fm 16"" / 16 Гб / SSD 1000 Гб / Win 11 / B11W5UA";429 900 ₸;/p/hp-omnibook-16-af1017fm-16-16-gb-ssd-1000-gb-win-11-b11w5ua-163716109/?c=750000000
"Tohom TK-E157 15.6"" / 8 Гб / SSD 256 Гб / Win 11 / TK-E157-06679";182 000 ₸;/p/tohom-tk-e157-15-6-8-gb-ssd-256-gb-win-11-tk-e157-06679-135142357/?c=750000000
Apple MacBook Air 15 2025 / 24 Гб / SSD 512 Гб / macOS / MC7D4RU/A;908 010 ₸;/p/apple-macbook-air-15-2025-24-gb-ssd-512-gb-macos-mc7d4ru-a-138171685/?c=750000000
"ASUS Vivobook 15 15.6"" / 16 Гб / SSD 512 Гб / DOS / X1504ZA / 90NB1022-M01ME0";299 888 ₸;/p/asus-vivobook-15-15-6-16-gb-ssd-512-gb-dos-x1504za-90nb1022-m01me0-117006051/?c=750000000
"Apple MacBook Pro 14 2024 14.2"" / 24 Гб / SSD 1024 Гб / macOS / MX2F3";1 628 467 ₸;/p/apple-macbook-pro-14-2024-14-2-24-gb-ssd-1024-gb-macos-mx2f3-137288269/?c=750000000
"ASUS Vivobook X1504VA-BQ784Y 15.6"" / 24 Гб / SSD 1000 Гб / Win 11 Pro / 90NB10T2";429 607 ₸;/p/asus-vivobook-x1504va-bq784y-15-6-24-gb-ssd-1000-gb-win-11-pro-90nb10t2-136915586/?c=750000000
"Lenovo IdeaPad Slim 3 15IAN8 15.6"" / 8 Гб / SSD 512 Гб / Win 11 Home / 82XB00C8RK";445 000 ₸;/p/lenovo-ideapad-slim-3-15ian8-15-6-8-gb-ssd-512-gb-win-11-home-82xb00c8rk-133568389/?c=750000000
"Apple MacBook Air 15 2024 15.3"" / 8 Гб / SSD 512 Гб / macOS / MRYN3RU/A";709 800 ₸;/p/apple-macbook-air-15-2024-15-3-8-gb-ssd-512-gb-macos-mryn3ru-a-118169982/?c=750000000
"ASUS TUF Gaming F15 15.6"" / 16 Гб / SSD 1000 Гб / Win 11 Pro / FX507ZC4-HX145HW / 90NR0GW1-M0HBW0";577 824 ₸;/p/asus-tuf-gaming-f15-15-6-16-gb-ssd-1000-gb-win-11-pro-fx507zc4-hx145hw-90nr0gw1-m0hbw0-119190516/?c=750000000
"Huawei MateBook D 14 14"" / 16 Гб / SSD 512 Гб / Win 11 Home / 53014BRW";419 990 ₸;/p/huawei-matebook-d-14-14-16-gb-ssd-512-gb-win-11-home-53014brw-133167015/?c=750000000
"Lenovo Yoga 7 2-in-1 16ILL10 16"" / 16 Гб / SSD 1000 Гб / Без ОС / 83JT0028RK";723 821 ₸;/p/lenovo-yoga-7-2-in-1-16ill10-16-16-gb-ssd-1000-gb-bez-os-83jt0028rk-143879935/?c=750000000
"ASUS TUF Gaming F17 FX707VUR-HX210 17.3"" / 16 Гб / SSD 512 Гб / Без ОС / 90NR0CS5-M00CJ0";499 970 ₸;/p/asus-tuf-gaming-f17-fx707vur-hx210-17-3-16-gb-ssd-512-gb-bez-os-90nr0cs5-m00cj0-139080515/?c=750000000
"ASUS ROG Flow Z13 GZ302EA-RU045W 13.4"" / 32 Гб / SSD 1024 Гб / Win 11 Home / 90NR0JY1-M002E0";1 534 973 ₸;/p/asus-rog-flow-z13-gz302ea-ru045w-13-4-32-gb-ssd-1024-gb-win-11-home-90nr0jy1-m002e0-135922585/?c=750000000
"FYRIA F10 Pro 14"" / 16 Гб / SSD 512 Гб / Win 11 Pro / GA140Y250023 + подарок";299 990 ₸;/p/fyria-f10-pro-14-16-gb-ssd-512-gb-win-11-pro-ga140y250023-podarok-142943629/?c=750000000
"Acer Nitro V 15 15.6"" / 24 Гб / SSD 1000 Гб / Win 11 Pro / NH.QNDER.002Y";598 993 ₸;/p/acer-nitro-v-15-15-6-24-gb-ssd-1000-gb-win-11-pro-nh-qnder-002y-144490680/?c=750000000
"HP 15-fc0081ci 15.6"" / 16 Гб / SSD 512 Гб / Без ОС / B4LK8EA";296 000 ₸;/p/hp-15-fc0081ci-15-6-16-gb-ssd-512-gb-bez-os-b4lk8ea-144337121/?c=750000000
"Lenovo IdeaPad Slim 3 15.6"" / 16 Гб / SSD 1000 Гб / DOS / 15IRH8 / 83EM003WRK";479 989 ₸;/p/lenovo-ideapad-slim-3-15-6-16-gb-ssd-1000-gb-dos-15irh8-83em003wrk-115993212/?c=750000000
Apple MacBook Air 15 2025 / 24 Гб / SSD 512 Гб / macOS / MC6J4RU/A;1 050 000 ₸;/p/apple-macbook-air-15-2025-24-gb-ssd-512-gb-macos-mc6j4ru-a-138172723/?c=750000000
"ULTRON SMART N100 15.6"" / 16 Гб / SSD 512 Гб / Win 11 / 00330-80000-00000-AA831";840 990 ₸;/p/ultron-smart-n100-15-6-16-gb-ssd-512-gb-win-11-00330-80000-00000-aa831-136748512/?c=750000000
"HP 15-fc0177ci 15.6"" / 24 Гб / SSD 1000 Гб / Win 11 Pro / B51D4EA#UUQ";448 000 ₸;/p/hp-15-fc0177ci-15-6-24-gb-ssd-1000-gb-win-11-pro-b51d4ea-uuq-132080626/?c=750000000
"HP 15-fd1003nq 15.6"" / 24 Гб / SSD 1000 Гб / DOS / D0BL2EA";369 025 ₸;/p/hp-15-fd1003nq-15-6-24-gb-ssd-1000-gb-dos-d0bl2ea-165039600/?c=750000000
"Lenovo Lenovo Legion Pro 5 16IAX10H 16"" / 32 Гб / SSD 2000 Гб / Win 11 Home / 83LU0007US";1 679 990 ₸;/p/lenovo-lenovo-legion-pro-5-16iax10h-16-32-gb-ssd-2000-gb-win-11-home-83lu0007us-159805630/?c=750000000
"A15 Air 15.6"" / 16 Гб / SSD 512 Гб / Win 11 / A15 Air";239 990 ₸;/p/a15-air-15-6-16-gb-ssd-512-gb-win-11-a15-air-167123560/?c=750000000
"ASUS F1504VA-SB31 15.6"" / 12 Гб / SSD 512 Гб / Win 11 / 90NB14J1-M01S60";259 990 ₸;/p/asus-f1504va-sb31-15-6-12-gb-ssd-512-gb-win-11-90nb14j1-m01s60-167347636/?c=750000000
"Acer Aspire 14 AI A14-52MT-701K 14"" / 32 Гб / SSD 1000 Гб / Win 11 Pro / NX.JDJAA.004";549 990 ₸;/p/acer-aspire-14-ai-a14-52mt-701k-14-32-gb-ssd-1000-gb-win-11-pro-nx-jdjaa-004-167276691/?c=750000000
"Acer Gadget ETBook Air M14H 14"" / 16 Гб / SSD 512 Гб / Win 11 / ZL.OTH11.03N";299 990 ₸;/p/acer-gadget-etbook-air-m14h-14-16-gb-ssd-512-gb-win-11-zl-oth11-03n-167399168/?c=750000000
"Chuwi MiniBook X N150 10.51"" / 16 Гб / M.2 512 Гб / Win 11 Home / CWI558-N150";220 628 ₸;/p/chuwi-minibook-x-n150-10-51-16-gb-m-2-512-gb-win-11-home-cwi558-n150-145214680/?c=750000000
"ASUS ROG Strix G16 16"" / 32 Гб / SSD 1000 Гб / DOS / G614JI-N4413 / 90NR0D41-M00VN0";1 349 918 ₸;/p/asus-rog-strix-g16-16-32-gb-ssd-1000-gb-dos-g614ji-n4413-90nr0d41-m00vn0-118843401/?c=750000000
"Ноутбук HP 15-fd0154nm 15.6&#34; / 32 Гб / SSD 1000 Гб / Win 11 / Official Store";499 888 ₸;/p/noutbuk-hp-15-fd0154nm-15-6-34-32-gb-ssd-1000-gb-win-11-official-store-160537673/?c=750000000
"ASUS X1704VA-AU299D 17.3"" / 12 Гб / SSD 1000 Гб / Win 11 Pro / 90NB13X1-M0D0F0";449 900 ₸;/p/asus-x1704va-au299d-17-3-12-gb-ssd-1000-gb-win-11-pro-90nb13x1-m0d0f0-154662303/?c=750000000
"GIGABYTE AORUS Master 16 BYHC5KZE64SP 16"" / 32 Гб / SSD 1024 Гб / Win 11 Pro / BYHC5KZE64SP";2 999 999 ₸;/p/gigabyte-aorus-master-16-byhc5kze64sp-16-32-gb-ssd-1024-gb-win-11-pro-byhc5kze64sp-138569129/?c=750000000
"ASUS FA507NUR-LP127I 15.6"" / 16 Гб / SSD 1000 Гб / Win 11 Pro / 90NR0JP5-M007S0";589 900 ₸;/p/asus-fa507nur-lp127i-15-6-16-gb-ssd-1000-gb-win-11-pro-90nr0jp5-m007s0-141557144/?c=750000000
"ASUS Vivobook 15 M1502YA-BQ607Y 15.6"" / 24 Гб / SSD 1000 Гб / Win 11 Pro / 90NB0X22";449 888 ₸;/p/asus-vivobook-15-m1502ya-bq607y-15-6-24-gb-ssd-1000-gb-win-11-pro-90nb0x22-137574301/?c=750000000
"Great Asia TK-E140J 14.1"" / 6 Гб / SSD 128 Гб / Win 10 /";158 000 ₸;/p/great-asia-tk-e140j-14-1-6-gb-ssd-128-gb-win-10--118496286/?c=750000000
"Lenovo IdeaPad Slim 3 15IRH8 15.6"" / 16 Гб / SSD 512 Гб / Без ОС / 83EM0067RK";319 800 ₸;/p/lenovo-ideapad-slim-3-15irh8-15-6-16-gb-ssd-512-gb-bez-os-83em0067rk-128976358/?c=750000000
"Apple MacBook Pro 14 2023 14.2"" / 36 Гб / SSD 1024 Гб / macOS / MRX53";1 993 159 ₸;/p/apple-macbook-pro-14-2023-14-2-36-gb-ssd-1024-gb-macos-mrx53-137243352/?c=750000000
"ASUS Vivobook 15 X1504VA-BQ5444I 15.6"" / 24 Гб / SSD 512 Гб / Win 11 Pro / 90NB13Y2-M007J0";469 990 ₸;/p/asus-vivobook-15-x1504va-bq5444i-15-6-24-gb-ssd-512-gb-win-11-pro-90nb13y2-m007j0-160048838/?c=750000000
"Dream Machines 17.3"" / 16 Гб / SSD 512 Гб / Без ОС / RG3050Ti-17EU21";899 999 ₸;/p/dream-machines-17-3-16-gb-ssd-512-gb-bez-os-rg3050ti-17eu21-105805669/?c=750000000
"ASUS VivoBook 14 Flip TP3407SA 14"" / 16 Гб / SSD 512 Гб / Win 11 Pro / TP3407SA-DS777T";509 990 ₸;/p/asus-vivobook-14-flip-tp3407sa-14-16-gb-ssd-512-gb-win-11-pro-tp3407sa-ds777t-163072981/?c=750000000
"Lenovo LOQ 15IRX10 15.6"" / 16 Гб / SSD 2000 Гб / Win 11 Pro / 83JE005BRK";753 616 ₸;/p/lenovo-loq-15irx10-15-6-16-gb-ssd-2000-gb-win-11-pro-83je005brk-148241383/?c=750000000
"ASUS FA506NC-HN024I 15.6"" / 24 Гб / SSD 1000 Гб / Win 11 Pro / 90NR0JF7-M0I1U0";556 259 ₸;/p/asus-fa506nc-hn024i-15-6-24-gb-ssd-1000-gb-win-11-pro-90nr0jf7-m0i1u0-149587344/?c=750000000
"DEXP Atlas 14"" / 16 Гб / SSD 256 Гб / Win 11 Home / M14-I3W303";325 000 ₸;/p/dexp-atlas-14-16-gb-ssd-256-gb-win-11-home-m14-i3w303-117507280/?c=750000000
"ASUS Zenbook 14 UX3405MA-QD244W 14"" / 16 Гб / SSD 1000 Гб / Win 11 Home / 90NB11R1-M01AX0";699 970 ₸;/p/asus-zenbook-14-ux3405ma-qd244w-14-16-gb-ssd-1000-gb-win-11-home-90nb11r1-m01ax0-121813936/?c=750000000
"ASUS VivoBook S16 S5606CA-RI131W 16"" / 16 Гб / SSD 512 Гб / Win 11 Home / 90NB1551-M00660";619 990 ₸;/p/asus-vivobook-s16-s5606ca-ri131w-16-16-gb-ssd-512-gb-win-11-home-90nb1551-m00660-136266464/?c=750000000
"NEXSMART anl5 15.6"" / 16 Гб / SSD 512 Гб / Win 11 / anl5-n95";890 000 ₸;/p/nexsmart-anl5-15-6-16-gb-ssd-512-gb-win-11-anl5-n95-134044149/?c=750000000
"Apple MacBook Pro 14 2024 14.2"" / 24 Гб / SSD 512 Гб / macOS / MX2H3RU/A";1 331 724 ₸;/p/apple-macbook-pro-14-2024-14-2-24-gb-ssd-512-gb-macos-mx2h3ru-a-132140624/?c=750000000
"ASUS Vivobook X1504VA 15.6"" / 8 Гб / SSD 512 Гб / Win 11 Home / 90NB10J1-M02V60";274 000 ₸;/p/asus-vivobook-x1504va-15-6-8-gb-ssd-512-gb-win-11-home-90nb10j1-m02v60-138242403/?c=750000000
"Lenovo IdeaPad Slim 3 15.6"" / 16 Гб / SSD 512 Гб / DOS / 15IAH8 / 83ER008ERK";328 999 ₸;/p/lenovo-ideapad-slim-3-15-6-16-gb-ssd-512-gb-dos-15iah8-83er008erk-113551791/?c=750000000
"Apple MacBook Air 15.3"" / 16 Гб / SSD 1024 Гб / macOS / MDVE4RU/A";1 029 990 ₸;/p/apple-macbook-air-15-3-16-gb-ssd-1024-gb-macos-mdve4ru-a-161466879/?c=750000000
"ASUS TUF Gaming A15 15.6"" / 16 Гб / SSD 512 Гб / DOS / FA507NU-LP153 / 90NR0EB5-M00FP0";555 974 ₸;/p/asus-tuf-gaming-a15-15-6-16-gb-ssd-512-gb-dos-fa507nu-lp153-90nr0eb5-m00fp0-118136976/?c=750000000
"ASUS UX3607OA-SQ019W 16"" / 48 Гб / SSD 1000 Гб / Win 11 Home / 90NB17W1-M00100";1 019 990 ₸;/p/asus-ux3607oa-sq019w-16-48-gb-ssd-1000-gb-win-11-home-90nb17w1-m00100-164298640/?c=750000000
"PWR Y650 15.6"" / 16 Гб / SSD 2048 Гб / Win 11 / Y650";180 000 ₸;/p/pwr-y650-15-6-16-gb-ssd-2048-gb-win-11-y650-163583207/?c=750000000
"ASUS Vivobook Go 15 15.6"" / 8 Гб / SSD 512 Гб / Win 11 / 90NB0ZR2-M027H0";399 990 ₸;/p/asus-vivobook-go-15-15-6-8-gb-ssd-512-gb-win-11-90nb0zr2-m027h0-133309826/?c=750000000
"Lenovo LOQ 17IRX10 17.3"" / 32 Гб / SSD 1000 Гб / Без ОС / 83JH003NRK";1 079 899 ₸;/p/lenovo-loq-17irx10-17-3-32-gb-ssd-1000-gb-bez-os-83jh003nrk-144233832/?c=750000000
"Lenovo IdeaPad 3 15.6"" / 16 Гб / SSD 512 Гб / DOS / 15IAU7 / 82RK00HXRK";299 000 ₸;/p/lenovo-ideapad-3-15-6-16-gb-ssd-512-gb-dos-15iau7-82rk00hxrk-108560516/?c=750000000
"Apple MacBook Pro 14 2026 14.2"" / 24 Гб / SSD 2048 Гб / macOS / MGDP4RU/A";1 962 990 ₸;/p/apple-macbook-pro-14-2026-14-2-24-gb-ssd-2048-gb-macos-mgdp4ru-a-163443517/?c=750000000
"ASUS Tuf Gaming 16 FX608JHR-RV143W 16"" / 16 Гб / SSD 512 Гб / Win 11 Pro / 90NR0NA1-M0W7L0";699 888 ₸;/p/asus-tuf-gaming-16-fx608jhr-rv143w-16-16-gb-ssd-512-gb-win-11-pro-90nr0na1-m0w7l0-158316827/?c=750000000
"Lenovo LOQ 15AHP10 15.6"" / 16 Гб / SSD 1000 Гб / Win 11 Pro / 83JG002VRK";629 990 ₸;/p/lenovo-loq-15ahp10-15-6-16-gb-ssd-1000-gb-win-11-pro-83jg002vrk-152089378/?c=750000000
"ASUS ROG Zephyrus G14 14"" / 32 Гб / SSD 1000 Гб / Win 11 / 90NR0P83-M000X0";1 999 990 ₸;/p/asus-rog-zephyrus-g14-14-32-gb-ssd-1000-gb-win-11-90nr0p83-m000x0-164287071/?c=750000000
"Castom Castom GS-G13 16"" / 16 Гб / SSD 1000 Гб / Win 11 / 141867835_576685963";449 900 ₸;/p/castom-castom-gs-g13-16-16-gb-ssd-1000-gb-win-11-141867835-576685963-163322601/?c=750000000
"Apple MacBook Pro 16.2"" / 24 Гб / SSD 1024 Гб / macOS / MGEA4";1 598 915 ₸;/p/apple-macbook-pro-16-2-24-gb-ssd-1024-gb-macos-mgea4-164282272/?c=750000000
"Acer PHN18-72-99NS 18"" / 32 Гб / SSD 1000 Гб / Без ОС / NH.QVFEK.003";1 699 910 ₸;/p/acer-phn18-72-99ns-18-32-gb-ssd-1000-gb-bez-os-nh-qvfek-003-148704050/?c=750000000
"Acer Aspire Lite AL14-52M 14"" / 8 Гб / SSD 512 Гб / Без ОС / NX.J9HER.004";293 990 ₸;/p/acer-aspire-lite-al14-52m-14-8-gb-ssd-512-gb-bez-os-nx-j9her-004-135872133/?c=750000000
"ASUS X1504VA 15.6"" / 8 Гб / SSD 512 Гб / Win 11 Pro / 90NB10J2-M0QBY0";269 269 ₸;/p/asus-x1504va-15-6-8-gb-ssd-512-gb-win-11-pro-90nb10j2-m0qby0-154166609/?c=750000000
"Acer Aspire Lite AL14-32P 14"" / 8 Гб / SSD 256 Гб / Без ОС / NX.D2ZEM.001";219 990 ₸;/p/acer-aspire-lite-al14-32p-14-8-gb-ssd-256-gb-bez-os-nx-d2zem-001-163074069/?c=750000000
"Apple MacBook Air 15 2024 15.3"" / 16 Гб / SSD 256 Гб / macOS / MC9F4RU/A";689 890 ₸;/p/apple-macbook-air-15-2024-15-3-16-gb-ssd-256-gb-macos-mc9f4ru-a-132107430/?c=750000000
"Acer Nitro V15 15.6"" / 32 Гб / SSD 1000 Гб / Win 11 Pro / NH.QSHER.008";649 990 ₸;/p/acer-nitro-v15-15-6-32-gb-ssd-1000-gb-win-11-pro-nh-qsher-008-166840957/?c=750000000
"Lenovo IdeaPad Slim 3 16"" / 16 Гб / SSD 256 Гб / Без ОС / 82XR00D8RK";299 990 ₸;/p/lenovo-ideapad-slim-3-16-16-gb-ssd-256-gb-bez-os-82xr00d8rk-144403492/?c=750000000
"ASUS Vivobook 16"" / 16 Гб / SSD 512 Гб / DOS / 90NB15A2-M00KK0";399 990 ₸;/p/asus-vivobook-16-16-gb-ssd-512-gb-dos-90nb15a2-m00kk0-164193129/?c=750000000
"HP 15-fc0140ui 15.6"" / 12 Гб / SSD 512 Гб / Win 11 Pro / BM0B07EA#UUQ";289 899 ₸;/p/hp-15-fc0140ui-15-6-12-gb-ssd-512-gb-win-11-pro-bm0b07ea-uuq-145145274/?c=750000000
"ASUS Vivobook 16X K3604VA-MB267A 16"" / 16 Гб / SSD 1000 Гб / Win 11 Pro / 90NB1071-M00A90";399 000 ₸;/p/asus-vivobook-16x-k3604va-mb267a-16-16-gb-ssd-1000-gb-win-11-pro-90nb1071-m00a90-137930612/?c=750000000
"ASUS TUF Gaming F15 15.6"" / 16 Гб / SSD 512 Гб / Win 11 Pro / FX507ZC4 / 90NR0GW1-M00BW0";490 749 ₸;/p/asus-tuf-gaming-f15-15-6-16-gb-ssd-512-gb-win-11-pro-fx507zc4-90nr0gw1-m00bw0-118820199/?c=750000000
"Lenovo LOQ 15IRX9 15.6"" / 24 Гб / SSD 1000 Гб / Без ОС / 83DV00YKRK";729 999 ₸;/p/lenovo-loq-15irx9-15-6-24-gb-ssd-1000-gb-bez-os-83dv00ykrk-135203799/?c=750000000
"ASUS ExpertBook P1 P1403CVA-S61793X 14"" / 32 Гб / SSD 1024 Гб / Win 11 Pro / 90NX0871-M022X0";579 888 ₸;/p/asus-expertbook-p1-p1403cva-s61793x-14-32-gb-ssd-1024-gb-win-11-pro-90nx0871-m022x0-160576666/?c=750000000
"ASUS 14"" / 4 Гб / SSD 256 Гб / Без ОС / E410MA / 90NB0Q16-M003T0";158 990 ₸;/p/asus-14-4-gb-ssd-256-gb-bez-os-e410ma-90nb0q16-m003t0-103202521/?c=750000000
"HP OmniBook 5 16-af1055cl 16"" / 16 Гб / SSD 1000 Гб / Win 11 / B97M4UA";399 900 ₸;/p/hp-omnibook-5-16-af1055cl-16-16-gb-ssd-1000-gb-win-11-b97m4ua-165609834/?c=750000000
"ASUS Zenbook S 16 UM5606GA-SS022W 16"" / 32 Гб / SSD 1000 Гб / Win 11 Home / 90NB17H2-M006F0";999 990 ₸;/p/asus-zenbook-s-16-um5606ga-ss022w-16-32-gb-ssd-1000-gb-win-11-home-90nb17h2-m006f0-155017886/?c=750000000
"Lenovo IdeaPad Slim 3 15IRH10 15.3"" / 16 Гб / SSD 1000 Гб / Win 11 Pro / 83K1702WR";418 699 ₸;/p/lenovo-ideapad-slim-3-15irh10-15-3-16-gb-ssd-1000-gb-win-11-pro-83k1702wr-134800679/?c=750000000
"Melonco P15 15.6"" / 16 Гб / M.2 512 Гб / Win 11 / ML-R5625-16512-GY";259 900 ₸;/p/melonco-p15-15-6-16-gb-m-2-512-gb-win-11-ml-r5625-16512-gy-155158164/?c=750000000
"ASUS TUF Gaming F15 15.6"" / 16 Гб / SSD 1024 Гб / Без ОС / FX507VI-LP075 / 90NR0FH7-M003M0";799 990 ₸;/p/asus-tuf-gaming-f15-15-6-16-gb-ssd-1024-gb-bez-os-fx507vi-lp075-90nr0fh7-m003m0-131684562/?c=750000000
"Great Asia E140C 14"" / 16 Гб / SSD 256 Гб / Win 11 /";189 000 ₸;/p/great-asia-e140c-14-16-gb-ssd-256-gb-win-11--120203877/?c=750000000
"HP OMEN Gaming 16-am0007cl 16"" / 24 Гб / SSD 1000 Гб / Win 11 Pro / CT7A1EA#UUQ";990 000 ₸;/p/hp-omen-gaming-16-am0007cl-16-24-gb-ssd-1000-gb-win-11-pro-ct7a1ea-uuq-155615423/?c=750000000
"Lenovo IdeaPad 3 15.6"" / 8 Гб / SSD 512 Гб / DOS / 15IAU7 / 82RK00EVRK";304 160 ₸;/p/lenovo-ideapad-3-15-6-8-gb-ssd-512-gb-dos-15iau7-82rk00evrk-107325644/?c=750000000
"MECHREVO KuangShi X 16"" / 16 Гб / SSD 1000 Гб / Win 11 Pro / FGMX6RP556W0051201";739 920 ₸;/p/mechrevo-kuangshi-x-16-16-gb-ssd-1000-gb-win-11-pro-fgmx6rp556w0051201-150158068/?c=750000000
"Lenovo ThinkBook 16 G6 IRL 16"" / 8 Гб / SSD 512 Гб / Без ОС / 21KH006PRU";280 990 ₸;/p/lenovo-thinkbook-16-g6-irl-16-8-gb-ssd-512-gb-bez-os-21kh006pru-116968871/?c=750000000
"Lenovo LOQ 15IRX9 15.6"" / 32 Гб / SSD 512 Гб / Win 11 Pro / 83DV10CHRKLOQ 15IRX9";599 900 ₸;/p/lenovo-loq-15irx9-15-6-32-gb-ssd-512-gb-win-11-pro-83dv10chrkloq-15irx9-156242752/?c=750000000
"Huawei MateBook D 16 16"" / 16 Гб / SSD 1000 Гб / Без ОС / I5161TSUN";349 990 ₸;/p/huawei-matebook-d-16-16-16-gb-ssd-1000-gb-bez-os-i5161tsun-140428965/?c=750000000
"Tokio Dream Tokio Dream Book + TWS J6 Pro 14"" / 4 Гб / eMMC 64 Гб / Win 10 / 95637152";87 990 ₸;/p/tokio-dream-tokio-dream-book-tws-j6-pro-14-4-gb-emmc-64-gb-win-10-95637152-165177775/?c=750000000
"ASUS TUF Gaming F15 15.6"" / 16 Гб / SSD 512 Гб / DOS / FX506HCB-HN218 / 90NR0724-M06420";541 931 ₸;/p/asus-tuf-gaming-f15-15-6-16-gb-ssd-512-gb-dos-fx506hcb-hn218-90nr0724-m06420-102685561/?c=750000000
"HP 15-fc0146dx 15.6"" / 8 Гб / SSD 512 Гб / Win 11 Home / C0CL9UA#ABA";289 202 ₸;/p/hp-15-fc0146dx-15-6-8-gb-ssd-512-gb-win-11-home-c0cl9ua-aba-154636185/?c=750000000
"HP 15s 15.6"" / 16 Гб / SSD 512 Гб / Win 11 Pro / 15s-fq5099ci / A99WNEA";295 157 ₸;/p/hp-15s-15-6-16-gb-ssd-512-gb-win-11-pro-15s-fq5099ci-a99wnea-119271438/?c=750000000
"ASUS ROG Zephyrus G16 OLED 16"" / 32 Гб / SSD 1000 Гб / Без ОС / 90NR0NE2-M000W0";1 449 990 ₸;/p/asus-rog-zephyrus-g16-oled-16-32-gb-ssd-1000-gb-bez-os-90nr0ne2-m000w0-141346991/?c=750000000
"Lenovo IdeaPad 3 15.6"" / 8 Гб / SSD 256 Гб / Без ОС / 15ITL6 / 82H8005GRK";213 670 ₸;/p/lenovo-ideapad-3-15-6-8-gb-ssd-256-gb-bez-os-15itl6-82h8005grk-108090705/?c=750000000
"Lenovo IdeaPad Slim 3 16IRH10 16"" / 24 Гб / SSD 512 Гб / Win 11 Pro / 83ER2014WRK";449 888 ₸;/p/lenovo-ideapad-slim-3-16irh10-16-24-gb-ssd-512-gb-win-11-pro-83er2014wrk-153607955/?c=750000000
"Apple MacBook Pro 14 2023 14.2"" / 18 Гб / SSD 1000 Гб / macOS / MRX43";1 279 720 ₸;/p/apple-macbook-pro-14-2023-14-2-18-gb-ssd-1000-gb-macos-mrx43-137223420/?c=750000000
"Apple MacBook Air 15 2024 15.3"" / 16 Гб / SSD 256 Гб / macOS / MC9D4";729 975 ₸;/p/apple-macbook-air-15-2024-15-3-16-gb-ssd-256-gb-macos-mc9d4-137243304/?c=750000000
"Lenovo ThinkBook 16 G7 ARP 16"" / 16 Гб / SSD 512 Гб / Без ОС / 21MW0083RU";458 990 ₸;/p/lenovo-thinkbook-16-g7-arp-16-16-gb-ssd-512-gb-bez-os-21mw0083ru-163548799/?c=750000000
"ASUS VivoBook 15 X1504VA-BQ603 15.6"" / 16 Гб / SSD 512 Гб / Без ОС / 90NB10J1-M00TB0";329 167 ₸;/p/asus-vivobook-15-x1504va-bq603-15-6-16-gb-ssd-512-gb-bez-os-90nb10j1-m00tb0-123277317/?c=750000000
"ASUS TUF Gaming A17 FA707NU-DS53ZW 17.3"" / 16 Гб / SSD 1000 Гб / Win 11 Pro / 90NR0EF-M1N7RO";599 899 ₸;/p/asus-tuf-gaming-a17-fa707nu-ds53zw-17-3-16-gb-ssd-1000-gb-win-11-pro-90nr0ef-m1n7ro-145925241/?c=750000000
"ASUS Vivobook 15 15.6"" / 16 Гб / M.2 512 Гб / DOS / X1504VA-BQ4055";309 900 ₸;/p/asus-vivobook-15-15-6-16-gb-m-2-512-gb-dos-x1504va-bq4055-155737267/?c=750000000
"Lenovo Yoga 7 2-in-1 16AHP9 16"" / 16 Гб / SSD 512 Гб / Win 11 / 83DM0006US";599 800 ₸;/p/lenovo-yoga-7-2-in-1-16ahp9-16-16-gb-ssd-512-gb-win-11-83dm0006us-164291065/?c=750000000
"ASUS ExpertBook P1403CVA-S61785J 14"" / 24 Гб / SSD 512 Гб / Win 11 Pro / 90NX0871-M0J2T0";419 900 ₸;/p/asus-expertbook-p1403cva-s61785j-14-24-gb-ssd-512-gb-win-11-pro-90nx0871-m0j2t0-154134395/?c=750000000
"Lenovo LOQ 15ARP9 15.6"" / 24 Гб / SSD 1000 Гб / Win 11 Pro / 83GC00LYUS";619 999 ₸;/p/lenovo-loq-15arp9-15-6-24-gb-ssd-1000-gb-win-11-pro-83gc00lyus-165611933/?c=750000000
"HP 15-fd01131gi 15.6"" / 24 Гб / SSD 512 Гб / Win 11 Pro / CL6V59EA#UUQ";349 899 ₸;/p/hp-15-fd01131gi-15-6-24-gb-ssd-512-gb-win-11-pro-cl6v59ea-uuq-153380247/?c=750000000
"ThundeRobot Hunter Blade RS 16 16"" / 32 Гб / M.2 1000 Гб / Win 11 Pro / JT009L00K0045R6SSAM";919 939 ₸;/p/thunderobot-hunter-blade-rs-16-16-32-gb-m-2-1000-gb-win-11-pro-jt009l00k0045r6ssam-163075346/?c=750000000
"ASUS TUF Gaming F16 FX608JPR-RV019A 16"" / 20 Гб / SSD 1000 Гб / Win 11 Pro / 90NR0NG1-M0T350";989 000 ₸;/p/asus-tuf-gaming-f16-fx608jpr-rv019a-16-20-gb-ssd-1000-gb-win-11-pro-90nr0ng1-m0t350-153660845/?c=750000000
"ASUS X1504VA-BQ830Q 15.6"" / 16 Гб / SSD 1000 Гб / Win 11 Pro / 90NB10T2-M0Q470";438 409 ₸;/p/asus-x1504va-bq830q-15-6-16-gb-ssd-1000-gb-win-11-pro-90nb10t2-m0q470-149587314/?c=750000000
"HP 15-fd0216dx Touch Screen 15.6"" / 16 Гб / SSD 1000 Гб / Win 11 Pro / C0CN5UA#ABA";419 989 ₸;/p/hp-15-fd0216dx-touch-screen-15-6-16-gb-ssd-1000-gb-win-11-pro-c0cn5ua-aba-157911316/?c=750000000
"ASUS Vivobook 15 15.6"" / 8 Гб / SSD 512 Гб / Win 11 / X1504VA-BQ2280W / 90NB10J2-M02V00";289 899 ₸;/p/asus-vivobook-15-15-6-8-gb-ssd-512-gb-win-11-x1504va-bq2280w-90nb10j2-m02v00-137116349/?c=750000000
"HP HP 15-fc0952ci 15.6"" / 16 Гб / SSD 512 Гб / Без ОС / BM0B1EA";299 000 ₸;/p/hp-hp-15-fc0952ci-15-6-16-gb-ssd-512-gb-bez-os-bm0b1ea-141048859/?c=750000000
"Acer Extensa EX215-35-30K1 15.6"" / 8 Гб / SSD 1000 Гб / Win 11 Pro / NX.EJ6ER.003Y";299 000 ₸;/p/acer-extensa-ex215-35-30k1-15-6-8-gb-ssd-1000-gb-win-11-pro-nx-ej6er-003y-149411961/?c=750000000
"ASUS Vivobook 15 15.6"" / 8 Гб / SSD 512 Гб / DOS / X1504ZA / 90NB1021-M01NV0";292 961 ₸;/p/asus-vivobook-15-15-6-8-gb-ssd-512-gb-dos-x1504za-90nb1021-m01nv0-117006024/?c=750000000
"ASUS Vivobook 15 X1504VA-BQ615W 15.6"" / 8 Гб / M.2 512 Гб / Win 11 / 90NB13Y1-M012L0";299 888 ₸;/p/asus-vivobook-15-x1504va-bq615w-15-6-8-gb-m-2-512-gb-win-11-90nb13y1-m012l0-143511286/?c=750000000
"ASUS Vivobook 15 15.6"" / 8 Гб / SSD 512 Гб / Без ОС / X1504VA-BQ2383 / 90NB10J2-M02ZD0";249 888 ₸;/p/asus-vivobook-15-15-6-8-gb-ssd-512-gb-bez-os-x1504va-bq2383-90nb10j2-m02zd0-135584770/?c=750000000
"Zentek Devision 15.6"" / 32 Гб / SSD 1024 Гб / Win 11 Pro / ZKDEVISION321024KZ";490 000 ₸;/p/zentek-devision-15-6-32-gb-ssd-1024-gb-win-11-pro-zkdevision321024kz-166729084/?c=750000000
"Lenovo Yoga Pro 9 16IAH10 16"" / 32 Гб / SSD 1000 Гб / Win 11 Home / 83L0003WRK";1 259 990 ₸;/p/lenovo-yoga-pro-9-16iah10-16-32-gb-ssd-1000-gb-win-11-home-83l0003wrk-159810535/?c=750000000
"ASUS TUF Gaming F15 15.6"" / 32 Гб / SSD 1000 Гб / Win 11 Pro / FX507VV-LP284S / 90NR0BV7-M00SPB0";919 990 ₸;/p/asus-tuf-gaming-f15-15-6-32-gb-ssd-1000-gb-win-11-pro-fx507vv-lp284s-90nr0bv7-m00spb0-140589561/?c=750000000
"Lenovo IdeaPad Slim 3 15IRH10 15.3"" / 24 Гб / SSD 1000 Гб / Win 11 Pro / 83K2102WRK";478 999 ₸;/p/lenovo-ideapad-slim-3-15irh10-15-3-24-gb-ssd-1000-gb-win-11-pro-83k2102wrk-134801670/?c=750000000
"Lenovo V14 14"" / 8 Гб / SSD 512 Гб / Без ОС / 82YT00MYRU";263 491 ₸;/p/lenovo-v14-14-8-gb-ssd-512-gb-bez-os-82yt00myru-150523365/?c=750000000
"Acer Predator Helios Neo 16 16"" / 16 Гб / SSD 512 Гб / Без ОС / PHN16-71 / NH.QLTER.001";629 990 ₸;/p/acer-predator-helios-neo-16-16-16-gb-ssd-512-gb-bez-os-phn16-71-nh-qlter-001-112409041/?c=750000000
"HP 15-fd0230fm 15.6"" / 16 Гб / SSD 256 Гб / Win 11 / C73GJUA#ABA";258 341 ₸;/p/hp-15-fd0230fm-15-6-16-gb-ssd-256-gb-win-11-c73gjua-aba-162819203/?c=750000000
"Lenovo IdeaPad Slim 3 15.6"" / 8 Гб / SSD 512 Гб / Win 11 Home / 15IRU8 / 82X7009CRK";320 000 ₸;/p/lenovo-ideapad-slim-3-15-6-8-gb-ssd-512-gb-win-11-home-15iru8-82x7009crk-115993261/?c=750000000
"ASUS TUF Gaming F15 15.6"" / 32 Гб / SSD 1000 Гб / Win 11 Pro / FX507VV-LP256XW / 90NR0BV7-M0XJN0";939 822 ₸;/p/asus-tuf-gaming-f15-15-6-32-gb-ssd-1000-gb-win-11-pro-fx507vv-lp256xw-90nr0bv7-m0xjn0-119860269/?c=750000000
"Lenovo IdeaPad 3 15.6"" / 8 Гб / SSD 512 Гб / DOS / 15IAU7 / 82RK00R3RK";229 900 ₸;/p/lenovo-ideapad-3-15-6-8-gb-ssd-512-gb-dos-15iau7-82rk00r3rk-114166801/?c=750000000
"HP 15-fd01131ei 15.6"" / 16 Гб / SSD 256 Гб / Win 11 Pro / CL6V59EA#UUQ";298 284 ₸;/p/hp-15-fd01131ei-15-6-16-gb-ssd-256-gb-win-11-pro-cl6v59ea-uuq-153380655/?c=750000000
"ThundeRobot Zero G3 Ultra 16"" / 32 Гб / SSD 2048 Гб / Win 11 /";1 600 000 ₸;/p/thunderobot-zero-g3-ultra-16-32-gb-ssd-2048-gb-win-11--114123805/?c=750000000
"ASUS TUF Gaming A16 FA607NU-RL064 16"" / 16 Гб / SSD 512 Гб / Без ОС / 90NR0MU3-M00330";539 888 ₸;/p/asus-tuf-gaming-a16-fa607nu-rl064-16-16-gb-ssd-512-gb-bez-os-90nr0mu3-m00330-136266546/?c=750000000
"YAMI Notebook N300 15.6"" / 16 Гб / SSD 512 Гб / Win 11 Pro + подарок";259 990 ₸;/p/yami-notebook-n300-15-6-16-gb-ssd-512-gb-win-11-pro-podarok-152086990/?c=750000000
"Lenovo IdeaPad Slim 3 15IAH8 15.6"" / 8 Гб / SSD 512 Гб / Win 11 Pro / 8ER01KTRK";309 998 ₸;/p/lenovo-ideapad-slim-3-15iah8-15-6-8-gb-ssd-512-gb-win-11-pro-8er01ktrk-138566855/?c=750000000
"HP Victus Gaming 15.6"" / 16 Гб / SSD 512 Гб / Без ОС / CW2U5EA";499 990 ₸;/p/hp-victus-gaming-15-6-16-gb-ssd-512-gb-bez-os-cw2u5ea-152135325/?c=750000000
"HP 15-fc0146dx 15.6"" / 8 Гб / SSD 512 Гб / Win 11 Pro / C0CL9UA#ABA";269 999 ₸;/p/hp-15-fc0146dx-15-6-8-gb-ssd-512-gb-win-11-pro-c0cl9ua-aba-158148286/?c=750000000
"ASUS Vivobook X1404VA-EB1183 14"" / 24 Гб / SSD 512 Гб / Win 11 Pro / 90NB17U2-M00J80";349 990 ₸;/p/asus-vivobook-x1404va-eb1183-14-24-gb-ssd-512-gb-win-11-pro-90nb17u2-m00j80-165749958/?c=750000000
"ASUS S3607VA-RP017W 16"" / 16 Гб / SSD 512 Гб / Win 11 / 90NBB1671-M0W2L0";399 888 ₸;/p/asus-s3607va-rp017w-16-16-gb-ssd-512-gb-win-11-90nbb1671-m0w2l0-165863229/?c=750000000
"ASUS M1502YA-BQ606W 15.6"" / 8 Гб / SSD 512 Гб / Win 11 / 90NB0X21-M0WX10";329 900 ₸;/p/asus-m1502ya-bq606w-15-6-8-gb-ssd-512-gb-win-11-90nb0x21-m0wx10-162832261/?c=750000000
"HP 15-fc0187ci 15.6"" / 8 Гб / SSD 512 Гб / Win 11 Pro / B41D4EA#UUQ";319 880 ₸;/p/hp-15-fc0187ci-15-6-8-gb-ssd-512-gb-win-11-pro-b41d4ea-uuq-132106893/?c=750000000
"Lenovo LOQ 15IRX10 15.6"" / 16 Гб / SSD 512 Гб / Без ОС / 83JE00PPRK";780 000 ₸;/p/lenovo-loq-15irx10-15-6-16-gb-ssd-512-gb-bez-os-83je00pprk-152847946/?c=750000000
"Apple MacBook Air 13 2024 13.6"" / 8 Гб / SSD 512 Гб / macOS / MRXR3RU/A";684 010 ₸;/p/apple-macbook-air-13-2024-13-6-8-gb-ssd-512-gb-macos-mrxr3ru-a-118170675/?c=750000000
"Apple MacBook Air 15 2024 15.3"" / 8 Гб / SSD 256 Гб / macOS / MRYU3";618 058 ₸;/p/apple-macbook-air-15-2024-15-3-8-gb-ssd-256-gb-macos-mryu3-118170044/?c=750000000
"Lenovo IdeaPad 3 15.6"" / 16 Гб / SSD 512 Гб / Win 11 Pro / 15IAU7 / 82RK015WRK";339 075 ₸;/p/lenovo-ideapad-3-15-6-16-gb-ssd-512-gb-win-11-pro-15iau7-82rk015wrk-117355587/?c=750000000
"Tokio Dream DreamBook 14NL 14"" / 4 Гб / eMMC 32 Гб / Win 10 / 2304235";80 900 ₸;/p/tokio-dream-dreambook-14nl-14-4-gb-emmc-32-gb-win-10-2304235-149058415/?c=750000000
"Apple MacBook Air 15 2024 15.3"" / 16 Гб / SSD 512 Гб / macOS / MXD13";1 200 000 ₸;/p/apple-macbook-air-15-2024-15-3-16-gb-ssd-512-gb-macos-mxd13-119853837/?c=750000000
"HP 15s 15.6"" / 8 Гб / SSD 512 Гб / Win 11 / 15s-eq2027ci / A1NR0EA";269 879 ₸;/p/hp-15s-15-6-8-gb-ssd-512-gb-win-11-15s-eq2027ci-a1nr0ea-118843234/?c=750000000
"ThundeRobot Zero Ultra 16"" / 32 Гб / SSD 1000 Гб / Win 11 Pro / GTZ02030567";1 079 990 ₸;/p/thunderobot-zero-ultra-16-32-gb-ssd-1000-gb-win-11-pro-gtz02030567-137011645/?c=750000000
"Lenovo IdeaPad Slim 3 16"" / 16 Гб / SSD 512 Гб / Без ОС / 83K20010RK";379 000 ₸;/p/lenovo-ideapad-slim-3-16-16-gb-ssd-512-gb-bez-os-83k20010rk-133309953/?c=750000000
"Lenovo LOQ 15.6"" / 16 Гб / SSD 512 Гб / Без ОС / 15IAX9 / 83GS005PRK";599 989 ₸;/p/lenovo-loq-15-6-16-gb-ssd-512-gb-bez-os-15iax9-83gs005prk-118338538/?c=750000000
"ThundeRobot Hunter Blade S 16"" / 16 Гб / SSD 1000 Гб / Win 11 Pro / JT007U00J0045R5EA8Q2";898 989 ₸;/p/thunderobot-hunter-blade-s-16-16-gb-ssd-1000-gb-win-11-pro-jt007u00j0045r5ea8q2-141073885/?c=750000000
"ASUS Asus ROG Strix G16 16"" / 16 Гб / SSD 1000 Гб / Без ОС / 90NR0LR1-M00670";1 279 990 ₸;/p/asus-asus-rog-strix-g16-16-16-gb-ssd-1000-gb-bez-os-90nr0lr1-m00670-141047895/?c=750000000
"ASUS Vivobook X1404VA-EB1183 14"" / 16 Гб / SSD 1000 Гб / Win 11 Pro / 90NB16U2-M00J80";349 990 ₸;/p/asus-vivobook-x1404va-eb1183-14-16-gb-ssd-1000-gb-win-11-pro-90nb16u2-m00j80-165749949/?c=750000000
"HP Victus 15.6"" / 16 Гб / SSD 512 Гб / DOS / 15-fb2021ci / A19GNEA";557 990 ₸;/p/hp-victus-15-6-16-gb-ssd-512-gb-dos-15-fb2021ci-a19gnea-119249940/?c=750000000
"Lenovo V15 IGL 15.6"" / 4 Гб / SSD 128 Гб / DOS / 82C30027RU";196 494 ₸;/p/lenovo-v15-igl-15-6-4-gb-ssd-128-gb-dos-82c30027ru-102983709/?c=750000000
"Lenovo LOQ 3 Series 15IAX9 15.6"" / 16 Гб / SSD 1000 Гб / Win 11 Pro / 83GS205NRK";549 900 ₸;/p/lenovo-loq-3-series-15iax9-15-6-16-gb-ssd-1000-gb-win-11-pro-83gs205nrk-139255695/?c=750000000
"Acer Nitro V16 ANV16-42 16"" / 16 Гб / SSD 512 Гб / Без ОС / NH.U1FER.001";919 970 ₸;/p/acer-nitro-v16-anv16-42-16-16-gb-ssd-512-gb-bez-os-nh-u1fer-001-153183013/?c=750000000
"ASUS TUF Gaming A15 15.6"" / 16 Гб / SSD 1000 Гб / Win 11 Pro / FA506NFR-HN100I / 90NR0JU7-M0I650";481 688 ₸;/p/asus-tuf-gaming-a15-15-6-16-gb-ssd-1000-gb-win-11-pro-fa506nfr-hn100i-90nr0ju7-m0i650-141293553/?c=750000000
"ASUS Vivobook 15 15.6"" / 16 Гб / SSD 512 Гб / DOS / M1502NAQ-BQ228";339 990 ₸;/p/asus-vivobook-15-15-6-16-gb-ssd-512-gb-dos-m1502naq-bq228-163581013/?c=750000000
"ASUS TUF A18 FA808UH-S8029M"" 18"" / 32 Гб / SSD 4000 Гб / Win 11 Pro / 90NR0NM1-M0M1B0";1 076 476 ₸;/p/asus-tuf-a18-fa808uh-s8029m-18-32-gb-ssd-4000-gb-win-11-pro-90nr0nm1-m0m1b0-146842708/?c=750000000
"Lenovo V15 G4 IRU 15.6"" / 8 Гб / SSD 256 Гб / DOS / 83A100FPRU";279 508 ₸;/p/lenovo-v15-g4-iru-15-6-8-gb-ssd-256-gb-dos-83a100fpru-118628394/?c=750000000
"ASUS ROG STRIX G G614FH-OS94 16"" / 32 Гб / SSD 2000 Гб / Win 11 Pro / 90NQ0L07-M00050";1 099 990 ₸;/p/asus-rog-strix-g-g614fh-os94-16-32-gb-ssd-2000-gb-win-11-pro-90nq0l07-m00050-165087057/?c=750000000
"ASUS Vivobook 15 15.6"" / 16 Гб / SSD 512 Гб / Win 11 / X1504VA-BQ5520W";309 888 ₸;/p/asus-vivobook-15-15-6-16-gb-ssd-512-gb-win-11-x1504va-bq5520w-163484841/?c=750000000
"ASUS ExpertBook B1 B1502CVA-BQ0347 15.6"" / 16 Гб / SSD 512 Гб / Без ОС / 90NX06X1-M00CJ0";677 265 ₸;/p/asus-expertbook-b1-b1502cva-bq0347-15-6-16-gb-ssd-512-gb-bez-os-90nx06x1-m00cj0-115020854/?c=750000000
"ASUS Vivobook S 15 15.6"" / 16 Гб / SSD 1000 Гб / Win 11 / S5506MA-MA006W / 90NB14E2-M00810";499 888 ₸;/p/asus-vivobook-s-15-15-6-16-gb-ssd-1000-gb-win-11-s5506ma-ma006w-90nb14e2-m00810-128581381/?c=750000000
"Apple MacBook Pro 2026 M5 Pro 14.2"" / 24 Гб / SSD 2048 Гб / macOS / MJLV4";1 887 222 ₸;/p/apple-macbook-pro-2026-m5-pro-14-2-24-gb-ssd-2048-gb-macos-mjlv4-164282659/?c=750000000
"ASUS 14"" / 4 Гб / SSD 128 Гб / Win 11 / E410MA-BV1502W / 90NB0Q16-M40400";149 990 ₸;/p/asus-14-4-gb-ssd-128-gb-win-11-e410ma-bv1502w-90nb0q16-m40400-106671622/?c=750000000
"HP 15-fd0154um 15.6"" / 8 Гб / SSD 1000 Гб / Win 11 / Official Store";369 900 ₸;/p/hp-15-fd0154um-15-6-8-gb-ssd-1000-gb-win-11-official-store-160537587/?c=750000000
"Acer Nitro NH.U1PAA.004G 15.6"" / 24 Гб / SSD 512 Гб / Win 11 / ANV15-52-57BB";590 653 ₸;/p/acer-nitro-nh-u1paa-004g-15-6-24-gb-ssd-512-gb-win-11-anv15-52-57bb-165935642/?c=750000000
"HP 15-fd0213oi 15.6"" / 12 Гб / SSD 512 Гб / Win 11 Pro / BDV27EA#UQQ";319 888 ₸;/p/hp-15-fd0213oi-15-6-12-gb-ssd-512-gb-win-11-pro-bdv27ea-uqq-153761372/?c=750000000
"Lenovo IdeaPad Slim 3 15IRH10 15.3"" / 16 Гб / SSD 750 Гб / Win 11 Pro / 83K1033URK";398 888 ₸;/p/lenovo-ideapad-slim-3-15irh10-15-3-16-gb-ssd-750-gb-win-11-pro-83k1033urk-138723128/?c=750000000
"HP OmniBook 16-af1017qm 16"" / 16 Гб / SSD 512 Гб / Win 11 / B10W5UA";429 000 ₸;/p/hp-omnibook-16-af1017qm-16-16-gb-ssd-512-gb-win-11-b10w5ua-163716138/?c=750000000
"Apple MacBook Air 13.6"" / 24 Гб / SSD 1024 Гб / macOS / MDHD4";978 955 ₸;/p/apple-macbook-air-13-6-24-gb-ssd-1024-gb-macos-mdhd4-166531467/?c=750000000
"ZFR TK-E157 15.6"" / 16 Гб / SSD 256 Гб / Win 11";223 900 ₸;/p/zfr-tk-e157-15-6-16-gb-ssd-256-gb-win-11-128905057/?c=750000000
"ASUS ROG Strix G18 G815JMR-S9050A 18"" / 20 Гб / SSD 4000 Гб / Win 11 Pro / 90NR0LE1-M00IC0";1 390 000 ₸;/p/asus-rog-strix-g18-g815jmr-s9050a-18-20-gb-ssd-4000-gb-win-11-pro-90nr0le1-m00ic0-153720937/?c=750000000
"ASUS TUF Gaming F16 FX607VJ-RL047K 16"" / 40 Гб / SSD 4000 Гб / Win 11 Pro / 90NR0MZ6-M16T2P15";949 990 ₸;/p/asus-tuf-gaming-f16-fx607vj-rl047k-16-40-gb-ssd-4000-gb-win-11-pro-90nr0mz6-m16t2p15-166694733/?c=750000000
"Lenovo IdeaPad Slim 3 15IRH10 15.3"" / 16 Гб / SSD 512 Гб / Без ОС / 83K1002VRK";329 999 ₸;/p/lenovo-ideapad-slim-3-15irh10-15-3-16-gb-ssd-512-gb-bez-os-83k1002vrk-144404699/?c=750000000
"HP 15-fd0118vi 15.6"" / 32 Гб / SSD 2000 Гб / Win 11 Pro / A2LR41EA#UQQ";547 999 ₸;/p/hp-15-fd0118vi-15-6-32-gb-ssd-2000-gb-win-11-pro-a2lr41ea-uqq-141340542/?c=750000000
"ASUS Vivobook X1605VA-MB1698S 16"" / 24 Гб / SSD 1000 Гб / Win 11 Pro / 90NB10N2-M02470";549 000 ₸;/p/asus-vivobook-x1605va-mb1698s-16-24-gb-ssd-1000-gb-win-11-pro-90nb10n2-m02470-136944136/?c=750000000
"ASUS VivoBook 17 X1704VA-AU830 17.3"" / 16 Гб / SSD 512 Гб / Без ОС / 90NB13X2-M00910";399 888 ₸;/p/asus-vivobook-17-x1704va-au830-17-3-16-gb-ssd-512-gb-bez-os-90nb13x2-m00910-143981690/?c=750000000
"ASUS Vivobook 16 16"" / 24 Гб / SSD 512 Гб / Без ОС / 90NB1832-M00DE0";369 990 ₸;/p/asus-vivobook-16-16-24-gb-ssd-512-gb-bez-os-90nb1832-m00de0-164873661/?c=750000000
"ASUS TUF GAMING A18 FA808UP-S8030H 18"" / 32 Гб / SSD 2000 Гб / Win 11 Pro / 90NR0NL1-M0H1L0";1 160 000 ₸;/p/asus-tuf-gaming-a18-fa808up-s8030h-18-32-gb-ssd-2000-gb-win-11-pro-90nr0nl1-m0h1l0-157410619/?c=750000000
"ASUS Vivobook 15.6"" / 16 Гб / SSD 2000 Гб / Win 11 Pro / X1504VA-BQ2277Y / 90NB10J2-MY2UX0";449 888 ₸;/p/asus-vivobook-15-6-16-gb-ssd-2000-gb-win-11-pro-x1504va-bq2277y-90nb10j2-my2ux0-141530990/?c=750000000
"HP 15-fd0230tm 15.6"" / 8 Гб / SSD 1000 Гб / Win 11 / C72GJUA#ABA";318 290 ₸;/p/hp-15-fd0230tm-15-6-8-gb-ssd-1000-gb-win-11-c72gjua-aba-162779642/?c=750000000
"Lenovo IdeaPad Slim 3 15IRH8 15.6"" / 8 Гб / SSD 512 Гб / Без ОС / 83EM003RPS";999 999 ₸;/p/lenovo-ideapad-slim-3-15irh8-15-6-8-gb-ssd-512-gb-bez-os-83em003rps-150515790/?c=750000000
"ASUS Vivobook 15 X1504VA-BQ5444W 15.6"" / 8 Гб / SSD 512 Гб / Win 11 Pro / 90NB13Y2-M001J0";389 990 ₸;/p/asus-vivobook-15-x1504va-bq5444w-15-6-8-gb-ssd-512-gb-win-11-pro-90nb13y2-m001j0-160052234/?c=750000000
"HP 15-fc0140oi 15.6"" / 12 Гб / SSD 512 Гб / Win 11 Pro / BM0B08EA#UUQ";289 800 ₸;/p/hp-15-fc0140oi-15-6-12-gb-ssd-512-gb-win-11-pro-bm0b08ea-uuq-145130936/?c=750000000
"ASUS FA506NCG-HN191Z 15.6"" / 32 Гб / SSD 512 Гб / Win 11 Pro / 90NR0JF7-M0ZMB0";629 979 ₸;/p/asus-fa506ncg-hn191z-15-6-32-gb-ssd-512-gb-win-11-pro-90nr0jf7-m0zmb0-154502850/?c=750000000
"HP 15-fc0135ci 15.6"" / 8 Гб / SSD 512 Гб / Без ОС / D2GN8EA";279 000 ₸;/p/hp-15-fc0135ci-15-6-8-gb-ssd-512-gb-bez-os-d2gn8ea-157336320/?c=750000000
"HP 15-fd0154km 15.6"" / 20 Гб / SSD 512 Гб / Win 11 / Official Store";399 888 ₸;/p/hp-15-fd0154km-15-6-20-gb-ssd-512-gb-win-11-official-store-160537687/?c=750000000
"ASUS TUF Gaming F16 16"" / 16 Гб / SSD 512 Гб / DOS / 90NR0NA1-M00BJ0";649 990 ₸;/p/asus-tuf-gaming-f16-16-16-gb-ssd-512-gb-dos-90nr0na1-m00bj0-164294050/?c=750000000
"ASUS VivoBook 16 X1605VA-MB1713Q 16"" / 16 Гб / SSD 2000 Гб / Win 11 Pro / 90NB10N2-M0Q4T0";439 990 ₸;/p/asus-vivobook-16-x1605va-mb1713q-16-16-gb-ssd-2000-gb-win-11-pro-90nb10n2-m0q4t0-146871531/?c=750000000
"ASUS Zenbook A14 14"" / 16 Гб / SSD 512 Гб / Win 11 Home / UX3407QA-QD215W";612 990 ₸;/p/asus-zenbook-a14-14-16-gb-ssd-512-gb-win-11-home-ux3407qa-qd215w-164263373/?c=750000000
"ASUS E1504FA-BQ2488H 15.6"" / 16 Гб / SSD 1000 Гб / Win 11 Pro / 90NB0ZR3-M043U0";399 888 ₸;/p/asus-e1504fa-bq2488h-15-6-16-gb-ssd-1000-gb-win-11-pro-90nb0zr3-m043u0-144578541/?c=750000000
"Acer NL16-71G-560W 16"" / 24 Гб / SSD 1000 Гб / Win 11 Pro / NH.DAAER.001S";699 496 ₸;/p/acer-nl16-71g-560w-16-24-gb-ssd-1000-gb-win-11-pro-nh-daaer-001s-153726871/?c=750000000
"YAMI Notebook L13 15.6"" / 16 Гб / SSD 512 Гб / Win 11 Pro / Notebook L13";189 990 ₸;/p/yami-notebook-l13-15-6-16-gb-ssd-512-gb-win-11-pro-notebook-l13-164630729/?c=750000000
"Acer Aspire Go AG15-42P 15.6"" / 24 Гб / SSD 1000 Гб / Win 11 Pro / NX.J15XER.003";449 996 ₸;/p/acer-aspire-go-ag15-42p-15-6-24-gb-ssd-1000-gb-win-11-pro-nx-j15xer-003-148828559/?c=750000000
"ASUS ROG Strix G16 G614JU-N3441P 16"" / 32 Гб / SSD 1000 Гб / Win 11 Pro / 90NR0CC1-M00YL";1 199 927 ₸;/p/asus-rog-strix-g16-g614ju-n3441p-16-32-gb-ssd-1000-gb-win-11-pro-90nr0cc1-m00yl-143038887/?c=750000000
"HP 15-fd0154xm 15.6"" / 24 Гб / SSD 512 Гб / Win 11 / Official Store";369 888 ₸;/p/hp-15-fd0154xm-15-6-24-gb-ssd-512-gb-win-11-official-store-160537547/?c=750000000
"Lenovo IdeaPad 1 15IJL7 15.6"" / 8 Гб / SSD 2000 Гб / Win 11 Pro / 82LX12G9RK";369 990 ₸;/p/lenovo-ideapad-1-15ijl7-15-6-8-gb-ssd-2000-gb-win-11-pro-82lx12g9rk-144482875/?c=750000000
"ASUS V3607VP-RP059 16"" / 16 Гб / SSD 512 Гб / Без ОС / 90NB16R1-M004L0";967 360 ₸;/p/asus-v3607vp-rp059-16-16-gb-ssd-512-gb-bez-os-90nb16r1-m004l0-154743788/?c=750000000
"ASUS Vivobook 15 15.6"" / 16 Гб / M.2 512 Гб / Win 11 Home / M1502NAQ-BQ026W";449 990 ₸;/p/asus-vivobook-15-15-6-16-gb-m-2-512-gb-win-11-home-m1502naq-bq026w-156417834/?c=750000000
"ASUS Vivobook 15.6"" / 24 Гб / SSD 1000 Гб / Win 11 Pro / 90NB10J2-MQ08U0 / X1504VA-BQ287SW";427 885 ₸;/p/asus-vivobook-15-6-24-gb-ssd-1000-gb-win-11-pro-90nb10j2-mq08u0-x1504va-bq287sw-129940005/?c=750000000
"Great Asia TK-E158 15.6"" / 12 Гб / SSD 512 Гб / Win 11 / TK-E158-06223";220 900 ₸;/p/great-asia-tk-e158-15-6-12-gb-ssd-512-gb-win-11-tk-e158-06223-113240149/?c=750000000
"ASUS ExpertBook P1403CVA-S61831F 14"" / 32 Гб / SSD 512 Гб / Win 11 Pro / 90NX0871-M0F2U0";549 900 ₸;/p/asus-expertbook-p1403cva-s61831f-14-32-gb-ssd-512-gb-win-11-pro-90nx0871-m0f2u0-157415776/?c=750000000
"Apple MacBook Air 15 2024 15.3"" / 24 Гб / SSD 512 Гб / macOS / MC9K4";802 889 ₸;/p/apple-macbook-air-15-2024-15-3-24-gb-ssd-512-gb-macos-mc9k4-132088877/?c=750000000
"ASUS ROG Strix G16 16"" / 32 Гб / SSD 1000 Гб / Без ОС / G614JI-N4415 / 90NR0D41-M00VR0";999 000 ₸;/p/asus-rog-strix-g16-16-32-gb-ssd-1000-gb-bez-os-g614ji-n4415-90nr0d41-m00vr0-119377635/?c=750000000
"ASUS Vivobook X1704VA-AU615W 17.3"" / 16 Гб / SSD 512 Гб / Win 11 Pro / 90NB10V2-M0WPC0";398 888 ₸;/p/asus-vivobook-x1704va-au615w-17-3-16-gb-ssd-512-gb-win-11-pro-90nb10v2-m0wpc0-139339414/?c=750000000
Apple MacBook Air 13 2025 / 16 Гб / SSD 256 Гб / macOS / MW123 + подарок;735 000 ₸;/p/apple-macbook-air-13-2025-16-gb-ssd-256-gb-macos-mw123-podarok-154473476/?c=750000000
"Lenovo IdeaPad Slim 3 16IRH10 16"" / 16 Гб / SSD 256 Гб / Win 11 Pro / 83ER2005WRK";329 800 ₸;/p/lenovo-ideapad-slim-3-16irh10-16-16-gb-ssd-256-gb-win-11-pro-83er2005wrk-153608105/?c=750000000
"Acer Nitro V 15 15.6"" / 16 Гб / SSD 512 Гб / Без ОС / ANV15-51 / NH.QNBER.008";591 419 ₸;/p/acer-nitro-v-15-15-6-16-gb-ssd-512-gb-bez-os-anv15-51-nh-qnber-008-119224877/?c=750000000
"Lenovo IdeaPad 1 15.6"" / 8 Гб / SSD 512 Гб / Без ОС / 15IAU7 / 82QD00ETRK";229 900 ₸;/p/lenovo-ideapad-1-15-6-8-gb-ssd-512-gb-bez-os-15iau7-82qd00etrk-116995419/?c=750000000
"ASUS TUF Gaming F16 16"" / 32 Гб / M.2 1000 Гб / DOS / FX608JMR-RV167";879 356 ₸;/p/asus-tuf-gaming-f16-16-32-gb-m-2-1000-gb-dos-fx608jmr-rv167-155736894/?c=750000000
"ASUS Vivobook 15 15.6"" / 16 Гб / SSD 512 Гб / DOS / 90NB13Y1-M02760";329 883 ₸;/p/asus-vivobook-15-15-6-16-gb-ssd-512-gb-dos-90nb13y1-m02760-164253527/?c=750000000
"Lenovo IdeaPad Slim 3 15IAH8 15.6"" / 8 Гб / SSD 512 Гб / Без ОС / 83ER00DKRK";309 998 ₸;/p/lenovo-ideapad-slim-3-15iah8-15-6-8-gb-ssd-512-gb-bez-os-83er00dkrk-128976380/?c=750000000
"HP 15-fd01131oi 15.6"" / 16 Гб / SSD 512 Гб / Win 11 Pro / CL6V59EA#UUQ";324 081 ₸;/p/hp-15-fd01131oi-15-6-16-gb-ssd-512-gb-win-11-pro-cl6v59ea-uuq-153380154/?c=750000000
"ASUS 14"" / 4 Гб / SSD 256 Гб / DOS / E410MA-BV1503 / 90NB0Q16-M003T0";159 990 ₸;/p/asus-14-4-gb-ssd-256-gb-dos-e410ma-bv1503-90nb0q16-m003t0-104671118/?c=750000000
"HP Omen MAX Gaming 16-ah0021ci 16"" / 32 Гб / SSD 1000 Гб / Без ОС / D02E4EA";1 999 990 ₸;/p/hp-omen-max-gaming-16-ah0021ci-16-32-gb-ssd-1000-gb-bez-os-d02e4ea-161441359/?c=750000000
"HP 15-fd1130wi 15.6"" / 8 Гб / SSD 512 Гб / Win 11 Pro / CL6V6EA#UUQ";294 892 ₸;/p/hp-15-fd1130wi-15-6-8-gb-ssd-512-gb-win-11-pro-cl6v6ea-uuq-152847083/?c=750000000
"Lenovo V14 G4 AMN 14"" / 8 Гб / SSD 512 Гб / Без ОС / 82YT00N2RU";272 260 ₸;/p/lenovo-v14-g4-amn-14-8-gb-ssd-512-gb-bez-os-82yt00n2ru-144306200/?c=750000000
"ASUS ExpertBook P1403CVA-S61785T 14"" / 12 Гб / SSD 512 Гб / Win 11 Pro / 90NX0871-M0T2T0";369 888 ₸;/p/asus-expertbook-p1403cva-s61785t-14-12-gb-ssd-512-gb-win-11-pro-90nx0871-m0t2t0-154133364/?c=750000000
"HP 15-fc0173ci 15.6"" / 32 Гб / SSD 512 Гб / Win 11 Pro / B55D4EA#UUQ";495 999 ₸;/p/hp-15-fc0173ci-15-6-32-gb-ssd-512-gb-win-11-pro-b55d4ea-uuq-132079871/?c=750000000
"MECHREVO KuangShi X 16"" / 32 Гб / M.2 1000 Гб / Win 11 Pro / FGMX6RP556W0051201";839 754 ₸;/p/mechrevo-kuangshi-x-16-32-gb-m-2-1000-gb-win-11-pro-fgmx6rp556w0051201-151550216/?c=750000000
"ASUS Vivobook 15.6"" / 16 Гб / SSD 1000 Гб / Win 11 Pro / 90NB10T2 / X1504VA-BQ784H";368 430 ₸;/p/asus-vivobook-15-6-16-gb-ssd-1000-gb-win-11-pro-90nb10t2-x1504va-bq784h-136749320/?c=750000000
"ASUS TUF Gaming A16 2025 FA608UP 16"" / 32 Гб / SSD 1000 Гб / Win 11 Home / FA608UP-A16.R95070";1 025 890 ₸;/p/asus-tuf-gaming-a16-2025-fa608up-16-32-gb-ssd-1000-gb-win-11-home-fa608up-a16-r95070-153848189/?c=750000000
"ASUS Vivobook S16 16"" / 16 Гб / SSD 512 Гб / DOS / 90NB16F1-M00H30";409 990 ₸;/p/asus-vivobook-s16-16-16-gb-ssd-512-gb-dos-90nb16f1-m00h30-165531327/?c=750000000
"Apple MacBook Air 15 2023 15.3"" / 8 Гб / SSD 512 Гб / macOS / MQKQ3RU/A";985 310 ₸;/p/apple-macbook-air-15-2023-15-3-8-gb-ssd-512-gb-macos-mqkq3ru-a-111217669/?c=750000000
"HP 15-fc0140zi 15.6"" / 20 Гб / SSD 512 Гб / Win 11 Pro / BM0B0560EA#UUQ";329 000 ₸;/p/hp-15-fc0140zi-15-6-20-gb-ssd-512-gb-win-11-pro-bm0b0560ea-uuq-145145346/?c=750000000
"HP 15s-fq5072ci 15.6"" / 16 Гб / SSD 512 Гб / DOS / 7Z7E7EA#UUQ";318 636 ₸;/p/hp-15s-fq5072ci-15-6-16-gb-ssd-512-gb-dos-7z7e7ea-uuq-121789353/?c=750000000
"ASUS B1502CVA-BQ0897X 15.6"" / 8 Гб / SSD 512 Гб / Win 11 Pro / 90NX06X1-M01150";600 000 ₸;/p/asus-b1502cva-bq0897x-15-6-8-gb-ssd-512-gb-win-11-pro-90nx06x1-m01150-128446524/?c=750000000
"ASUS TUF F16 FX608JM-RV048W 16"" 16"" / 16 Гб / SSD 512 Гб / Win 11 Pro / 90NR0MI1-M0W2W0";957 990 ₸;/p/asus-tuf-f16-fx608jm-rv048w-16-16-16-gb-ssd-512-gb-win-11-pro-90nr0mi1-m0w2w0-145168284/?c=750000000
"Lenovo ThinkBook 14 G7 ARP 14"" / 16 Гб / SSD 1000 Гб / Без ОС / 21MV00F8RU";489 990 ₸;/p/lenovo-thinkbook-14-g7-arp-14-16-gb-ssd-1000-gb-bez-os-21mv00f8ru-164642613/?c=750000000
"Apple MacBook Air 13 2024 13.6"" / 16 Гб / SSD 256 Гб / macOS / MC8H4";719 990 ₸;/p/apple-macbook-air-13-2024-13-6-16-gb-ssd-256-gb-macos-mc8h4-131761823/?c=750000000
"Lenovo Legion Pro 7 16AFR10H 16"" / 32 Гб / SSD 1000 Гб / Без ОС / 83RU003JRK";1 699 990 ₸;/p/lenovo-legion-pro-7-16afr10h-16-32-gb-ssd-1000-gb-bez-os-83ru003jrk-164729426/?c=750000000
"PWR Y58 16"" / 16 Гб / SSD 1000 Гб / Win 11 / Y58-i7-6820HQ-16-1-11";357 912 ₸;/p/pwr-y58-16-16-gb-ssd-1000-gb-win-11-y58-i7-6820hq-16-1-11-165518224/?c=750000000
"Acer Aspire 16 16"" / 16 Гб / SSD 256 Гб / Win 11 Pro / NX.J5RER.002U";284 154 ₸;/p/acer-aspire-16-16-16-gb-ssd-256-gb-win-11-pro-nx-j5rer-002u-140912814/?c=750000000
"ASUS X1504VA-BQ982Q 15.6"" / 16 Гб / SSD 512 Гб / Win 11 Pro / 90NB10T2-M0QAZ0";409 989 ₸;/p/asus-x1504va-bq982q-15-6-16-gb-ssd-512-gb-win-11-pro-90nb10t2-m0qaz0-154166240/?c=750000000
"Lenovo ThinkPad T14 G5 14"" / 32 Гб / SSD 512 Гб / Win 11 Pro / 21ML00CWFW";960 000 ₸;/p/lenovo-thinkpad-t14-g5-14-32-gb-ssd-512-gb-win-11-pro-21ml00cwfw-139879648/?c=750000000
"HP 15-fb3009ci 15.6"" / 16 Гб / SSD 1000 Гб / Без ОС / BK5S0EA";850 000 ₸;/p/hp-15-fb3009ci-15-6-16-gb-ssd-1000-gb-bez-os-bk5s0ea-143819337/?c=750000000
"Acer Aspire 5 Spin 14 14"" / 16 Гб / SSD 1000 Гб / Win 11 Home / A5SP14-51MTN-73YY / NX.KHTER.002";499 890 ₸;/p/acer-aspire-5-spin-14-14-16-gb-ssd-1000-gb-win-11-home-a5sp14-51mtn-73yy-nx-khter-002-114302064/?c=750000000
"ASUS Vivobook 15 15.6"" / 24 Гб / SSD 1000 Гб / Win 11 / X1504ZA-BQ793HW / 90NB1021-MH1W40";499 037 ₸;/p/asus-vivobook-15-15-6-24-gb-ssd-1000-gb-win-11-x1504za-bq793hw-90nb1021-mh1w40-118122902/?c=750000000
"ASUS Vivobook 15 15.6"" / 16 Гб / SSD 512 Гб / Без ОС / X1502VA-BQ784 / 90NB10T2-M01240";318 537 ₸;/p/asus-vivobook-15-15-6-16-gb-ssd-512-gb-bez-os-x1502va-bq784-90nb10t2-m01240-135584082/?c=750000000
"ASUS TUF Gaming F16 16"" / 16 Гб / SSD 512 Гб / Без ОС / FX608JMR-RV118";779 442 ₸;/p/asus-tuf-gaming-f16-16-16-gb-ssd-512-gb-bez-os-fx608jmr-rv118-154713523/?c=750000000
"Lenovo IdeaPad 1 82VG00TPRK 15.6"" / 8 Гб / SSD 512 Гб / Без ОС / R585SUN";238 959 ₸;/p/lenovo-ideapad-1-82vg00tprk-15-6-8-gb-ssd-512-gb-bez-os-r585sun-132850419/?c=750000000
"Lenovo IdeaPad Slim 3 15.6"" / 8 Гб / SSD 512 Гб / Без ОС / 15AMN8 / 82XQ00FFRK";238 442 ₸;/p/lenovo-ideapad-slim-3-15-6-8-gb-ssd-512-gb-bez-os-15amn8-82xq00ffrk-118339115/?c=750000000
"Apple MacBook Air 2026 M5 13.6"" / 16 Гб / SSD 1024 Гб / macOS / MDHJ4";808 007 ₸;/p/apple-macbook-air-2026-m5-13-6-16-gb-ssd-1024-gb-macos-mdhj4-164283116/?c=750000000
"Great Asia E142 14"" / 8 Гб / SSD 512 Гб / Win 10 / TK-E142";140 390 ₸;/p/great-asia-e142-14-8-gb-ssd-512-gb-win-10-tk-e142-130090522/?c=750000000
"Acer Aspire Lite AL14-32P-33PQ 14"" / 8 Гб / SSD 512 Гб / Без ОС / NX.D3HER.001";248 892 ₸;/p/acer-aspire-lite-al14-32p-33pq-14-8-gb-ssd-512-gb-bez-os-nx-d3her-001-149495783/?c=750000000
"Lenovo LOQ 15IRX10 15.6"" / 32 Гб / SSD 4000 Гб / Win 11 Pro / 83JE015BRK";1 012 444 ₸;/p/lenovo-loq-15irx10-15-6-32-gb-ssd-4000-gb-win-11-pro-83je015brk-148240954/?c=750000000
"HP 15-fd0154bm 15.6"" / 32 Гб / SSD 512 Гб / Win 11 / Official Store";449 888 ₸;/p/hp-15-fd0154bm-15-6-32-gb-ssd-512-gb-win-11-official-store-160537780/?c=750000000
"Acer Nitro V 16S ANV16S-71-97BF 16"" / 24 Гб / SSD 2000 Гб / Win 11 / NH.U29IM.003";1 009 989 ₸;/p/acer-nitro-v-16s-anv16s-71-97bf-16-24-gb-ssd-2000-gb-win-11-nh-u29im-003-168191924/?c=750000000
"HP 15-fd1003nq 15.6"" / 24 Гб / SSD 256 Гб / Win 11 / D0PL2EA#AKE";369 989 ₸;/p/hp-15-fd1003nq-15-6-24-gb-ssd-256-gb-win-11-d0pl2ea-ake-167904489/?c=750000000
"HP 15-fd1003nq 15.6"" / 48 Гб / SSD 2000 Гб / Win 11 / D0BL2ZA#AKE";639 989 ₸;/p/hp-15-fd1003nq-15-6-48-gb-ssd-2000-gb-win-11-d0bl2za-ake-167903953/?c=750000000
"HP 15-fd0154hw 15.6"" / 20 Гб / SSD 1000 Гб / Win 11 / BZ1N23UA";419 900 ₸;/p/hp-15-fd0154hw-15-6-20-gb-ssd-1000-gb-win-11-bz1n23ua-168174826/?c=750000000
"ASUS FA607NUQ-RL034Z 16"" / 32 Гб / SSD 2000 Гб / Win 11 / 90NR0QF3-M0Z1X0";899 899 ₸;/p/asus-fa607nuq-rl034z-16-32-gb-ssd-2000-gb-win-11-90nr0qf3-m0z1x0-167775665/?c=750000000
"HP 15-fd0154zw 15.6"" / 24 Гб / SSD 1000 Гб / Win 11 / BZ1N27UA";429 900 ₸;/p/hp-15-fd0154zw-15-6-24-gb-ssd-1000-gb-win-11-bz1n27ua-168194442/?c=750000000
"HP 15-fd0154xw 15.6"" / 24 Гб / SSD 2000 Гб / Win 11 / BZ1N28UA";499 900 ₸;/p/hp-15-fd0154xw-15-6-24-gb-ssd-2000-gb-win-11-bz1n28ua-168194361/?c=750000000
"ASUS FA707NUQ-HX010F 17.3"" / 24 Гб / SSD 2000 Гб / Win 11 / 90NR0QH5-M0F0D0";799 887 ₸;/p/asus-fa707nuq-hx010f-17-3-24-gb-ssd-2000-gb-win-11-90nr0qh5-m0f0d0-167725084/?c=750000000
"HP 15-fd0458nia 15.6"" / 24 Гб / SSD 1000 Гб / Win 11 / B02XHZA#BH5";449 990 ₸;/p/hp-15-fd0458nia-15-6-24-gb-ssd-1000-gb-win-11-b02xhza-bh5-169001430/?c=750000000
"HP OmniBook 3 16-by0029ci 16"" / 8 Гб / SSD 512 Гб / Без ОС / D74BNEA";319 990 ₸;/p/hp-omnibook-3-16-by0029ci-16-8-gb-ssd-512-gb-bez-os-d74bnea-167071943/?c=750000000
"HP 15-fd0458nia 15.6"" / 24 Гб / SSD 1000 Гб / Win 11 / B02XHZA#BH5";449 990 ₸;/p/hp-15-fd0458nia-15-6-24-gb-ssd-1000-gb-win-11-b02xhza-bh5-169001430/?c=750000000
"HP OmniBook 3 16-by0029ci 16"" / 8 Гб / SSD 512 Гб / Без ОС / D74BNEA";319 990 ₸;/p/hp-omnibook-3-16-by0029ci-16-8-gb-ssd-512-gb-bez-os-d74bnea-167071943/?c=750000000
"ASUS Vivobook F1605VA-WS74 16"" / 24 Гб / SSD 2000 Гб / Win 11 Pro / 90NB15N3-M01AV0";579 990 ₸;/p/asus-vivobook-f1605va-ws74-16-24-gb-ssd-2000-gb-win-11-pro-90nb15n3-m01av0-167277246/?c=750000000
"ASUS TUF Gaming A16 FA608PM-RV041W 16"" / 64 Гб / SSD 4000 Гб / Win 11 / 90NR0MC1-M02070";1 399 990 ₸;/p/asus-tuf-gaming-a16-fa608pm-rv041w-16-64-gb-ssd-4000-gb-win-11-90nr0mc1-m02070-167725391/?c=750000000
"ASUS F1504VA-SB31 15.6"" / 24 Гб / SSD 512 Гб / Win 11 / 90NB16J1-M01S60";299 990 ₸;/p/asus-f1504va-sb31-15-6-24-gb-ssd-512-gb-win-11-90nb16j1-m01s60-167347545/?c=750000000
"Lenovo LOQ 15IRX10 15.6"" / 32 Гб / SSD 512 Гб / Без ОС / 83JE01BSRK";828 990 ₸;/p/lenovo-loq-15irx10-15-6-32-gb-ssd-512-gb-bez-os-83je01bsrk-168465096/?c=750000000
"Lenovo IdeaPad 1 15IJL7 15.6"" / 8 Гб / SSD 256 Гб / Win 11 Pro / 82LX00G7DS";206 052 ₸;/p/lenovo-ideapad-1-15ijl7-15-6-8-gb-ssd-256-gb-win-11-pro-82lx00g7ds-167443239/?c=750000000
"HP 15-fd0458nia 15.6"" / 48 Гб / SSD 1000 Гб / Win 11 / B02KRLF#BH5";557 990 ₸;/p/hp-15-fd0458nia-15-6-48-gb-ssd-1000-gb-win-11-b02krlf-bh5-169001971/?c=750000000
"HP Victus 15-fa2787nr 15.6"" / 40 Гб / SSD 4000 Гб / Win 11 Pro / BM5B7UA#ABA";1 219 990 ₸;/p/hp-victus-15-fa2787nr-15-6-40-gb-ssd-4000-gb-win-11-pro-bm5b7ua-aba-167350349/?c=750000000
"HP 15-fd1003nq 15.6"" / 16 Гб / SSD 2000 Гб / Win 11 / D0BT2EA#AKE";439 989 ₸;/p/hp-15-fd1003nq-15-6-16-gb-ssd-2000-gb-win-11-d0bt2ea-ake-167904508/?c=750000000
"HP 15-fd0154tw 15.6"" / 8 Гб / SSD 4000 Гб / Win 11 / BZ1N13UA";549 900 ₸;/p/hp-15-fd0154tw-15-6-8-gb-ssd-4000-gb-win-11-bz1n13ua-168194236/?c=750000000
"HP 15-fd1003nq 15.6"" / 32 Гб / SSD 512 Гб / Win 11 / D0QL2EA#AKE";449 989 ₸;/p/hp-15-fd1003nq-15-6-32-gb-ssd-512-gb-win-11-d0ql2ea-ake-167904273/?c=750000000
"ASUS Vivobook Go 15 15.6"" / 8 Гб / SSD 256 Гб / Без ОС / 156";207 534 ₸;/p/asus-vivobook-go-15-15-6-8-gb-ssd-256-gb-bez-os-156-147246855/?c=750000000
"Lenovo Legion Pro 7 16"" / 32 Гб / SSD 1000 Гб / Без ОС / 83DE004HRK";1 699 990 ₸;/p/lenovo-legion-pro-7-16-32-gb-ssd-1000-gb-bez-os-83de004hrk-132700083/?c=750000000
"ASUS TUF Gaming 2025 F16 FX608JMR 16"" / 32 Гб / SSD 1000 Гб / Win 11 Home / 90NR0NB1-M003N0";863 899 ₸;/p/asus-tuf-gaming-2025-f16-fx608jmr-16-32-gb-ssd-1000-gb-win-11-home-90nr0nb1-m003n0-153605916/?c=750000000
"ASUS Vivobook 15 15.6"" / 16 Гб / SSD 512 Гб / Без ОС / 90NB10T2-M016U0";388 297 ₸;/p/asus-vivobook-15-15-6-16-gb-ssd-512-gb-bez-os-90nb10t2-m016u0-144690291/?c=750000000
"ASUS Gaming F16 16"" / 16 Гб / SSD 512 Гб / Win 11 Pro / FX607VU-RL060W / 90NR0N06-M0W2S0";539 900 ₸;/p/asus-gaming-f16-16-16-gb-ssd-512-gb-win-11-pro-fx607vu-rl060w-90nr0n06-m0w2s0-137307441/?c=750000000
"ASUS Vivobook 16"" / 24 Гб / SSD 1000 Гб / Win 11 Pro / X1605VA-MB1712D / 90NB10N2-M024SD";549 000 ₸;/p/asus-vivobook-16-24-gb-ssd-1000-gb-win-11-pro-x1605va-mb1712d-90nb10n2-m024sd-141158150/?c=750000000
"Apple MacBook Pro 14 2024 14.2"" / 24 Гб / SSD 1024 Гб / macOS / MCX04RU/A";1 349 900 ₸;/p/apple-macbook-pro-14-2024-14-2-24-gb-ssd-1024-gb-macos-mcx04ru-a-132224847/?c=750000000
"HP 15-fd0199ci 15.6"" / 8 Гб / SSD 512 Гб / Без ОС / AE0K4EA#UUQ";257 311 ₸;/p/hp-15-fd0199ci-15-6-8-gb-ssd-512-gb-bez-os-ae0k4ea-uuq-130334741/?c=750000000
"ASUS TUF Gaming F17 FX707VJB-HX098 17.3"" / 16 Гб / SSD 512 Гб / Без ОС / 90NR0MY5-M003N0";478 584 ₸;/p/asus-tuf-gaming-f17-fx707vjb-hx098-17-3-16-gb-ssd-512-gb-bez-os-90nr0my5-m003n0-150962847/?c=750000000
"Lenovo IdeaPad 3 15.6"" / 8 Гб / SSD 512 Гб / Win 11 / 15IAU7 / 82RK00F0RK";339 523 ₸;/p/lenovo-ideapad-3-15-6-8-gb-ssd-512-gb-win-11-15iau7-82rk00f0rk-107328429/?c=750000000
"HP Victus 15-fb2082wm 15.6"" / 16 Гб / SSD 512 Гб / Win 11 Home / 1H85260Q8R";448 882 ₸;/p/hp-victus-15-fb2082wm-15-6-16-gb-ssd-512-gb-win-11-home-1h85260q8r-149056088/?c=750000000
"HP Victus 15.6"" / 16 Гб / SSD 512 Гб / Без ОС / 15-fa1058ci / A14WMEA";666 990 ₸;/p/hp-victus-15-6-16-gb-ssd-512-gb-bez-os-15-fa1058ci-a14wmea-119606405/?c=750000000
"ASUS F1504VA-SB31 15.6"" / 8 Гб / SSD 256 Гб / Win 11 / 90NB10J1-M01S60";239 980 ₸;/p/asus-f1504va-sb31-15-6-8-gb-ssd-256-gb-win-11-90nb10j1-m01s60-167347709/?c=750000000
"ASUS Vivobook 15 F1504VAP-BS54T 15.6"" / 12 Гб / SSD 1000 Гб / Win 11 / 90NB13Y2-M00950Y";349 980 ₸;/p/asus-vivobook-15-f1504vap-bs54t-15-6-12-gb-ssd-1000-gb-win-11-90nb13y2-m00950y-168947212/?c=750000000
"ASUS Vivobook 15 F1504VAP-BS54T 15.6"" / 40 Гб / SSD 512 Гб / Win 11 / 90NB13Y2-M00950M";439 980 ₸;/p/asus-vivobook-15-f1504vap-bs54t-15-6-40-gb-ssd-512-gb-win-11-90nb13y2-m00950m-168946834/?c=750000000
"HP 15-fd0458nia 15.6"" / 24 Гб / SSD 512 Гб / Win 11 / B02XHNA#BH5";404 990 ₸;/p/hp-15-fd0458nia-15-6-24-gb-ssd-512-gb-win-11-b02xhna-bh5-169001607/?c=750000000
"HP Victus by HP Gaming Laptop 15-fa2787nr 15.6"" / 16 Гб / SSD 1000 Гб / Win 11 Pro / BM7B8UA#ABA";769 990 ₸;/p/hp-victus-by-hp-gaming-laptop-15-fa2787nr-15-6-16-gb-ssd-1000-gb-win-11-pro-bm7b8ua-aba-167349841/?c=750000000
"HP 15-fd1003nq 15.6"" / 40 Гб / SSD 512 Гб / Win 11 / D0TL2EA#AKE";449 989 ₸;/p/hp-15-fd1003nq-15-6-40-gb-ssd-512-gb-win-11-d0tl2ea-ake-167904176/?c=750000000
"Lenovo Yoga 7 2-in-1 16IML9 16"" / 16 Гб / SSD 1000 Гб / Win 11 / 83DL0004US";599 888 ₸;/p/lenovo-yoga-7-2-in-1-16iml9-16-16-gb-ssd-1000-gb-win-11-83dl0004us-167776984/?c=750000000
"ASUS FA707NUQ-HX010T 17.3"" / 24 Гб / SSD 1000 Гб / Win 11 / 90NR0QH5-M0T0D0";699 887 ₸;/p/asus-fa707nuq-hx010t-17-3-24-gb-ssd-1000-gb-win-11-90nr0qh5-m0t0d0-167774359/?c=750000000
"HP ProBook 460 G11 16"" / 24 Гб / SSD 1000 Гб / Win 11 Pro / C7GF7ET";1 091 325 ₸;/p/hp-probook-460-g11-16-24-gb-ssd-1000-gb-win-11-pro-c7gf7et-168739941/?c=750000000
"ASUS Vivobook 15 F1504VAP-BS54T 15.6"" / 24 Гб / SSD 256 Гб / Win 11 / 90NB13Y2-M00950H";369 980 ₸;/p/asus-vivobook-15-f1504vap-bs54t-15-6-24-gb-ssd-256-gb-win-11-90nb13y2-m00950h-168946954/?c=750000000
"ASUS TUF Gaming A16 FA608PM-RV041W 16"" / 64 Гб / SSD 512 Гб / Win 11 / 90NR0MC1-M01770";1 099 990 ₸;/p/asus-tuf-gaming-a16-fa608pm-rv041w-16-64-gb-ssd-512-gb-win-11-90nr0mc1-m01770-167650637/?c=750000000
"MSI Crosshair 16 HX E14WGK-005XKZ 16"" / 16 Гб / SSD 1024 Гб / Без ОС / 9S7-265343-005";1 149 200 ₸;/p/msi-crosshair-16-hx-e14wgk-005xkz-16-16-gb-ssd-1024-gb-bez-os-9s7-265343-005-167108636/?c=750000000
"HP 15-fd1003nq 15.6"" / 40 Гб / SSD 1000 Гб / Win 11 / D0BY2EA#AKE";509 989 ₸;/p/hp-15-fd1003nq-15-6-40-gb-ssd-1000-gb-win-11-d0by2ea-ake-167904156/?c=750000000
"HP 15-fd1003nq 15.6"" / 40 Гб / SSD 256 Гб / Win 11 / D0BL2SA#AKE";449 989 ₸;/p/hp-15-fd1003nq-15-6-40-gb-ssd-256-gb-win-11-d0bl2sa-ake-167904183/?c=750000000
"Acer ANV16S-71-97BF 16"" / 40 Гб / SSD 2000 Гб / Win 11 / NH.U29JM.003";1 119 989 ₸;/p/acer-anv16s-71-97bf-16-40-gb-ssd-2000-gb-win-11-nh-u29jm-003-168193197/?c=750000000
"HP 15-fd1003nq 15.6"" / 48 Гб / SSD 512 Гб / Win 11 / D0BF2EA#AKE";529 989 ₸;/p/hp-15-fd1003nq-15-6-48-gb-ssd-512-gb-win-11-d0bf2ea-ake-167904111/?c=750000000
"ASUS Vivobook 15 F1504VAP-BS54T 15.6"" / 16 Гб / SSD 2000 Гб / Win 11 / 90NB13Y2-M00950F";499 980 ₸;/p/asus-vivobook-15-f1504vap-bs54t-15-6-16-gb-ssd-2000-gb-win-11-90nb13y2-m00950f-168947041/?c=750000000
"HP ProBook 4 G1i 16"" / 24 Гб / SSD 512 Гб / Win 11 Pro / C67K3EA";1 016 050 ₸;/p/hp-probook-4-g1i-16-24-gb-ssd-512-gb-win-11-pro-c67k3ea-168050556/?c=750000000
"Lenovo LOQ 15ARP10E 15.6"" / 16 Гб / SSD 512 Гб / Без ОС / 83S000BNRK";399 990 ₸;/p/lenovo-loq-15arp10e-15-6-16-gb-ssd-512-gb-bez-os-83s000bnrk-169076300/?c=750000000
"HP 15-fd0458nia 15.6"" / 40 Гб / SSD 2000 Гб / Win 11 / B02XREA#BH5";596 990 ₸;/p/hp-15-fd0458nia-15-6-40-gb-ssd-2000-gb-win-11-b02xrea-bh5-168999459/?c=750000000
"HP Victus 15-fa2787nr 15.6"" / 24 Гб / SSD 2000 Гб / Win 11 Pro / BM7B12UA#ABA";939 990 ₸;/p/hp-victus-15-fa2787nr-15-6-24-gb-ssd-2000-gb-win-11-pro-bm7b12ua-aba-167349911/?c=750000000
"Acer Aspire Lite 14 AL14-45P 14"" / 8 Гб / SSD 256 Гб / Win 11 / NX.DPRER.001";239 990 ₸;/p/acer-aspire-lite-14-al14-45p-14-8-gb-ssd-256-gb-win-11-nx-dprer-001-168859306/?c=750000000
"ASUS FA607NUQ-RL034E 16"" / 16 Гб / SSD 2000 Гб / Win 11 / 90NR0QF3-M0E1X0";649 888 ₸;/p/asus-fa607nuq-rl034e-16-16-gb-ssd-2000-gb-win-11-90nr0qf3-m0e1x0-167775059/?c=750000000
"ASUS F1504VA-SB31 15.6"" / 8 Гб / SSD 512 Гб / Win 11 / 90NB13J1-M01S60";249 990 ₸;/p/asus-f1504va-sb31-15-6-8-gb-ssd-512-gb-win-11-90nb13j1-m01s60-167347664/?c=750000000
"MECHREVO WUJIE 14X 14"" / 32 Гб / M.2 1000 Гб / Win 11 / 14XR-7CC4U";499 990 ₸;/p/mechrevo-wujie-14x-14-32-gb-m-2-1000-gb-win-11-14xr-7cc4u-168178352/?c=750000000
"Lenovo IdeaPad Slim 3 15ARP10 15.3"" / 16 Гб / SSD 512 Гб / Без ОС / 83K700HRRK";385 990 ₸;/p/lenovo-ideapad-slim-3-15arp10-15-3-16-gb-ssd-512-gb-bez-os-83k700hrrk-168523302/?c=750000000
"Lenovo LOQ 17IRX10 17.3"" / 32 Гб / SSD 1000 Гб / Win 11 Home / 83JH0099RK";1 129 990 ₸;/p/lenovo-loq-17irx10-17-3-32-gb-ssd-1000-gb-win-11-home-83jh0099rk-169039485/?c=750000000
"Lenovo IdeaPad Slim 3 15ARP10 15.3"" / 16 Гб / SSD 512 Гб / Win 11 Home / 83K700UDRK";409 990 ₸;/p/lenovo-ideapad-slim-3-15arp10-15-3-16-gb-ssd-512-gb-win-11-home-83k700udrk-167071701/?c=750000000
"ASUS Vivobook S16 90NB16F2-M002V0 16"" / 16 Гб / SSD 512 Гб / Без ОС / 90NB16F2-M002V0";399 990 ₸;/p/asus-vivobook-s16-90nb16f2-m002v0-16-16-gb-ssd-512-gb-bez-os-90nb16f2-m002v0-167108435/?c=750000000
"HP 15-fd0458nia 15.6"" / 16 Гб / SSD 256 Гб / Win 11 / B02XHCA#BH5";369 990 ₸;/p/hp-15-fd0458nia-15-6-16-gb-ssd-256-gb-win-11-b02xhca-bh5-169001844/?c=750000000
"Maibenben M17A-R574UM0F3RLU4EB1 17.3"" / 16 Гб / SSD 512 Гб / Linux / M17A-R574UM0F3RLU4EB1";359 600 ₸;/p/maibenben-m17a-r574um0f3rlu4eb1-17-3-16-gb-ssd-512-gb-linux-m17a-r574um0f3rlu4eb1-167906232/?c=750000000
"ASUS FA607NUQ-RL034H 16"" / 32 Гб / SSD 512 Гб / Win 11 / 90NR0QF3-M0H1X0";669 888 ₸;/p/asus-fa607nuq-rl034h-16-32-gb-ssd-512-gb-win-11-90nr0qf3-m0h1x0-167775363/?c=750000000
"Lenovo LOQ 15IRX10 15.6"" / 24 Гб / SSD 512 Гб / Без ОС / 83JE01BPRK";835 990 ₸;/p/lenovo-loq-15irx10-15-6-24-gb-ssd-512-gb-bez-os-83je01bprk-168465124/?c=750000000
"GIGABYTE Gaming A16 3VHK3KZ894SD 16"" / 16 Гб / SSD 1000 Гб / Без ОС / 9RGA6AB6VHKHJK0KZ000";930 860 ₸;/p/gigabyte-gaming-a16-3vhk3kz894sd-16-16-gb-ssd-1000-gb-bez-os-9rga6ab6vhkhjk0kz000-169024191/?c=750000000
"HP ProBook 4 G1i 16"" / 24 Гб / SSD 512 Гб / Win 11 Pro / A23QPEA";1 009 263 ₸;/p/hp-probook-4-g1i-16-24-gb-ssd-512-gb-win-11-pro-a23qpea-168050539/?c=750000000
"ASUS TUF Gaming A15 FA506NCQ-HN031Q 15.6"" / 16 Гб / SSD 1000 Гб / Win 11 / 90NR0QE7-M0Q1A0";499 890 ₸;/p/asus-tuf-gaming-a15-fa506ncq-hn031q-15-6-16-gb-ssd-1000-gb-win-11-90nr0qe7-m0q1a0-167776045/?c=750000000
"Lenovo Yoga 7 2-in-1 14"" / 16 Гб / SSD 512 Гб / Win 11 / 83JR0002US";589 800 ₸;/p/lenovo-yoga-7-2-in-1-14-16-gb-ssd-512-gb-win-11-83jr0002us-168436497/?c=750000000
"Razor NT1708 15.6"" / 16 Гб / SSD 512 Гб / Win 11 / NT1708";350 000 ₸;/p/razor-nt1708-15-6-16-gb-ssd-512-gb-win-11-nt1708-168957301/?c=750000000
"Acer Aspire 14 AI A14-52MT-701K 14"" / 32 Гб / SSD 1000 Гб / Win 11 Home / NX.JDJAA.003";539 990 ₸;/p/acer-aspire-14-ai-a14-52mt-701k-14-32-gb-ssd-1000-gb-win-11-home-nx-jdjaa-003-167276299/?c=750000000
"Acer Nitro V 16S ANV16S-71-97BF 16"" / 64 Гб / SSD 1000 Гб / Win 11 / NH.U29BM.003";1 294 989 ₸;/p/acer-nitro-v-16s-anv16s-71-97bf-16-64-gb-ssd-1000-gb-win-11-nh-u29bm-003-168193342/?c=750000000
"Lenovo LOQ 15IRX10 15.6"" / 16 Гб / SSD 1000 Гб / Win 11 / 83JE0191RK";699 888 ₸;/p/lenovo-loq-15irx10-15-6-16-gb-ssd-1000-gb-win-11-83je0191rk-168168067/?c=750000000
"ASUS Vivobook 15 F1504VAP-BS54T 15.6"" / 40 Гб / SSD 2000 Гб / Win 11 / 90NB13Y2-M00950G";579 980 ₸;/p/asus-vivobook-15-f1504vap-bs54t-15-6-40-gb-ssd-2000-gb-win-11-90nb13y2-m00950g-168946784/?c=750000000
"HP 15-fd0458nia 15.6"" / 8 Гб / SSD 1000 Гб / Win 11 / B02XHDA#BH5";395 990 ₸;/p/hp-15-fd0458nia-15-6-8-gb-ssd-1000-gb-win-11-b02xhda-bh5-168999745/?c=750000000
"ASUS Vivobook 16 Flip TP3607SA-SI103W 16"" / 16 Гб / SSD 512 Гб / Win 11 Home / 90NB1511-M009W0";619 990 ₸;/p/asus-vivobook-16-flip-tp3607sa-si103w-16-16-gb-ssd-512-gb-win-11-home-90nb1511-m009w0-169029089/?c=750000000
"Lenovo 15AMN8 15.6"" / 8 Гб / SSD 512 Гб / Win 11 / 82XQ016BRK";249 900 ₸;/p/lenovo-15amn8-15-6-8-gb-ssd-512-gb-win-11-82xq016brk-168168150/?c=750000000
"ASUS F1504VA-SB31 15.6"" / 24 Гб / SSD 1000 Гб / Win 11 / 90NB19J1-M01S60";349 990 ₸;/p/asus-f1504va-sb31-15-6-24-gb-ssd-1000-gb-win-11-90nb19j1-m01s60-167347422/?c=750000000
"Lenovo ThinkPad T14 14"" / 32 Гб / SSD 512 Гб / Без ОС / 21WN0052FW";1 667 489 ₸;/p/lenovo-thinkpad-t14-14-32-gb-ssd-512-gb-bez-os-21wn0052fw-168568230/?c=750000000
"HP 15-fd0458nia 15.6"" / 24 Гб / SSD 512 Гб / Win 11 / B02FDSW#BH5";414 990 ₸;/p/hp-15-fd0458nia-15-6-24-gb-ssd-512-gb-win-11-b02fdsw-bh5-169006141/?c=750000000
"HP 15-fd1003nq 15.6"" / 32 Гб / SSD 1000 Гб / Win 11 / D0KL2PA#AKE";489 989 ₸;/p/hp-15-fd1003nq-15-6-32-gb-ssd-1000-gb-win-11-d0kl2pa-ake-167904268/?c=750000000
"Lenovo ThinkPad X9-14 G1 14"" / 32 Гб / SSD 512 Гб / Win 11 Pro / 21QA001DRT";1 296 820 ₸;/p/lenovo-thinkpad-x9-14-g1-14-32-gb-ssd-512-gb-win-11-pro-21qa001drt-167412138/?c=750000000
"MSI Stealth 16 AI A2HWGG-090XKZ 16"" / 32 Гб / SSD 1000 Гб / Без ОС / 9S7-15F535-090";1 549 990 ₸;/p/msi-stealth-16-ai-a2hwgg-090xkz-16-32-gb-ssd-1000-gb-bez-os-9s7-15f535-090-169019281/?c=750000000
"HP 15-fd0458nia 15.6"" / 16 Гб / SSD 1000 Гб / Win 11 / B02NBHF#BH5";399 990 ₸;/p/hp-15-fd0458nia-15-6-16-gb-ssd-1000-gb-win-11-b02nbhf-bh5-169006399/?c=750000000
"HP 15-fd0458nia 15.6"" / 32 Гб / SSD 512 Гб / Win 11 / B02REFL#BH5";469 990 ₸;/p/hp-15-fd0458nia-15-6-32-gb-ssd-512-gb-win-11-b02refl-bh5-169005355/?c=750000000
"Acer ANV16S-71-97BF 16"" / 48 Гб / SSD 1000 Гб / Win 11 / NH.U29ZM.003";1 119 990 ₸;/p/acer-anv16s-71-97bf-16-48-gb-ssd-1000-gb-win-11-nh-u29zm-003-169005863/?c=750000000
"Acer AL15-44P-R01T 15"" / 16 Гб / SSD 512 Гб / DOS / NX.DJZEX.001";350 000 ₸;/p/acer-al15-44p-r01t-15-16-gb-ssd-512-gb-dos-nx-djzex-001-168477709/?c=750000000
"ASUS Vivobook F1605VA-WS74 16"" / 16 Гб / SSD 2000 Гб / Win 11 Pro / 90NB12N3-M01AV0";539 990 ₸;/p/asus-vivobook-f1605va-ws74-16-16-gb-ssd-2000-gb-win-11-pro-90nb12n3-m01av0-167277138/?c=750000000
"PWR 7089 16.1"" / 32 Гб / SSD 1000 Гб / Win 11 / I7-32-1-11";277 200 ₸;/p/pwr-7089-16-1-32-gb-ssd-1000-gb-win-11-i7-32-1-11-169039448/?c=750000000
"Acer Nitro V 16S ANV16S-71-97BF 16"" / 64 Гб / SSD 4000 Гб / Win 11 / NH.U29MM.003";1 479 989 ₸;/p/acer-nitro-v-16s-anv16s-71-97bf-16-64-gb-ssd-4000-gb-win-11-nh-u29mm-003-168193313/?c=750000000
"HP 15-fd0154sw 15.6"" / 16 Гб / SSD 1000 Гб / Win 11 / BZ1N19UA";399 888 ₸;/p/hp-15-fd0154sw-15-6-16-gb-ssd-1000-gb-win-11-bz1n19ua-168194232/?c=750000000
"ASUS FA607NUQ-RL034F 16"" / 24 Гб / SSD 1000 Гб / Win 11 / 90NR0QF3-M0F1X0";699 888 ₸;/p/asus-fa607nuq-rl034f-16-24-gb-ssd-1000-gb-win-11-90nr0qf3-m0f1x0-167775099/?c=750000000
"HP 15-fd0154fw 15.6"" / 16 Гб / SSD 4000 Гб / Win 11 / BZ1N21UA";599 900 ₸;/p/hp-15-fd0154fw-15-6-16-gb-ssd-4000-gb-win-11-bz1n21ua-168174794/?c=750000000
"Acer Nitro V 16S ANV16S-71-97BF 16"" / 16 Гб / SSD 4000 Гб / Win 11 / NH.U29TM.003";1 139 989 ₸;/p/acer-nitro-v-16s-anv16s-71-97bf-16-16-gb-ssd-4000-gb-win-11-nh-u29tm-003-168192458/?c=750000000
"HP 15-fd0154rw 15.6"" / 8 Гб / SSD 2000 Гб / Win 11 / BZ1N12UA";499 888 ₸;/p/hp-15-fd0154rw-15-6-8-gb-ssd-2000-gb-win-11-bz1n12ua-168194210/?c=750000000
"ASUS Vivobook 15 F1504VAP-BS54T 15.6"" / 16 Гб / SSD 1000 Гб / Win 11 / 90NB13Y2-M00950D";399 980 ₸;/p/asus-vivobook-15-f1504vap-bs54t-15-6-16-gb-ssd-1000-gb-win-11-90nb13y2-m00950d-168947030/?c=750000000
"ASUS Vivobook 15 F1504VAP-BS54T 15.6"" / 24 Гб / SSD 512 Гб / Win 11 / 90NB13Y2-M00950L";379 990 ₸;/p/asus-vivobook-15-f1504vap-bs54t-15-6-24-gb-ssd-512-gb-win-11-90nb13y2-m00950l-168946926/?c=750000000
"Acer TravelMate 14"" / 16 Гб / SSD 512 Гб / Без ОС / NX.B22ER.005";944 384 ₸;/p/acer-travelmate-14-16-gb-ssd-512-gb-bez-os-nx-b22er-005-168568069/?c=750000000
"Tokio Dream Vision 15.6"" / 12 Гб / SSD 120 Гб / Win 11 Pro / 1465845";129 990 ₸;/p/tokio-dream-vision-15-6-12-gb-ssd-120-gb-win-11-pro-1465845-167212901/?c=750000000
"HP 15-fd0154mw 15.6"" / 32 Гб / SSD 2000 Гб / Win 11 / BZ1N32UA";599 888 ₸;/p/hp-15-fd0154mw-15-6-32-gb-ssd-2000-gb-win-11-bz1n32ua-168194156/?c=750000000
"HP 15-fd1003nq 15.6"" / 24 Гб / SSD 2000 Гб / Win 11 / D0BL2GA#AKE";499 989 ₸;/p/hp-15-fd1003nq-15-6-24-gb-ssd-2000-gb-win-11-d0bl2ga-ake-167904340/?c=750000000
"ASUS FA707NUQ-HX010W 17.3"" / 16 Гб / SSD 512 Гб / Win 11 / 90NR0QH5-M0W0D0";599 887 ₸;/p/asus-fa707nuq-hx010w-17-3-16-gb-ssd-512-gb-win-11-90nr0qh5-m0w0d0-167774418/?c=750000000
"HP EliteBook 8 G1i 16"" / 16 Гб / SSD 512 Гб / Win 11 Pro / CV0X2ET";726 165 ₸;/p/hp-elitebook-8-g1i-16-16-gb-ssd-512-gb-win-11-pro-cv0x2et-167037383/?c=750000000
"MSI Cyborg 15 15.6"" / 16 Гб / SSD 1000 Гб / DOS / C2WF-027XKZ";1 041 844 ₸;/p/msi-cyborg-15-15-6-16-gb-ssd-1000-gb-dos-c2wf-027xkz-168998941/?c=750000000
"Lenovo LOQ 15IRX10 15.6"" / 16 Гб / SSD 1000 Гб / Без ОС / 83JE018CRK";779 990 ₸;/p/lenovo-loq-15irx10-15-6-16-gb-ssd-1000-gb-bez-os-83je018crk-168465068/?c=750000000
"HP 15-fd0458nia 15.6"" / 32 Гб / SSD 1000 Гб / Win 11 / B02OKGD#BH5";502 990 ₸;/p/hp-15-fd0458nia-15-6-32-gb-ssd-1000-gb-win-11-b02okgd-bh5-169005777/?c=750000000
"HP 15-fd0458ni 15.6"" / 16 Гб / SSD 512 Гб / Win 11 / B02XHEA#XH5";389 990 ₸;/p/hp-15-fd0458ni-15-6-16-gb-ssd-512-gb-win-11-b02xhea-xh5-169062012/?c=750000000
"MSI Raider 18 Max HX 18"" / 64 Гб / SSD 2000 Гб / Win 11 / A2WJ-1070KZ";3 093 894 ₸;/p/msi-raider-18-max-hx-18-64-gb-ssd-2000-gb-win-11-a2wj-1070kz-167412574/?c=750000000
"Maibenben M16B 16"" / 8 Гб / SSD 512 Гб / Linux / M16B-R343UMB1SLSRE1";239 490 ₸;/p/maibenben-m16b-16-8-gb-ssd-512-gb-linux-m16b-r343umb1slsre1-167889365/?c=750000000
"MSI Raider 16 16"" / 16 Гб / SSD 1000 Гб / DOS / B2WH-058XKZ MS-2651";1 399 990 ₸;/p/msi-raider-16-16-16-gb-ssd-1000-gb-dos-b2wh-058xkz-ms-2651-167302984/?c=750000000
"ASUS Vivobook F1605VA-WS74 16"" / 24 Гб / SSD 1000 Гб / Win 11 Pro / 90NB14N3-M01AV0";509 990 ₸;/p/asus-vivobook-f1605va-ws74-16-24-gb-ssd-1000-gb-win-11-pro-90nb14n3-m01av0-167277192/?c=750000000
"ASUS Zenbook UX3405C-0ECSXBJX20W 14"" / 32 Гб / SSD 512 Гб / Win 11 / 90NB14W2-M0W1Z0";699 888 ₸;/p/asus-zenbook-ux3405c-0ecsxbjx20w-14-32-gb-ssd-512-gb-win-11-90nb14w2-m0w1z0-168145619/?c=750000000
"Acer ETBook Air + M16H 16"" / 16 Гб / SSD 512 Гб / Win 11 / ZL.OTH11.03S";299 990 ₸;/p/acer-etbook-air-m16h-16-16-gb-ssd-512-gb-win-11-zl-oth11-03s-167399522/?c=750000000
"HP 15-fd1003nq 15.6"" / 8 Гб / SSD 512 Гб / Win 11 / D0BL2RA#AKE";289 989 ₸;/p/hp-15-fd1003nq-15-6-8-gb-ssd-512-gb-win-11-d0bl2ra-ake-167904663/?c=750000000
"ASUS FA607NUQ-RL034Q 16"" / 16 Гб / SSD 1000 Гб / Win 11 / 90NR0QF3-M0Q1X0";599 888 ₸;/p/asus-fa607nuq-rl034q-16-16-gb-ssd-1000-gb-win-11-90nr0qf3-m0q1x0-167775478/?c=750000000
"ASUS TUF Gaming A16 FA608PM-RV041W 16"" / 40 Гб / SSD 512 Гб / Win 11 / 90NR0MC1-M01370";979 990 ₸;/p/asus-tuf-gaming-a16-fa608pm-rv041w-16-40-gb-ssd-512-gb-win-11-90nr0mc1-m01370-167725311/?c=750000000
"ASUS TUF Gaming A18 18"" / 64 Гб / SSD 2000 Гб / Win 11 Pro / 90NR0NN1-M00610";1 199 990 ₸;/p/asus-tuf-gaming-a18-18-64-gb-ssd-2000-gb-win-11-pro-90nr0nn1-m00610-167033209/?c=750000000
"Acer PHN16-71-99S4 16"" / 48 Гб / SSD 512 Гб / Win 11 / NH,U0U.817";1 399 990 ₸;/p/acer-phn16-71-99s4-16-48-gb-ssd-512-gb-win-11-nh-u0u-817-169007079/?c=750000000
"Acer PHN16-71-92V1 16"" / 48 Гб / SSD 4000 Гб / Win 11 / NH,U0U.220";1 672 990 ₸;/p/acer-phn16-71-92v1-16-48-gb-ssd-4000-gb-win-11-nh-u0u-220-169007041/?c=750000000
"MSI Prestige 13 AI+ 13.3"" / 32 Гб / SSD 1024 Гб / Win 11 / A3MG-043KZ";1 001 084 ₸;/p/msi-prestige-13-ai-13-3-32-gb-ssd-1024-gb-win-11-a3mg-043kz-167389204/?c=750000000
"ASUS X1607CA-MB262F 16"" / 16 Гб / SSD 2000 Гб / Win 11 / 90NB15A2-M0FK0";699 900 ₸;/p/asus-x1607ca-mb262f-16-16-gb-ssd-2000-gb-win-11-90nb15a2-m0fk0-168892101/?c=750000000
"YAMI Notebook N10 Pink 14.1"" / 12 Гб / SSD 256 Гб / Win 11 Pro / Notebook N10 Pink";125 990 ₸;/p/yami-notebook-n10-pink-14-1-12-gb-ssd-256-gb-win-11-pro-notebook-n10-pink-167654031/?c=750000000
"HP Victus 15-fa2787nr 15.6"" / 24 Гб / SSD 512 Гб / Win 11 Pro / BM7B10UA#ABA";789 990 ₸;/p/hp-victus-15-fa2787nr-15-6-24-gb-ssd-512-gb-win-11-pro-bm7b10ua-aba-167349883/?c=750000000
"HP OMEN 16 Gaming Laptop 16-am0361TX 16"" / 48 Гб / SSD 1000 Гб / Win 11 Pro / CK5W8PA#UUF";1 199 990 ₸;/p/hp-omen-16-gaming-laptop-16-am0361tx-16-48-gb-ssd-1000-gb-win-11-pro-ck5w8pa-uuf-167275154/?c=750000000
"HP 15-fd1003nq 15.6"" / 16 Гб / SSD 1000 Гб / Win 11 / D0BL2CA#AKE";339 989 ₸;/p/hp-15-fd1003nq-15-6-16-gb-ssd-1000-gb-win-11-d0bl2ca-ake-167904511/?c=750000000
"Apple MacBook Pro 16"" / 48 Гб / SSD 1024 Гб / macOS / MGE64RU/A";2 172 990 ₸;/p/apple-macbook-pro-16-48-gb-ssd-1024-gb-macos-mge64ru-a-169055223/?c=750000000
"ASUS FA607NUQ-RL034J 16"" / 32 Гб / SSD 1000 Гб / Win 11 / 90NR0QF3-M0J1X0";699 888 ₸;/p/asus-fa607nuq-rl034j-16-32-gb-ssd-1000-gb-win-11-90nr0qf3-m0j1x0-167775421/?c=750000000
"HP ProBook 4 G1i 14"" / 24 Гб / SSD 512 Гб / Win 11 Pro / A23QMEA";1 006 178 ₸;/p/hp-probook-4-g1i-14-24-gb-ssd-512-gb-win-11-pro-a23qmea-168593830/?c=750000000
"HP EliteBook 8 G1i 14 14"" / 16 Гб / SSD 512 Гб / Win 11 Pro / A27C5EA";971 624 ₸;/p/hp-elitebook-8-g1i-14-14-16-gb-ssd-512-gb-win-11-pro-a27c5ea-168147408/?c=750000000
"HP ProBook 4 G1i 14"" / 24 Гб / SSD 512 Гб / Win 11 Pro / A23QMEA";1 006 178 ₸;/p/hp-probook-4-g1i-14-24-gb-ssd-512-gb-win-11-pro-a23qmea-168593830/?c=750000000
"HP 15-fd0458nia 15.6"" / 8 Гб / SSD 1000 Гб / Win 11 / B02VFRT#BH5";395 990 ₸;/p/hp-15-fd0458nia-15-6-8-gb-ssd-1000-gb-win-11-b02vfrt-bh5-169001927/?c=750000000
"MSI Vector 16 HX AI A2XWHG-811XKZ 16"" / 16 Гб / SSD 1000 Гб / Без ОС / 9S7-15M352-811";1 399 989 ₸;/p/msi-vector-16-hx-ai-a2xwhg-811xkz-16-16-gb-ssd-1000-gb-bez-os-9s7-15m352-811-169029209/?c=750000000
"HP 15-fd1003nq 15.6"" / 48 Гб / SSD 256 Гб / Win 11 / D0BJ2EA#AKE";499 989 ₸;/p/hp-15-fd1003nq-15-6-48-gb-ssd-256-gb-win-11-d0bj2ea-ake-167904054/?c=750000000
"HP 15-fd1003nq 15.6"" / 32 Гб / SSD 2000 Гб / Win 11 / D0BL2MA#AKE";529 989 ₸;/p/hp-15-fd1003nq-15-6-32-gb-ssd-2000-gb-win-11-d0bl2ma-ake-167904241/?c=750000000
"HP 15-fd0154bw 15.6"" / 32 Гб / SSD 512 Гб / Win 11 / BZ1N30UA";449 888 ₸;/p/hp-15-fd0154bw-15-6-32-gb-ssd-512-gb-win-11-bz1n30ua-168174635/?c=750000000
"ASUS FA707NUQ-HX010J 17.3"" / 32 Гб / SSD 2000 Гб / Win 11 / 90NR0QH5-M0J0D0";849 887 ₸;/p/asus-fa707nuq-hx010j-17-3-32-gb-ssd-2000-gb-win-11-90nr0qh5-m0j0d0-167725220/?c=750000000
"Huawei MateBook D 14 14"" / 16 Гб / SSD 512 Гб / Без ОС / 53014QKX";299 990 ₸;/p/huawei-matebook-d-14-14-16-gb-ssd-512-gb-bez-os-53014qkx-168739594/?c=750000000
"ASUS F1504VA-SB31 15.6"" / 16 Гб / SSD 512 Гб / Win 11 / 90NB15J1-M01S60";299 990 ₸;/p/asus-f1504va-sb31-15-6-16-gb-ssd-512-gb-win-11-90nb15j1-m01s60-167347575/?c=750000000
"ASUS Vivobook 15 F1504VAP-BS54T 15.6"" / 12 Гб / HDD 2000 Гб / Win 11 / 90NB149-M00950";444 980 ₸;/p/asus-vivobook-15-f1504vap-bs54t-15-6-12-gb-hdd-2000-gb-win-11-90nb149-m00950-168860577/?c=750000000
"MSI Raider 16 HX B2WI-057XKZ 16"" / 16 Гб / SSD 1024 Гб / Win 11 / 9S7-265122-057";1 749 990 ₸;/p/msi-raider-16-hx-b2wi-057xkz-16-16-gb-ssd-1024-gb-win-11-9s7-265122-057-167073252/?c=750000000
"HP 15-fd0458nia 15.6"" / 24 Гб / SSD 256 Гб / Win 11 / B02ZMXK#BH5";404 990 ₸;/p/hp-15-fd0458nia-15-6-24-gb-ssd-256-gb-win-11-b02zmxk-bh5-169006182/?c=750000000
"HP 15-fd0458nia 15.6"" / 48 Гб / SSD 256 Гб / Win 11 / B02JFXR#BH5";512 990 ₸;/p/hp-15-fd0458nia-15-6-48-gb-ssd-256-gb-win-11-b02jfxr-bh5-169003742/?c=750000000
"HP 15-fd0458nia 15.6"" / 40 Гб / SSD 256 Гб / Win 11 / B02XALZ#BH5";459 990 ₸;/p/hp-15-fd0458nia-15-6-40-gb-ssd-256-gb-win-11-b02xalz-bh5-169005611/?c=750000000
"ASUS TUF Gaming A16 FA608PM-RV041W 16"" / 32 Гб / SSD 512 Гб / Win 11 / 90NR0MC1-M00970";949 990 ₸;/p/asus-tuf-gaming-a16-fa608pm-rv041w-16-32-gb-ssd-512-gb-win-11-90nr0mc1-m00970-167725338/?c=750000000
"ASUS Vivobook F1605VA-WS74 16"" / 40 Гб / SSD 2000 Гб / Win 11 Pro / 90NB17N3-M01AV0";639 990 ₸;/p/asus-vivobook-f1605va-ws74-16-40-gb-ssd-2000-gb-win-11-pro-90nb17n3-m01av0-167277307/?c=750000000
"HP OMEN 16 Gaming Laptop 16-am0361TX 16"" / 48 Гб / SSD 4000 Гб / Win 11 Pro / CK9W8PA#UUF";1 299 990 ₸;/p/hp-omen-16-gaming-laptop-16-am0361tx-16-48-gb-ssd-4000-gb-win-11-pro-ck9w8pa-uuf-167275714/?c=750000000
"Acer Nitro V 16S ANV16S-71-97BF 16"" / 48 Гб / SSD 4000 Гб / Win 11 / NH.U29CM.003";1 359 989 ₸;/p/acer-nitro-v-16s-anv16s-71-97bf-16-48-gb-ssd-4000-gb-win-11-nh-u29cm-003-168192489/?c=750000000
"Lenovo ThinkPad X9-14 G1 14"" / 16 Гб / SSD 512 Гб / Win 11 Pro / 21QA002GRT";1 131 620 ₸;/p/lenovo-thinkpad-x9-14-g1-14-16-gb-ssd-512-gb-win-11-pro-21qa002grt-167412148/?c=750000000
"ASUS FA707NUQ-HX010H 17.3"" / 32 Гб / SSD 1000 Гб / Win 11 / 90NR0QH5-M0H0D0";749 799 ₸;/p/asus-fa707nuq-hx010h-17-3-32-gb-ssd-1000-gb-win-11-90nr0qh5-m0h0d0-167725195/?c=750000000
"Lenovo Yoga 7 i 2in1 16"" 2K Touchscreen 16"" / 16 Гб / SSD 1024 Гб / Win 11 / 83DL0002US";549 800 ₸;/p/lenovo-yoga-7-i-2in1-16-2k-touchscreen-16-16-gb-ssd-1024-gb-win-11-83dl0002us-168436062/?c=750000000
"HP 15-fd0458nia 15.6"" / 48 Гб / SSD 512 Гб / Win 11 / B02DGST#BH5";524 990 ₸;/p/hp-15-fd0458nia-15-6-48-gb-ssd-512-gb-win-11-b02dgst-bh5-169001976/?c=750000000
"Lenovo LOQ 15IRX10 15.6"" / 32 Гб / SSD 512 Гб / Win 11 / 83JE0194RK";799 888 ₸;/p/lenovo-loq-15irx10-15-6-32-gb-ssd-512-gb-win-11-83je0194rk-167776688/?c=750000000
"ASUS TUF Gaming A15 15.6"" / 8 Гб / SSD 512 Гб / Без ОС / FA506NF-HN100 / 90NR0JE7-M00850";429 000 ₸;/p/asus-tuf-gaming-a15-15-6-8-gb-ssd-512-gb-bez-os-fa506nf-hn100-90nr0je7-m00850-120571189/?c=750000000
"Lenovo Slim 3 15IRU8 15.6"" / 8 Гб / SSD 512 Гб / DOS / 82X700ATRK";229 900 ₸;/p/lenovo-slim-3-15iru8-15-6-8-gb-ssd-512-gb-dos-82x700atrk-122385662/?c=750000000
"Lenovo Yoga 7 2-in-1 14ILL10 14"" / 16 Гб / SSD 512 Гб / Без ОС / 83JQ003GRK";508 466 ₸;/p/lenovo-yoga-7-2-in-1-14ill10-14-16-gb-ssd-512-gb-bez-os-83jq003grk-138055834/?c=750000000
"ASUS FX707ZC4-HX076EW 17.3"" / 24 Гб / SSD 1000 Гб / Win 11 Pro / 90NR0GX1-M006E0";699 882 ₸;/p/asus-fx707zc4-hx076ew-17-3-24-gb-ssd-1000-gb-win-11-pro-90nr0gx1-m006e0-128828519/?c=750000000
"ASUS TUF Gaming F16 FX607VJ-RL049D 16"" / 32 Гб / SSD 1000 Гб / Win 11 Pro / 90NR0MZ6-M0D2P0";599 069 ₸;/p/asus-tuf-gaming-f16-fx607vj-rl049d-16-32-gb-ssd-1000-gb-win-11-pro-90nr0mz6-m0d2p0-145167982/?c=750000000
"ASUS TUF Gaming F15 15.6"" / 16 Гб / SSD 512 Гб / DOS / FX507ZC4-HN145 / 90NR0GW1-M00B60";467 790 ₸;/p/asus-tuf-gaming-f15-15-6-16-gb-ssd-512-gb-dos-fx507zc4-hn145-90nr0gw1-m00b60-113362306/?c=750000000
"DELL Vostro 210-BECX-18 15.6"" / 8 Гб / M.2 512 Гб / Win 11 / N3001PVNB3520EMEA0";249 900 ₸;/p/dell-vostro-210-becx-18-15-6-8-gb-m-2-512-gb-win-11-n3001pvnb3520emea0-153210460/?c=750000000
"ASUS Vivobook Go 15 15.6"" / 8 Гб / SSD 512 Гб / Win 11 / E1504FA-BQ1515W / 90NB0ZR1-M02N10";279 000 ₸;/p/asus-vivobook-go-15-15-6-8-gb-ssd-512-gb-win-11-e1504fa-bq1515w-90nb0zr1-m02n10-135637684/?c=750000000
"ASUS TUF Gaming F17 17.3"" / 16 Гб / SSD 512 Гб / Без ОС / FX707ZC4-HX014 / 90NR0GX1-M000K0";477 790 ₸;/p/asus-tuf-gaming-f17-17-3-16-gb-ssd-512-gb-bez-os-fx707zc4-hx014-90nr0gx1-m000k0-110042846/?c=750000000
"HP Victus 15-fb3075ci 15.6"" / 16 Гб / SSD 512 Гб / Без ОС / CW2U6EA";489 990 ₸;/p/hp-victus-15-fb3075ci-15-6-16-gb-ssd-512-gb-bez-os-cw2u6ea-152361488/?c=750000000
"Acer Nitro 5 15.6"" / 16 Гб / SSD 512 Гб / DOS / AN515-58-54FA / NH.QMZER.003";549 990 ₸;/p/acer-nitro-5-15-6-16-gb-ssd-512-gb-dos-an515-58-54fa-nh-qmzer-003-114301994/?c=750000000
"Acer Gadget ETBook E10 14.1"" / 8 Гб / SSD 256 Гб / Win 11 / CWI575";204 000 ₸;/p/acer-gadget-etbook-e10-14-1-8-gb-ssd-256-gb-win-11-cwi575-153499553/?c=750000000
"HP 15-fd1003nq 15.6"" / 16 Гб / SSD 512 Гб / Win 11 / D0YL2EA#AKE";299 989 ₸;/p/hp-15-fd1003nq-15-6-16-gb-ssd-512-gb-win-11-d0yl2ea-ake-167904562/?c=750000000
"Lenovo LOQ 15IRX10 83JE018FRK 15.6"" / 16 Гб / SSD 1000 Гб / Без ОС / 83JE018FRK";769 990 ₸;/p/lenovo-loq-15irx10-83je018frk-15-6-16-gb-ssd-1000-gb-bez-os-83je018frk-167072174/?c=750000000
"HP EliteBook 8 G1i 14"" / 24 Гб / SSD 512 Гб / Win 11 Pro / AD4U5ET";998 157 ₸;/p/hp-elitebook-8-g1i-14-24-gb-ssd-512-gb-win-11-pro-ad4u5et-167959585/?c=750000000
"ASUS TUF Gaming A16 FA608PM-RV041W 16"" / 64 Гб / SSD 2000 Гб / Win 11 / 90NR0MC1-M01970";1 249 990 ₸;/p/asus-tuf-gaming-a16-fa608pm-rv041w-16-64-gb-ssd-2000-gb-win-11-90nr0mc1-m01970-167725408/?c=750000000
"Lenovo LOQ 15IRX 15.6"" / 32 Гб / SSD 512 Гб / DOS / 83JE00RSRK";799 990 ₸;/p/lenovo-loq-15irx-15-6-32-gb-ssd-512-gb-dos-83je00rsrk-167959139/?c=750000000
"Acer Nitro V 16 ANV16-42-R17U 16"" / 16 Гб / SSD 1024 Гб / Win 11 / NH.U3BAA.001";799 900 ₸;/p/acer-nitro-v-16-anv16-42-r17u-16-16-gb-ssd-1024-gb-win-11-nh-u3baa-001-168453424/?c=750000000
"HP 15-fd0458nia 15.6"" / 16 Гб / SSD 1000 Гб / Win 11 / B02XHQA#BH5";422 990 ₸;/p/hp-15-fd0458nia-15-6-16-gb-ssd-1000-gb-win-11-b02xhqa-bh5-169001755/?c=750000000
"ASUS X1607CA-MB262G 16"" / 32 Гб / SSD 512 Гб / Win 11 / 90NB15A2-M0GKL0";599 900 ₸;/p/asus-x1607ca-mb262g-16-32-gb-ssd-512-gb-win-11-90nb15a2-m0gkl0-168892136/?c=750000000
"ASUS X1607CA-MB262W 16"" / 16 Гб / SSD 512 Гб / Win 11 / 90NB15A2-M0WKL0";499 900 ₸;/p/asus-x1607ca-mb262w-16-16-gb-ssd-512-gb-win-11-90nb15a2-m0wkl0-168892471/?c=750000000
"Lenovo V15 15.6"" / 16 Гб / SSD 1000 Гб / Без ОС / 83GW00BSFW";479 990 ₸;/p/lenovo-v15-15-6-16-gb-ssd-1000-gb-bez-os-83gw00bsfw-168478663/?c=750000000
"ASUS Vivobook F1605VA-WS74 16"" / 16 Гб / SSD 512 Гб / Win 11 Pro / 90NB10N3-M01AV0";439 990 ₸;/p/asus-vivobook-f1605va-ws74-16-16-gb-ssd-512-gb-win-11-pro-90nb10n3-m01av0-167276940/?c=750000000
"HP Victus 15-fa2787nr 15.6"" / 32 Гб / SSD 2000 Гб / Win 11 Pro / BM9B9UA#ABA";929 990 ₸;/p/hp-victus-15-fa2787nr-15-6-32-gb-ssd-2000-gb-win-11-pro-bm9b9ua-aba-167350260/?c=750000000
"Lenovo ThinkBook 16 Gen 9 16"" / 16 Гб / SSD 512 Гб / Win 11 Pro / 283210409";643 110 ₸;/p/lenovo-thinkbook-16-gen-9-16-16-gb-ssd-512-gb-win-11-pro-283210409-167364608/?c=750000000
"ASUS F1504VA-SB31E 15.6"" / 8 Гб / M.2 256 Гб / Win 11 Pro / 90NB10J3-M01S60";244 980 ₸;/p/asus-f1504va-sb31e-15-6-8-gb-m-2-256-gb-win-11-pro-90nb10j3-m01s60-167905197/?c=750000000
"HP 15-fd0458nia 15.6"" / 32 Гб / SSD 1000 Гб / Win 11 / B02XMEA#BH5";503 990 ₸;/p/hp-15-fd0458nia-15-6-32-gb-ssd-1000-gb-win-11-b02xmea-bh5-168999205/?c=750000000
"HP 15-fd0458nia 15.6"" / 48 Гб / SSD 256 Гб / Win 11 / B02XUEA#BH5";502 990 ₸;/p/hp-15-fd0458nia-15-6-48-gb-ssd-256-gb-win-11-b02xuea-bh5-168999400/?c=750000000
"ASUS Vivobook 16 X1607CA-MB124W 16"" / 16 Гб / SSD 512 Гб / Win 11 / 90NB15A2-M00NW0";549 990 ₸;/p/asus-vivobook-16-x1607ca-mb124w-16-16-gb-ssd-512-gb-win-11-90nb15a2-m00nw0-168007483/?c=750000000
"Lenovo Legion R7000 AHP10 15.3"" / 16 Гб / SSD 512 Гб / Win 11 Pro / 83M00005CD";830 000 ₸;/p/lenovo-legion-r7000-ahp10-15-3-16-gb-ssd-512-gb-win-11-pro-83m00005cd-168567432/?c=750000000
"DELL Pro Essential 15.6"" / 8 Гб / SSD 512 Гб / Без ОС / PV15250_RPLU_001_P_HOM";339 990 ₸;/p/dell-pro-essential-15-6-8-gb-ssd-512-gb-bez-os-pv15250-rplu-001-p-hom-167349869/?c=750000000
"Apple MacBook Pro 14"" / 24 Гб / SSD 2048 Гб / macOS / MGDP4RU/A";1 962 990 ₸;/p/apple-macbook-pro-14-24-gb-ssd-2048-gb-macos-mgdp4ru-a-169055216/?c=750000000
"Acer Nitro V 16S ANV16S-71-97BF 16"" / 32 Гб / SSD 1000 Гб / Win 11 / NH.U29SM.003";989 989 ₸;/p/acer-nitro-v-16s-anv16s-71-97bf-16-32-gb-ssd-1000-gb-win-11-nh-u29sm-003-168193236/?c=750000000
"Acer Nitro V 16S ANV16S-71-97BF 16"" / 16 Гб / SSD 1000 Гб / Win 11 / NH.U29WM.003";869 989 ₸;/p/acer-nitro-v-16s-anv16s-71-97bf-16-16-gb-ssd-1000-gb-win-11-nh-u29wm-003-168193536/?c=750000000
"HP 15-fd1003nq 15.6"" / 8 Гб / SSD 256 Гб / Win 11 / D0WL2EA#AKE";269 989 ₸;/p/hp-15-fd1003nq-15-6-8-gb-ssd-256-gb-win-11-d0wl2ea-ake-167904681/?c=750000000
"ASUS FA607NUQ-RL034W 16"" / 16 Гб / SSD 512 Гб / Win 11 / 90NR0QF3-M0W1X0";569 900 ₸;/p/asus-fa607nuq-rl034w-16-16-gb-ssd-512-gb-win-11-90nr0qf3-m0w1x0-167775580/?c=750000000
"Acer ANV16S-71-97BF 16"" / 24 Гб / SSD 1000 Гб / Win 11 / NH.U29UM.003";919 989 ₸;/p/acer-anv16s-71-97bf-16-24-gb-ssd-1000-gb-win-11-nh-u29um-003-168191939/?c=750000000
"Acer Nitro V 16S ANV16S-71-97BF 16"" / 40 Гб / SSD 1000 Гб / Win 11 / NH.U29HM.003";1 029 989 ₸;/p/acer-nitro-v-16s-anv16s-71-97bf-16-40-gb-ssd-1000-gb-win-11-nh-u29hm-003-168193407/?c=750000000
"Acer Nitro V 16S ANV16S-71-97BF 16"" / 24 Гб / SSD 4000 Гб / Win 11 / NH.U29OM.003";1 199 989 ₸;/p/acer-nitro-v-16s-anv16s-71-97bf-16-24-gb-ssd-4000-gb-win-11-nh-u29om-003-168193286/?c=750000000
"PRYME N5100 15.6 15.6"" / 16 Гб / SSD 512 Гб / Win 11 Pro";139 990 ₸;/p/pryme-n5100-15-6-15-6-16-gb-ssd-512-gb-win-11-pro-168737291/?c=750000000
"Lenovo ThinkBook 16 Gen 9 16"" / 16 Гб / SSD 512 Гб / Без ОС / 21US000GFW";526 220 ₸;/p/lenovo-thinkbook-16-gen-9-16-16-gb-ssd-512-gb-bez-os-21us000gfw-167412219/?c=750000000
"HP ZBook X G1i 16 16"" / 32 Гб / SSD 1000 Гб / Win 11 Pro / B72Y6ET";1 985 994 ₸;/p/hp-zbook-x-g1i-16-16-32-gb-ssd-1000-gb-win-11-pro-b72y6et-168147738/?c=750000000
"HP ProBook 4 G1iR 16"" / 16 Гб / SSD 1024 Гб / Win 11 Pro / C7GD8ET";1 107 327 ₸;/p/hp-probook-4-g1ir-16-16-gb-ssd-1024-gb-win-11-pro-c7gd8et-168050442/?c=750000000
"ASUS Vivobook S14 M3407HA-LY178 14"" / 16 Гб / SSD 512 Гб / Без ОС / 90NB16E1-M00BR0";429 900 ₸;/p/asus-vivobook-s14-m3407ha-ly178-14-16-gb-ssd-512-gb-bez-os-90nb16e1-m00br0-167958475/?c=750000000
"Acer PHN16-71-90T6 16"" / 48 Гб / SSD 1000 Гб / Win 11 / NH,U0U.918";1 439 990 ₸;/p/acer-phn16-71-90t6-16-48-gb-ssd-1000-gb-win-11-nh-u0u-918-169007063/?c=750000000
"ASUS Zenbook 14 UX3405C-0ECSXBJX20Q 14"" / 32 Гб / SSD 1000 Гб / Win 11 / 90NB14W2-M0Q1Z0";749 800 ₸;/p/asus-zenbook-14-ux3405c-0ecsxbjx20q-14-32-gb-ssd-1000-gb-win-11-90nb14w2-m0q1z0-168145434/?c=750000000
"Acer Nitro V 16 ANV16-72-73VJ 16"" / 32 Гб / SSD 512 Гб / Win 11 Home / NH.U2EAA.002";839 990 ₸;/p/acer-nitro-v-16-anv16-72-73vj-16-32-gb-ssd-512-gb-win-11-home-nh-u2eaa-002-167299586/?c=750000000
"DELL Pro 15 Essential 15.6"" / 8 Гб / SSD 512 Гб / Без ОС / 15250_RPLU_004_P_UBU";289 990 ₸;/p/dell-pro-15-essential-15-6-8-gb-ssd-512-gb-bez-os-15250-rplu-004-p-ubu-167399827/?c=750000000
"ASUS Zenbook 14 UX3405C-0ECSXBJX20Q 14"" / 32 Гб / SSD 1000 Гб / Win 11 / 90NB14W2-M0Q1Z0";749 800 ₸;/p/asus-zenbook-14-ux3405c-0ecsxbjx20q-14-32-gb-ssd-1000-gb-win-11-90nb14w2-m0q1z0-168145434/?c=750000000
"HP ZBook X G1i 16 16"" / 32 Гб / SSD 1024 Гб / Win 11 Pro / C9EQ6ET";1 852 718 ₸;/p/hp-zbook-x-g1i-16-16-32-gb-ssd-1024-gb-win-11-pro-c9eq6et-167959939/?c=750000000
"ASUS Vivobook 15 F1504VAP-BS54T 15.6"" / 8 Гб / SSD 1000 Гб / Win 11 / 90NB13Y2-M00950E";359 980 ₸;/p/asus-vivobook-15-f1504vap-bs54t-15-6-8-gb-ssd-1000-gb-win-11-90nb13y2-m00950e-168947316/?c=750000000
"ASUS FA707NUQ-HX010Q 17.3"" / 16 Гб / SSD 1000 Гб / Win 11 / 90NR0QH5-M0Q0D0";649 799 ₸;/p/asus-fa707nuq-hx010q-17-3-16-gb-ssd-1000-gb-win-11-90nr0qh5-m0q0d0-167725230/?c=750000000
"ASUS F1504VA-SB31 15.6"" / 16 Гб / SSD 1000 Гб / Win 11 / 90NB18J1-M01S60";319 990 ₸;/p/asus-f1504va-sb31-15-6-16-gb-ssd-1000-gb-win-11-90nb18j1-m01s60-167347516/?c=750000000
"MSI Cyborg 15 15"" / 16 Гб / SSD 1000 Гб / DOS / C2WE-060XKZ";1 041 844 ₸;/p/msi-cyborg-15-15-16-gb-ssd-1000-gb-dos-c2we-060xkz-168998811/?c=750000000
"HP 15-fd0458nia 15.6"" / 40 Гб / SSD 1000 Гб / Win 11 / B02XKEA#BH5";503 990 ₸;/p/hp-15-fd0458nia-15-6-40-gb-ssd-1000-gb-win-11-b02xkea-bh5-168999482/?c=750000000
"HP 15-fd0458nia 15.6"" / 40 Гб / SSD 512 Гб / Win 11 / B02QIKP#BH5";469 990 ₸;/p/hp-15-fd0458nia-15-6-40-gb-ssd-512-gb-win-11-b02qikp-bh5-169005537/?c=750000000
"MSI Raider 16 HX B2WH-058XKZ 16"" / 16 Гб / SSD 1000 Гб / DOS / 9S7-265122-058";1 398 464 ₸;/p/msi-raider-16-hx-b2wh-058xkz-16-16-gb-ssd-1000-gb-dos-9s7-265122-058-167090625/?c=750000000
"Lenovo ThinkPad X1 Carbon G13 14"" / 16 Гб / SSD 512 Гб / Без ОС / 21NX00KAFW";1 617 363 ₸;/p/lenovo-thinkpad-x1-carbon-g13-14-16-gb-ssd-512-gb-bez-os-21nx00kafw-168568132/?c=750000000
"HP 15-fd0458nia 15.6"" / 8 Гб / SSD 2000 Гб / Win 11 / B02XHLA#BH5";488 990 ₸;/p/hp-15-fd0458nia-15-6-8-gb-ssd-2000-gb-win-11-b02xhla-bh5-169001414/?c=750000000
"Apple MacBook Air 15.3"" / 16 Гб / SSD 512 Гб / macOS / MDV94LL/A";880 000 ₸;/p/apple-macbook-air-15-3-16-gb-ssd-512-gb-macos-mdv94ll-a-167654556/?c=750000000
"HP Victus 15-fa2787nr 15.6"" / 48 Гб / SSD 4000 Гб / Win 11 Pro / BM8B9UA#ABA";1 249 990 ₸;/p/hp-victus-15-fa2787nr-15-6-48-gb-ssd-4000-gb-win-11-pro-bm8b9ua-aba-167350379/?c=750000000
"EX Touch16 16"" / 16 Гб / SSD 512 Гб / Win 11 Pro / XU1618";268 790 ₸;/p/ex-touch16-16-16-gb-ssd-512-gb-win-11-pro-xu1618-168003748/?c=750000000
"Acer Nitro V 16S ANV16S-71-97BF 16"" / 64 Гб / SSD 2000 Гб / Win 11 / NH.U29NM.003";1 389 989 ₸;/p/acer-nitro-v-16s-anv16s-71-97bf-16-64-gb-ssd-2000-gb-win-11-nh-u29nm-003-168193575/?c=750000000
"ASUS FA707NUQ-HX010R 17.3"" / 24 Гб / SSD 512 Гб / Win 11 / 90NR0QH5-M0R0D0";649 799 ₸;/p/asus-fa707nuq-hx010r-17-3-24-gb-ssd-512-gb-win-11-90nr0qh5-m0r0d0-167774201/?c=750000000
"ASUS TUF Gaming A15 FA506NCQ-HN031N 15.6"" / 32 Гб / SSD 1000 Гб / Win 11 / 90NR0QE7-M0N1A0";649 890 ₸;/p/asus-tuf-gaming-a15-fa506ncq-hn031n-15-6-32-gb-ssd-1000-gb-win-11-90nr0qe7-m0n1a0-167776017/?c=750000000
"ASUS TUF Gaming A15 FA506NCQ-HN031R 15.6"" / 32 Гб / SSD 2000 Гб / Win 11 / 90NR0QE7-M0R1A0";799 890 ₸;/p/asus-tuf-gaming-a15-fa506ncq-hn031r-15-6-32-gb-ssd-2000-gb-win-11-90nr0qe7-m0r1a0-167776174/?c=750000000
"GIGABYTE Gaming A16 3VH 16"" / 16 Гб / SSD 512 Гб / Без ОС / 9RGA6AB6VHKHIK0KZ000";892 010 ₸;/p/gigabyte-gaming-a16-3vh-16-16-gb-ssd-512-gb-bez-os-9rga6ab6vhkhik0kz000-169029167/?c=750000000
"HP 15-fd0458nia 15.6"" / 24 Гб / SSD 2000 Гб / Win 11 / B02XHJA#BH5";542 990 ₸;/p/hp-15-fd0458nia-15-6-24-gb-ssd-2000-gb-win-11-b02xhja-bh5-169001419/?c=750000000
"DELL Pro 16 PC16250 16"" / 32 Гб / SSD 512 Гб / Win 11 Pro / 210-BQHB_BTO106";704 590 ₸;/p/dell-pro-16-pc16250-16-32-gb-ssd-512-gb-win-11-pro-210-bqhb-bto106-168470441/?c=750000000
"MSI Prestige 16 AI+ 16"" / 32 Гб / SSD 1024 Гб / Win 11 Home / C3MG-213KZ";977 355 ₸;/p/msi-prestige-16-ai-16-32-gb-ssd-1024-gb-win-11-home-c3mg-213kz-168822644/?c=750000000
"HP 15-fd0154qw 15.6"" / 8 Гб / SSD 512 Гб / Win 11 / BZ1N10UA";299 900 ₸;/p/hp-15-fd0154qw-15-6-8-gb-ssd-512-gb-win-11-bz1n10ua-168194202/?c=750000000
"HP 15-fd0154vw 15.6"" / 32 Гб / SSD 4000 Гб / Win 11 / BZ1N33UA";649 800 ₸;/p/hp-15-fd0154vw-15-6-32-gb-ssd-4000-gb-win-11-bz1n33ua-168194354/?c=750000000
"HP 15-fd1003nq 15.6"" / 16 Гб / SSD 256 Гб / Win 11 / D0BI2EA#AKE";309 989 ₸;/p/hp-15-fd1003nq-15-6-16-gb-ssd-256-gb-win-11-d0bi2ea-ake-167904594/?c=750000000
"HP EliteBook 8 G1i 16 16"" / 16 Гб / SSD 512 Гб / Win 11 Pro / A27BYEA";1 108 676 ₸;/p/hp-elitebook-8-g1i-16-16-16-gb-ssd-512-gb-win-11-pro-a27byea-167412406/?c=750000000
"Acer PHN16-71-93W3 16"" / 64 Гб / SSD 512 Гб / Win 11 / NH,U0U.321";1 613 990 ₸;/p/acer-phn16-71-93w3-16-64-gb-ssd-512-gb-win-11-nh-u0u-321-169007014/?c=750000000
"Lenovo ThinkBook 16 Gen 9 16"" / 16 Гб / SSD 512 Гб / Без ОС / 21US000MFW";701 000 ₸;/p/lenovo-thinkbook-16-gen-9-16-16-gb-ssd-512-gb-bez-os-21us000mfw-167412258/?c=750000000
"ASUS K3605VC-RP380 16"" / 16 Гб / SSD 1000 Гб / DOS / 90NB11D1-M00KW0";550 000 ₸;/p/asus-k3605vc-rp380-16-16-gb-ssd-1000-gb-dos-90nb11d1-m00kw0-167393051/?c=750000000
"HP 15-fd1003nq 15.6"" / 32 Гб / SSD 256 Гб / Win 11 / D0UL2EA#AKE";424 989 ₸;/p/hp-15-fd1003nq-15-6-32-gb-ssd-256-gb-win-11-d0ul2ea-ake-167904318/?c=750000000
"Lenovo IdeaPad Slim 5 14Q8X9 14"" / 16 Гб / SSD 512 Гб / Win 11 / 83HL004ERK + подарок";478 571 ₸;/p/lenovo-ideapad-slim-5-14q8x9-14-16-gb-ssd-512-gb-win-11-83hl004erk-podarok-168656753/?c=750000000
"HP 15-fd0458nia 15.6"" / 40 Гб / SSD 256 Гб / Win 11 / B02XLEA#BH5";449 990 ₸;/p/hp-15-fd0458nia-15-6-40-gb-ssd-256-gb-win-11-b02xlea-bh5-168999704/?c=750000000
"ASUS X1607CA-MB262Q 16"" / 16 Гб / SSD 1000 Гб / Win 11 / 90NB15A2-M0QKL0";599 900 ₸;/p/asus-x1607ca-mb262q-16-16-gb-ssd-1000-gb-win-11-90nb15a2-m0qkl0-168892332/?c=750000000
"HP OMEN 16 Gaming Laptop 16-am0361TX 16"" / 32 Гб / SSD 2000 Гб / Win 11 Pro / CK6W8PA#UUF";1 099 990 ₸;/p/hp-omen-16-gaming-laptop-16-am0361tx-16-32-gb-ssd-2000-gb-win-11-pro-ck6w8pa-uuf-167275168/?c=750000000
"HP OMEN 16 Gaming Laptop 16-am0361TX 16"" / 40 Гб / SSD 4000 Гб / Win 11 Pro / CK8W8PA#UUF";1 249 990 ₸;/p/hp-omen-16-gaming-laptop-16-am0361tx-16-40-gb-ssd-4000-gb-win-11-pro-ck8w8pa-uuf-167275638/?c=750000000
"HP 15-fd0154pw 15.6"" / 12 Гб / SSD 4000 Гб / Win 11 / BZ1N17UA";599 900 ₸;/p/hp-15-fd0154pw-15-6-12-gb-ssd-4000-gb-win-11-bz1n17ua-168194191/?c=750000000
"Lenovo LOQ 15IRX10 15.6"" / 32 Гб / SSD 1000 Гб / Win 11 / 83JE0195RK";899 900 ₸;/p/lenovo-loq-15irx10-15-6-32-gb-ssd-1000-gb-win-11-83je0195rk-167776896/?c=750000000
"ASUS TUF Gaming A15 FA506NCQ-HN031Z 15.6"" / 24 Гб / SSD 2000 Гб / Win 11 / 90NR0QE7-M0Z1A0";749 890 ₸;/p/asus-tuf-gaming-a15-fa506ncq-hn031z-15-6-24-gb-ssd-2000-gb-win-11-90nr0qe7-m0z1a0-167776290/?c=750000000
"ASUS FA707NUQ-HX010G 17.3"" / 32 Гб / SSD 512 Гб / Win 11 / 90NR0QH5-M0G0D0";697 999 ₸;/p/asus-fa707nuq-hx010g-17-3-32-gb-ssd-512-gb-win-11-90nr0qh5-m0g0d0-167725161/?c=750000000
"MSI Cyborg 15 A13V 15.6"" / 16 Гб / SSD 512 Гб / DOS / A13VEK-2466XKZ";649 990 ₸;/p/msi-cyborg-15-a13v-15-6-16-gb-ssd-512-gb-dos-a13vek-2466xkz-169062872/?c=750000000
"HP ProBook 4 G1i 16"" / 16 Гб / SSD 512 Гб / Win 11 Pro / D40WYET";787 339 ₸;/p/hp-probook-4-g1i-16-16-gb-ssd-512-gb-win-11-pro-d40wyet-167415725/?c=750000000
"HP 15-fd0458nia 15.6"" / 24 Гб / SSD 1000 Гб / Win 11 / B02HUPO#BH5";449 990 ₸;/p/hp-15-fd0458nia-15-6-24-gb-ssd-1000-gb-win-11-b02hupo-bh5-169006088/?c=750000000
"DELL Pro 14 Plus PB14250 14"" / 16 Гб / SSD 512 Гб / Win 11 Pro / DTG4F";659 990 ₸;/p/dell-pro-14-plus-pb14250-14-16-gb-ssd-512-gb-win-11-pro-dtg4f-167292151/?c=750000000
"Maibenben X16C-R725560F44LG4E10 16"" / 16 Гб / SSD 512 Гб / Linux / X16C-R725560F44LG4E10";688 314 ₸;/p/maibenben-x16c-r725560f44lg4e10-16-16-gb-ssd-512-gb-linux-x16c-r725560f44lg4e10-168042425/?c=750000000
"ASUS Vivobook F1605VA-WS74 16"" / 16 Гб / SSD 1000 Гб / Win 11 Pro / 90NB11N3-M01AV0";479 990 ₸;/p/asus-vivobook-f1605va-ws74-16-16-gb-ssd-1000-gb-win-11-pro-90nb11n3-m01av0-167277021/?c=750000000
"Acer Nitro V 16S ANV16S-71-97BF 16"" / 16 Гб / SSD 512 Гб / Win 11 / NH.U29QM.003";849 989 ₸;/p/acer-nitro-v-16s-anv16s-71-97bf-16-16-gb-ssd-512-gb-win-11-nh-u29qm-003-168192927/?c=750000000
"HP EliteBook 8 G1i 16"" / 32 Гб / SSD 1024 Гб / Win 11 Pro / CV0Q1ET";754 527 ₸;/p/hp-elitebook-8-g1i-16-32-gb-ssd-1024-gb-win-11-pro-cv0q1et-167037350/?c=750000000
"HP EliteBook 8 G1i 14 14"" / 24 Гб / M.2 512 Гб / Win 11 Pro / AD4U3ET";957 670 ₸;/p/hp-elitebook-8-g1i-14-14-24-gb-m-2-512-gb-win-11-pro-ad4u3et-167959591/?c=750000000
"ASUS TUF Gaming A15 FA506NCQ-HN031G 15.6"" / 24 Гб / SSD 512 Гб / Win 11 / 90NR0QE7-M0G1A0";579 887 ₸;/p/asus-tuf-gaming-a15-fa506ncq-hn031g-15-6-24-gb-ssd-512-gb-win-11-90nr0qe7-m0g1a0-167775788/?c=750000000
"MSI Cyborg 15 C2WF-011XKZ 15.6"" / 16 Гб / SSD 1000 Гб / Без ОС / 9S7-15T121-011";938 890 ₸;/p/msi-cyborg-15-c2wf-011xkz-15-6-16-gb-ssd-1000-gb-bez-os-9s7-15t121-011-169029120/?c=750000000
"HP 15-fd0458nia 15.6"" / 8 Гб / SSD 256 Гб / Win 11 / B02WQKA#BH5";339 990 ₸;/p/hp-15-fd0458nia-15-6-8-gb-ssd-256-gb-win-11-b02wqka-bh5-169001964/?c=750000000
"HP 15-fd0458nia 15.6"" / 8 Гб / SSD 256 Гб / Win 11 / B02XJEA#BH5";339 990 ₸;/p/hp-15-fd0458nia-15-6-8-gb-ssd-256-gb-win-11-b02xjea-bh5-169001406/?c=750000000
"MSI Titan 18 HX Dragon Edition Draco Epic 18"" / 96 Гб / SSD 4000 Гб / Win 11 Pro / A2WJ-1214KZ";3 539 990 ₸;/p/msi-titan-18-hx-dragon-edition-draco-epic-18-96-gb-ssd-4000-gb-win-11-pro-a2wj-1214kz-169062907/?c=750000000
"Huawei MateBook 14 14.2"" / 16 Гб / SSD 1024 Гб / Без ОС / FlemingH-W5611T";499 990 ₸;/p/huawei-matebook-14-14-2-16-gb-ssd-1024-gb-bez-os-flemingh-w5611t-168050159/?c=750000000
"HP 15-fd0154gw 15.6"" / 20 Гб / SSD 512 Гб / Win 11 / BZ1N22UA";369 888 ₸;/p/hp-15-fd0154gw-15-6-20-gb-ssd-512-gb-win-11-bz1n22ua-168174811/?c=750000000
"HP 15-fd0154uw 15.6"" / 12 Гб / SSD 1000 Гб / Win 11 / BZ1N15UA";379 888 ₸;/p/hp-15-fd0154uw-15-6-12-gb-ssd-1000-gb-win-11-bz1n15ua-168194261/?c=750000000
"Acer Nitro V 16S ANV16S-71-97BF 16"" / 32 Гб / SSD 4000 Гб / Win 11 / NH.U29FM.003";1 249 989 ₸;/p/acer-nitro-v-16s-anv16s-71-97bf-16-32-gb-ssd-4000-gb-win-11-nh-u29fm-003-168193227/?c=750000000
"HP ProBook 4 G1ah 16"" / 32 Гб / SSD 1000 Гб / Win 11 Pro / AD2U8ET";1 211 643 ₸;/p/hp-probook-4-g1ah-16-32-gb-ssd-1000-gb-win-11-pro-ad2u8et-168594120/?c=750000000
"HP EliteBook 8 Flip G1i 13 13.3"" / 16 Гб / SSD 512 Гб / Win 11 Pro / AD4W7ET";1 220 945 ₸;/p/hp-elitebook-8-flip-g1i-13-13-3-16-gb-ssd-512-gb-win-11-pro-ad4w7et-167412362/?c=750000000
"HP OmniBook 5 16-bc1004ci 16"" / 8 Гб / SSD 512 Гб / Win 11 Home / C16LHEA";349 990 ₸;/p/hp-omnibook-5-16-bc1004ci-16-8-gb-ssd-512-gb-win-11-home-c16lhea-167071939/?c=750000000
"HP 15-fd0458ni 15.6"" / 16 Гб / SSD 256 Гб / Win 11 / B02XHEA#CH5";379 990 ₸;/p/hp-15-fd0458ni-15-6-16-gb-ssd-256-gb-win-11-b02xhea-ch5-169062074/?c=750000000
"HP 15-fd0458nia 15.6"" / 24 Гб / SSD 2000 Гб / Win 11 / B02BVRE#BH5";539 990 ₸;/p/hp-15-fd0458nia-15-6-24-gb-ssd-2000-gb-win-11-b02bvre-bh5-169006045/?c=750000000
"HP 15-fd0458nia 15.6"" / 32 Гб / SSD 2000 Гб / Win 11 / B02XQEA#BH5";596 990 ₸;/p/hp-15-fd0458nia-15-6-32-gb-ssd-2000-gb-win-11-b02xqea-bh5-168999124/?c=750000000
"HP OmniBook 5 16-bc1004ci 16"" / 8 Гб / SSD 512 Гб / Win 11 Home / C16LHEA";349 990 ₸;/p/hp-omnibook-5-16-bc1004ci-16-8-gb-ssd-512-gb-win-11-home-c16lhea-167071939/?c=750000000
"ASUS X1607CA-MB262H 16"" / 32 Гб / SSD 1000 Гб / Win 11 / 90NB15A2-M0HKL0";699 900 ₸;/p/asus-x1607ca-mb262h-16-32-gb-ssd-1000-gb-win-11-90nb15a2-m0hkl0-168892221/?c=750000000
"HP Victus by HP Gaming Laptop 15-fa2787nr 15.6"" / 16 Гб / SSD 2000 Гб / Win 11 Pro / BM7B9UA#ABA";869 990 ₸;/p/hp-victus-by-hp-gaming-laptop-15-fa2787nr-15-6-16-gb-ssd-2000-gb-win-11-pro-bm7b9ua-aba-167349857/?c=750000000
"HP OMEN 16 Gaming Laptop 16-am0361TX 16"" / 40 Гб / SSD 1000 Гб / Win 11 Pro / CH4W8PA#UUF";999 990 ₸;/p/hp-omen-16-gaming-laptop-16-am0361tx-16-40-gb-ssd-1000-gb-win-11-pro-ch4w8pa-uuf-167275132/?c=750000000
"ASUS F1504VA-SB31 15.6"" / 12 Гб / SSD 256 Гб / Win 11 / 90NB12J1-M01S60";239 990 ₸;/p/asus-f1504va-sb31-15-6-12-gb-ssd-256-gb-win-11-90nb12j1-m01s60-167347696/?c=750000000
"Lenovo LOQ 15IRX10 15.6"" / 24 Гб / SSD 512 Гб / Без ОС / 83JE016KRK";779 990 ₸;/p/lenovo-loq-15irx10-15-6-24-gb-ssd-512-gb-bez-os-83je016krk-167071785/?c=750000000
"Acer Gadget E10 ETBook Plus M16P 16"" / 8 Гб / SSD 512 Гб / Без ОС / ZL.OTH11.02P";314 990 ₸;/p/acer-gadget-e10-etbook-plus-m16p-16-8-gb-ssd-512-gb-bez-os-zl-oth11-02p-167724710/?c=750000000
"ASUS TUF Gaming A15 FA506NCQ-HN031H 15.6"" / 24 Гб / SSD 1000 Гб / Win 11 / 90NR0QE7-M0H1A0";649 890 ₸;/p/asus-tuf-gaming-a15-fa506ncq-hn031h-15-6-24-gb-ssd-1000-gb-win-11-90nr0qe7-m0h1a0-167775916/?c=750000000
"ASUS TUF Gaming A18 18"" / 32 Гб / SSD 1000 Гб / Win 11 Pro / 90NR0NN1-M00510";948 894 ₸;/p/asus-tuf-gaming-a18-18-32-gb-ssd-1000-gb-win-11-pro-90nr0nn1-m00510-167033176/?c=750000000
"Lenovo LOQ 15IRX10 15.6"" / 24 Гб / SSD 512 Гб / Без ОС / 83JE016KRK";779 990 ₸;/p/lenovo-loq-15irx10-15-6-24-gb-ssd-512-gb-bez-os-83je016krk-167071785/?c=750000000
"ASUS TUF Gaming A18 18"" / 32 Гб / SSD 1000 Гб / Win 11 Pro / 90NR0NN1-M00510";948 894 ₸;/p/asus-tuf-gaming-a18-18-32-gb-ssd-1000-gb-win-11-pro-90nr0nn1-m00510-167033176/?c=750000000
"ASUS FA607NUQ-RL034D 16"" / 24 Гб / SSD 512 Гб / Win 11 / 90NR0QF3-M0D1X0";649 888 ₸;/p/asus-fa607nuq-rl034d-16-24-gb-ssd-512-gb-win-11-90nr0qf3-m0d1x0-167774492/?c=750000000
"HP ProBook 4 G1a 16(B9YM3ET) 16"" / 24 Гб / SSD 1024 Гб / Win 11 Pro / B9YM3ET";1 074 049 ₸;/p/hp-probook-4-g1a-16-b9ym3et-16-24-gb-ssd-1024-gb-win-11-pro-b9ym3et-167959435/?c=750000000
"ASUS TUF Gaming A16 FA608PM-RV041W 16"" / 16 Гб / SSD 512 Гб / Win 11 / 90NR0MC1-M00170";869 990 ₸;/p/asus-tuf-gaming-a16-fa608pm-rv041w-16-16-gb-ssd-512-gb-win-11-90nr0mc1-m00170-167725368/?c=750000000
"ASUS Vivobook 15 F1504VAP-BS54T 15.6"" / 40 Гб / SSD 256 Гб / Win 11 / 90NB13Y2-M00950N";429 980 ₸;/p/asus-vivobook-15-f1504vap-bs54t-15-6-40-gb-ssd-256-gb-win-11-90nb13y2-m00950n-168946853/?c=750000000
"HP 15-fd0458nia 15.6"" / 32 Гб / SSD 256 Гб / Win 11 / B02XHPA#BH5";449 990 ₸;/p/hp-15-fd0458nia-15-6-32-gb-ssd-256-gb-win-11-b02xhpa-bh5-168999349/?c=750000000
"HP 15-fd0458nia 15.6"" / 48 Гб / SSD 1000 Гб / Win 11 / B02XBEA#BH5";557 990 ₸;/p/hp-15-fd0458nia-15-6-48-gb-ssd-1000-gb-win-11-b02xbea-bh5-168999357/?c=750000000
"MSI Cyborg 15 15.6"" / 16 Гб / SSD 1024 Гб / DOS / B2RWEKG-1053XKZ";762 504 ₸;/p/msi-cyborg-15-15-6-16-gb-ssd-1024-gb-dos-b2rwekg-1053xkz-167413335/?c=750000000
"ASUS Vivobook F1605VA-WS74 16"" / 40 Гб / SSD 1000 Гб / Win 11 Pro / 90NB16N3-M01AV0";559 990 ₸;/p/asus-vivobook-f1605va-ws74-16-40-gb-ssd-1000-gb-win-11-pro-90nb16n3-m01av0-167277275/?c=750000000
"Lenovo LOQ 15IRX10 15.6"" / 16 Гб / SSD 512 Гб / Win 11 / 83JE0190RK";699 900 ₸;/p/lenovo-loq-15irx10-15-6-16-gb-ssd-512-gb-win-11-83je0190rk-167776376/?c=750000000
"HP 15-fd0458nia 15.6"" / 8 Гб / SSD 512 Гб / Win 11 / B02XHEA#BH5";359 989 ₸;/p/hp-15-fd0458nia-15-6-8-gb-ssd-512-gb-win-11-b02xhea-bh5-168859731/?c=750000000
"Lenovo Legion 5 16"" / 16 Гб / SSD 512 Гб / Без ОС / 16IRX9 / 83DG00DWRK";669 990 ₸;/p/lenovo-legion-5-16-16-gb-ssd-512-gb-bez-os-16irx9-83dg00dwrk-120392379/?c=750000000
"Sukalong HL156D 15.6"" / 32 Гб / SSD 512 Гб / Win 11 Pro / SUKALONG-HL156D";651 758 ₸;/p/sukalong-hl156d-15-6-32-gb-ssd-512-gb-win-11-pro-sukalong-hl156d-132592472/?c=750000000
"Lenovo LOQ 15.6"" Full HD Gaming Laptop 15.6"" / 16 Гб / SSD 512 Гб / Win 11 Home / 83JC0OLYUS";480 648 ₸;/p/lenovo-loq-15-6-full-hd-gaming-laptop-15-6-16-gb-ssd-512-gb-win-11-home-83jc0olyus-152920147/?c=750000000
"ASUS Vivobook 15 15.6"" / 16 Гб / SSD 512 Гб / DOS / X1504VA-BQ287 / 90NB10J2-M00BU0";308 888 ₸;/p/asus-vivobook-15-15-6-16-gb-ssd-512-gb-dos-x1504va-bq287-90nb10j2-m00bu0-112365057/?c=750000000
"GIGABYTE Gaming A16 CWHI3KZ894SD 16"" / 16 Гб / SSD 1000 Гб / Без ОС / 9RGA6I77WHFHJK0KZ000";1 399 997 ₸;/p/gigabyte-gaming-a16-cwhi3kz894sd-16-16-gb-ssd-1000-gb-bez-os-9rga6i77whfhjk0kz000-141801618/?c=750000000
"ASUS Vivobook Go 15"" / 8 Гб / SSD 256 Гб / Без ОС / 90NB0ZT2-M01XR0";300 000 ₸;/p/asus-vivobook-go-15-8-gb-ssd-256-gb-bez-os-90nb0zt2-m01xr0-154170770/?c=750000000
"ASUS TUF Gaming A15 15.6"" / 16 Гб / SSD 512 Гб / Без ОС / FA507NUR-LP026 / 90NR0JP5-M002L0";559 898 ₸;/p/asus-tuf-gaming-a15-15-6-16-gb-ssd-512-gb-bez-os-fa507nur-lp026-90nr0jp5-m002l0-132466589/?c=750000000
"FIREBAT T5A 15.6"" / 16 Гб / SSD 512 Гб / Win 11 / 5R7D16F8 + подарок";499 999 ₸;/p/firebat-t5a-15-6-16-gb-ssd-512-gb-win-11-5r7d16f8-podarok-144654476/?c=750000000
"Lenovo IdeaPad 3 15"" / 8 Гб / SSD 512 Гб / Без ОС / 15IAU7 S300 / 82RK016VRK";229 500 ₸;/p/lenovo-ideapad-3-15-8-gb-ssd-512-gb-bez-os-15iau7-s300-82rk016vrk-120588020/?c=750000000
"Apple MacBook Pro 14 2024 14.2"" / 16 Гб / SSD 1024 Гб / macOS / MW2X3RU/A";1 117 485 ₸;/p/apple-macbook-pro-14-2024-14-2-16-gb-ssd-1024-gb-macos-mw2x3ru-a-132544245/?c=750000000
"ThundeRobot Hunter S 16"" / 16 Гб / SSD 1000 Гб / Win 11 Pro / JJ00G100J0045R4MEUMS";1 089 859 ₸;/p/thunderobot-hunter-s-16-16-gb-ssd-1000-gb-win-11-pro-jj00g100j0045r4meums-140583230/?c=750000000
"ASUS TUF Gaming A15 15.6"" / 16 Гб / SSD 512 Гб / Без ОС / FA506NFR-HN021 / 90NR0JU7-M00150";448 856 ₸;/p/asus-tuf-gaming-a15-15-6-16-gb-ssd-512-gb-bez-os-fa506nfr-hn021-90nr0ju7-m00150-135369533/?c=750000000
"HP 15-fd1003nq 15.6"" / 48 Гб / SSD 1000 Гб / Win 11 / D0BL2QA#AKE";579 989 ₸;/p/hp-15-fd1003nq-15-6-48-gb-ssd-1000-gb-win-11-d0bl2qa-ake-167903981/?c=750000000
"EX XU156R 15.6"" / 16 Гб / SSD 512 Гб / Win 11 Pro / XU156R";268 080 ₸;/p/ex-xu156r-15-6-16-gb-ssd-512-gb-win-11-pro-xu156r-167928548/?c=750000000
"ASUS F1504VA-SB31 15.6"" / 12 Гб / SSD 1000 Гб / Win 11 / 90NB17J1-M01S60";329 980 ₸;/p/asus-f1504va-sb31-15-6-12-gb-ssd-1000-gb-win-11-90nb17j1-m01s60-167347536/?c=750000000
"Maibenben P15B-R576UMF1SLGRE0 15.3"" / 16 Гб / SSD 512 Гб / Linux / P15B-R576UMF1SLGRE0";412 100 ₸;/p/maibenben-p15b-r576umf1slgre0-15-3-16-gb-ssd-512-gb-linux-p15b-r576umf1slgre0-167906255/?c=750000000
"HP Victus 15-fa2787nr 15.6"" / 32 Гб / SSD 1000 Гб / Win 11 Pro / BM8B8UA#ABA";899 990 ₸;/p/hp-victus-15-fa2787nr-15-6-32-gb-ssd-1000-gb-win-11-pro-bm8b8ua-aba-167349931/?c=750000000
"HP 15-fd0154dw 15.6"" / 16 Гб / SSD 2000 Гб / Win 11 / BZ1N20UA";449 888 ₸;/p/hp-15-fd0154dw-15-6-16-gb-ssd-2000-gb-win-11-bz1n20ua-168174738/?c=750000000
"HP 15-fd1003nq 15.6"" / 24 Гб / SSD 1000 Гб / Win 11 / D0BL2EA#AKE";439 989 ₸;/p/hp-15-fd1003nq-15-6-24-gb-ssd-1000-gb-win-11-d0bl2ea-ake-167904346/?c=750000000
"Acer Aspire Lite AL15-32P-C8T3 15.6"" / 8 Гб / SSD 256 Гб / Win 11 / NX.J9SEM.001";209 000 ₸;/p/acer-aspire-lite-al15-32p-c8t3-15-6-8-gb-ssd-256-gb-win-11-nx-j9sem-001-169039206/?c=750000000
"Acer PHN16-71-95Z7 16"" / 64 Гб / SSD 1000 Гб / Win 11 / NH,U0U.422";1 649 990 ₸;/p/acer-phn16-71-95z7-16-64-gb-ssd-1000-gb-win-11-nh-u0u-422-169006951/?c=750000000
"HP 15-fd0458nia 15.6"" / 40 Гб / SSD 2000 Гб / Win 11 / B02YVMB#BH5";596 990 ₸;/p/hp-15-fd0458nia-15-6-40-gb-ssd-2000-gb-win-11-b02yvmb-bh5-169003804/?c=750000000
"MSI Crosshair 16 Max HX E2WGXK-013XKZ 16"" / 16 Гб / SSD 1024 Гб / Без ОС / 9S7-265232-013";1 199 989 ₸;/p/msi-crosshair-16-max-hx-e2wgxk-013xkz-16-16-gb-ssd-1024-gb-bez-os-9s7-265232-013-167073217/?c=750000000
"HP ProBook 4 G1i 16"" / 16 Гб / SSD 512 Гб / Win 11 Pro / D40WZET";853 355 ₸;/p/hp-probook-4-g1i-16-16-gb-ssd-512-gb-win-11-pro-d40wzet-167416101/?c=750000000
"PWR E142 14.1"" / 16 Гб / SSD 2048 Гб / Win 10 Pro / 1026-E42";129 600 ₸;/p/pwr-e142-14-1-16-gb-ssd-2048-gb-win-10-pro-1026-e42-167491800/?c=750000000
"Lenovo LOQ 15IRX10 15.6"" / 24 Гб / SSD 1000 Гб / Win 11 / 83JE0193RK";799 900 ₸;/p/lenovo-loq-15irx10-15-6-24-gb-ssd-1000-gb-win-11-83je0193rk-167776555/?c=750000000
"Lenovo LOQ 15IRX9 15.6"" / 16 Гб / SSD 512 Гб / Без ОС / 83DV01CMRK";566 990 ₸;/p/lenovo-loq-15irx9-15-6-16-gb-ssd-512-gb-bez-os-83dv01cmrk-167349845/?c=750000000
"ASUS TUF Gaming A15 FA506NCQ-HN031W 15.6"" / 16 Гб / SSD 512 Гб / Win 11 / 90NR0QE7-M0W1A0";469 900 ₸;/p/asus-tuf-gaming-a15-fa506ncq-hn031w-15-6-16-gb-ssd-512-gb-win-11-90nr0qe7-m0w1a0-167776209/?c=750000000
"ASUS Vivobook 15 F1504VAP-BS54T 15.6"" / 12 Гб / SSD 512 Гб / Win 11 / 90NB143-M00950";319 990 ₸;/p/asus-vivobook-15-f1504vap-bs54t-15-6-12-gb-ssd-512-gb-win-11-90nb143-m00950-168859877/?c=750000000
"HP ProBook 4 G1a 14 14"" / 24 Гб / SSD 512 Гб / Win 11 Pro / A23QHEA";939 919 ₸;/p/hp-probook-4-g1a-14-14-24-gb-ssd-512-gb-win-11-pro-a23qhea-167412388/?c=750000000
"HP ProBook 4 G1i 16"" / 16 Гб / SSD 512 Гб / Win 11 Pro / D40X1ET";709 539 ₸;/p/hp-probook-4-g1i-16-16-gb-ssd-512-gb-win-11-pro-d40x1et-167412336/?c=750000000
"Lenovo V15 G6 ARP 15.6"" / 16 Гб / SSD 512 Гб / Без ОС / 83V40026FW";395 073 ₸;/p/lenovo-v15-g6-arp-15-6-16-gb-ssd-512-gb-bez-os-83v40026fw-167070832/?c=750000000
"HP 15-fd0458nia 15.6"" / 40 Гб / SSD 1000 Гб / Win 11 / B02LCHW#BH5";503 990 ₸;/p/hp-15-fd0458nia-15-6-40-gb-ssd-1000-gb-win-11-b02lchw-bh5-169005523/?c=750000000
"ASUS TUF Gaming F16 16"" / 16 Гб / SSD 1024 Гб / Win 11 Home / 90NR0NB4-M00JU0";859 770 ₸;/p/asus-tuf-gaming-f16-16-16-gb-ssd-1024-gb-win-11-home-90nr0nb4-m00ju0-168858275/?c=750000000
"DELL Vostro 15 3520 15.6"" / 16 Гб / SSD 1000 Гб / Ubuntu / 210-BECX_A2C";399 900 ₸;/p/dell-vostro-15-3520-15-6-16-gb-ssd-1000-gb-ubuntu-210-becx-a2c-167300169/?c=750000000
"Acer Nitro V 16S ANV16S-71-97BF 16"" / 40 Гб / SSD 512 Гб / Win 11 / NH.U29GM.003";1 024 989 ₸;/p/acer-nitro-v-16s-anv16s-71-97bf-16-40-gb-ssd-512-gb-win-11-nh-u29gm-003-168192369/?c=750000000
"Acer Nitro V 16S ANV16S-71-97BF 16"" / 32 Гб / SSD 512 Гб / Win 11 / NH.U29PM.003";969 989 ₸;/p/acer-nitro-v-16s-anv16s-71-97bf-16-32-gb-ssd-512-gb-win-11-nh-u29pm-003-168192545/?c=750000000
"HP 15-fd0154nw 15.6"" / 32 Гб / SSD 1000 Гб / Win 11 / BZ1N31UA";499 900 ₸;/p/hp-15-fd0154nw-15-6-32-gb-ssd-1000-gb-win-11-bz1n31ua-168194160/?c=750000000
"HP 15-fd1003nq 15.6"" / 8 Гб / SSD 1000 Гб / Win 11 / D0KL2EA#AKE";319 989 ₸;/p/hp-15-fd1003nq-15-6-8-gb-ssd-1000-gb-win-11-d0kl2ea-ake-167904644/?c=750000000
"MSI Cyborg 15 Max 15.6"" / 16 Гб / SSD 1000 Гб / DOS / C13WG-075XKZ";1 215 603 ₸;/p/msi-cyborg-15-max-15-6-16-gb-ssd-1000-gb-dos-c13wg-075xkz-168998832/?c=750000000
"Lenovo ThinkBook 16 G7 ARP 16"" / 16 Гб / SSD 1000 Гб / Без ОС / 21MW00BSRU";469 990 ₸;/p/lenovo-thinkbook-16-g7-arp-16-16-gb-ssd-1000-gb-bez-os-21mw00bsru-167071470/?c=750000000
"ASUS Vivobook 15 F1504VAP-BS54T 15.6"" / 8 Гб / HDD 256 Гб / Win 11 / 90NB143-M00950";314 980 ₸;/p/asus-vivobook-15-f1504vap-bs54t-15-6-8-gb-hdd-256-gb-win-11-90nb143-m00950-168859859/?c=750000000
"HP 15-fd0458nia 15.6"" / 32 Гб / SSD 256 Гб / Win 11 / B02TYCN#BH5";449 990 ₸;/p/hp-15-fd0458nia-15-6-32-gb-ssd-256-gb-win-11-b02tycn-bh5-169005502/?c=750000000
"MSI Prestige 16 AI+ C3MG-212KZ MS-2622 16"" / 32 Гб / SSD 2000 Гб / Win 11 / 9S7-262223-212";1 099 090 ₸;/p/msi-prestige-16-ai-c3mg-212kz-ms-2622-16-32-gb-ssd-2000-gb-win-11-9s7-262223-212-167123551/?c=750000000
"HP OMEN 16 Gaming Laptop 16-am0361TX 16"" / 24 Гб / SSD 1000 Гб / Win 11 Pro / CK3W8PA#UUF";889 990 ₸;/p/hp-omen-16-gaming-laptop-16-am0361tx-16-24-gb-ssd-1000-gb-win-11-pro-ck3w8pa-uuf-167275108/?c=750000000
"ASUS Vivobook F1605VA-WS74 16"" / 24 Гб / SSD 512 Гб / Win 11 Pro / 90NB13N3-M01AV0";459 990 ₸;/p/asus-vivobook-f1605va-ws74-16-24-gb-ssd-512-gb-win-11-pro-90nb13n3-m01av0-167277166/?c=750000000
"TECNO K15SDA 15.6"" / 16 Гб / SSD 512 Гб / Win 11 / K15SDA";330 113 ₸;/p/tecno-k15sda-15-6-16-gb-ssd-512-gb-win-11-k15sda-168464857/?c=750000000
"HP 15-fd0154kw 15.6"" / 20 Гб / SSD 4000 Гб / Win 11 / BZ1N25UA";599 900 ₸;/p/hp-15-fd0154kw-15-6-20-gb-ssd-4000-gb-win-11-bz1n25ua-168194119/?c=750000000
"HP 15-fd0154jw 15.6"" / 20 Гб / SSD 2000 Гб / Win 11 / BZ1N24UA";499 900 ₸;/p/hp-15-fd0154jw-15-6-20-gb-ssd-2000-gb-win-11-bz1n24ua-168193898/?c=750000000
"HP 15-fd0154iw 15.6"" / 12 Гб / SSD 2000 Гб / Win 11 / BZ1N16UA";439 900 ₸;/p/hp-15-fd0154iw-15-6-12-gb-ssd-2000-gb-win-11-bz1n16ua-168174851/?c=750000000
"Acer Gadget ETBook PLUS CW1629 15.6"" / 8 Гб / SSD 256 Гб / Win 11 / JGeBPLCY1H250500979";149 990 ₸;/p/acer-gadget-etbook-plus-cw1629-15-6-8-gb-ssd-256-gb-win-11-jgebplcy1h250500979-167211218/?c=750000000
"HP 15-fd0458nia 15.6"" / 16 Гб / SSD 256 Гб / Win 11 / B02YTRE#BH5";379 990 ₸;/p/hp-15-fd0458nia-15-6-16-gb-ssd-256-gb-win-11-b02ytre-bh5-169006508/?c=750000000
"MSI Katana 17 HX B14WFK403XKZ 17.3"" / 16 Гб / SSD 1000 Гб / Без ОС / 9S7-17L791-403";999 990 ₸;/p/msi-katana-17-hx-b14wfk403xkz-17-3-16-gb-ssd-1000-gb-bez-os-9s7-17l791-403-169028917/?c=750000000
"Lenovo ThinkPad X1 Carbon Gen 13 Aura Edition 14"" / 32 Гб / SSD 1000 Гб / Без ОС / 21NX0071FW";2 366 589 ₸;/p/lenovo-thinkpad-x1-carbon-gen-13-aura-edition-14-32-gb-ssd-1000-gb-bez-os-21nx0071fw-168568160/?c=750000000
"Refresh NT1505 15.6"" / 16 Гб / SSD 512 Гб / Win 11 / NT1505";350 000 ₸;/p/refresh-nt1505-15-6-16-gb-ssd-512-gb-win-11-nt1505-168959962/?c=750000000
"ASUS FA707NUQ-HX010E 17.3"" / 16 Гб / SSD 2000 Гб / Win 11 / 90NR0QH5-M0E0D0";699 887 ₸;/p/asus-fa707nuq-hx010e-17-3-16-gb-ssd-2000-gb-win-11-90nr0qh5-m0e0d0-167725073/?c=750000000
"ASUS TUF Gaming A15 FA506NCQ-HN031F 15.6"" / 16 Гб / SSD 2000 Гб / Win 11 / 90NR0QE7-M0F1A0";599 890 ₸;/p/asus-tuf-gaming-a15-fa506ncq-hn031f-15-6-16-gb-ssd-2000-gb-win-11-90nr0qe7-m0f1a0-167775759/?c=750000000
"HP 15-fd0458nia 15.6"" / 16 Гб / SSD 2000 Гб / Win 11 / B02JWQL#BH5";514 990 ₸;/p/hp-15-fd0458nia-15-6-16-gb-ssd-2000-gb-win-11-b02jwql-bh5-169006265/?c=750000000
"Lenovo Yoga 7 2-in-1 16"" / 16 Гб / SSD 1024 Гб / Win 11 / 83JU0004US";549 800 ₸;/p/lenovo-yoga-7-2-in-1-16-16-gb-ssd-1024-gb-win-11-83ju0004us-168436372/?c=750000000
"HP 15-fd0458nia 15.6"" / 40 Гб / SSD 512 Гб / Win 11 / B02XTEA#BH5";459 990 ₸;/p/hp-15-fd0458nia-15-6-40-gb-ssd-512-gb-win-11-b02xtea-bh5-168999506/?c=750000000
"HP 15-fd0458nia 15.6"" / 16 Гб / SSD 512 Гб / Win 11 / B02XHWA#BH5";379 990 ₸;/p/hp-15-fd0458nia-15-6-16-gb-ssd-512-gb-win-11-b02xhwa-bh5-169001760/?c=750000000
"ASUS Vivobook 15 F1504VAP-BS54T 15.6"" / 12 Гб / SSD 256 Гб / Win 11 / 90NB13Y2-M00950R";314 980 ₸;/p/asus-vivobook-15-f1504vap-bs54t-15-6-12-gb-ssd-256-gb-win-11-90nb13y2-m00950r-168947287/?c=750000000
"MSI Crosshair 16 HX E14WFK 16"" / 16 Гб / SSD 1000 Гб / DOS / 9S7-265343-006";989 388 ₸;/p/msi-crosshair-16-hx-e14wfk-16-16-gb-ssd-1000-gb-dos-9s7-265343-006-167090611/?c=750000000
"ASUS X1607CA-MB262Z 16"" / 32 Гб / SSD 2000 Гб / Win 11 / 90NB15A2-M0ZKL0";799 900 ₸;/p/asus-x1607ca-mb262z-16-32-gb-ssd-2000-gb-win-11-90nb15a2-m0zkl0-168892505/?c=750000000
"HP Victus 15-fa2787nr 15.6"" / 40 Гб / SSD 2000 Гб / Win 11 Pro / BM6B6UA#ABA";1 039 990 ₸;/p/hp-victus-15-fa2787nr-15-6-40-gb-ssd-2000-gb-win-11-pro-bm6b6ua-aba-167350288/?c=750000000
"HP OMEN 16 Gaming Laptop 16-am0361TX 16"" / 24 Гб / SSD 2000 Гб / Win 11 Pro / CK7W8PA#UUF";979 990 ₸;/p/hp-omen-16-gaming-laptop-16-am0361tx-16-24-gb-ssd-2000-gb-win-11-pro-ck7w8pa-uuf-167275445/?c=750000000
"ASUS FA607NUQ-RL034G 16"" / 24 Гб / SSD 2000 Гб / Win 11 / 90NR0QF3-M0G1X0";799 888 ₸;/p/asus-fa607nuq-rl034g-16-24-gb-ssd-2000-gb-win-11-90nr0qf3-m0g1x0-167775293/?c=750000000
"Acer Nitro V 16S ANV16S-71-97BF 16"" / 24 Гб / SSD 512 Гб / Win 11 / NH.U29YM.003";919 989 ₸;/p/acer-nitro-v-16s-anv16s-71-97bf-16-24-gb-ssd-512-gb-win-11-nh-u29ym-003-168193368/?c=750000000
"ASUS Zenbook 14 UX3405C-0ECSXBJX20H 14"" / 32 Гб / SSD 4000 Гб / Win 11 / 90NB14W2-M0H1Z0";990 000 ₸;/p/asus-zenbook-14-ux3405c-0ecsxbjx20h-14-32-gb-ssd-4000-gb-win-11-90nb14w2-m0h1z0-168145413/?c=750000000
"ASUS Vivobook 15 F1504VAP-BS54T 15.6"" / 24 Гб / SSD 2000 Гб / Win 11 / 90NB13Y2-M00950V";519 980 ₸;/p/asus-vivobook-15-f1504vap-bs54t-15-6-24-gb-ssd-2000-gb-win-11-90nb13y2-m00950v-168946883/?c=750000000
"Lenovo V15 G5 IRL 15.6"" / 16 Гб / SSD 512 Гб / Без ОС / 83GW00AAFW";459 990 ₸;/p/lenovo-v15-g5-irl-15-6-16-gb-ssd-512-gb-bez-os-83gw00aafw-167071623/?c=750000000
"Lenovo V15 G5 IRL 15.6"" / 16 Гб / SSD 512 Гб / Без ОС / 83GW00KBFW";589 957 ₸;/p/lenovo-v15-g5-irl-15-6-16-gb-ssd-512-gb-bez-os-83gw00kbfw-167302616/?c=750000000
"Acer Gadget E10 ETBook Plus M16 ENB6T5 16"" / 8 Гб / SSD 512 Гб / Win 11 Home / ZL.OTH11.02P";319 900 ₸;/p/acer-gadget-e10-etbook-plus-m16-enb6t5-16-8-gb-ssd-512-gb-win-11-home-zl-oth11-02p-167071213/?c=750000000
"HP Victus by HP Gaming Laptop 15-fa2787nr 15.6"" / 16 Гб / SSD 512 Гб / Win 11 Pro / BM7B7UA#ABA";739 990 ₸;/p/hp-victus-by-hp-gaming-laptop-15-fa2787nr-15-6-16-gb-ssd-512-gb-win-11-pro-bm7b7ua-aba-167349813/?c=750000000
"HP 15-fd0154ew 15.6"" / 8 Гб / SSD 1000 Гб / Win 11 / BZ1N11UA";349 900 ₸;/p/hp-15-fd0154ew-15-6-8-gb-ssd-1000-gb-win-11-bz1n11ua-168174767/?c=750000000
"HP 15-fd0154cw 15.6"" / 24 Гб / SSD 4000 Гб / Win 11 / BZ1N29UA";599 900 ₸;/p/hp-15-fd0154cw-15-6-24-gb-ssd-4000-gb-win-11-bz1n29ua-168174685/?c=750000000
"HP 15-fd0154yw 15.6"" / 12 Гб / SSD 512 Гб / Win 11 / BZ1N14UA";339 900 ₸;/p/hp-15-fd0154yw-15-6-12-gb-ssd-512-gb-win-11-bz1n14ua-168194389/?c=750000000
"HP 15-fd1003nq 15.6"" / 8 Гб / SSD 2000 Гб / Win 11 / D0BL2FA#AKE";389 989 ₸;/p/hp-15-fd1003nq-15-6-8-gb-ssd-2000-gb-win-11-d0bl2fa-ake-167904597/?c=750000000
"HP 15-fd0154lw 15.6"" / 24 Гб / SSD 512 Гб / Win 11 / BZ1N26UA";369 900 ₸;/p/hp-15-fd0154lw-15-6-24-gb-ssd-512-gb-win-11-bz1n26ua-168194144/?c=750000000
"ASUS Vivobook 15 F1504VAP-BS54T 15.6"" / 16 Гб / HDD 512 Гб / Win 11 / 90NB154-M00950";329 980 ₸;/p/asus-vivobook-15-f1504vap-bs54t-15-6-16-gb-hdd-512-gb-win-11-90nb154-m00950-168859900/?c=750000000
"ASUS TUF Gaming A16 FA608PM-RV041W 16"" / 24 Гб / SSD 512 Гб / Win 11 / 90NR0MC1-M00570";899 990 ₸;/p/asus-tuf-gaming-a16-fa608pm-rv041w-16-24-gb-ssd-512-gb-win-11-90nr0mc1-m00570-167725358/?c=750000000
"ASUS Vivobook 15 F1504VAP-BS54T 15.6"" / 8 Гб / SSD 512 Гб / Win 11 / 90NB13Y2-M00950W";324 990 ₸;/p/asus-vivobook-15-f1504vap-bs54t-15-6-8-gb-ssd-512-gb-win-11-90nb13y2-m00950w-168947338/?c=750000000
"HP OmniBook X 16"" / 32 Гб / SSD 1000 Гб / Win 11 Home / CL6V6EA";955 918 ₸;/p/hp-omnibook-x-16-32-gb-ssd-1000-gb-win-11-home-cl6v6ea-167109593/?c=750000000
"ASUS TUF Gaming A15 FA506NCQ-HN031X 15.6"" / 32 Гб / SSD 512 Гб / Win 11 / 90NR0QE7-M0X1A0";599 890 ₸;/p/asus-tuf-gaming-a15-fa506ncq-hn031x-15-6-32-gb-ssd-512-gb-win-11-90nr0qe7-m0x1a0-167776263/?c=750000000
"HP ProBook 4 G1ah 14"" / 16 Гб / SSD 512 Гб / Win 11 Pro / A23Q1EA";806 266 ₸;/p/hp-probook-4-g1ah-14-16-gb-ssd-512-gb-win-11-pro-a23q1ea-168593419/?c=750000000
"HP 15-fd0458nia 15.6"" / 16 Гб / SSD 512 Гб / Win 11 / B02GVCX#BH5";389 990 ₸;/p/hp-15-fd0458nia-15-6-16-gb-ssd-512-gb-win-11-b02gvcx-bh5-169006444/?c=750000000
"ASUS B1503CVA-S71265 15.6"" / 16 Гб / SSD 1000 Гб / Без ОС / 90NX0801-M01Y60";482 154 ₸;/p/asus-b1503cva-s71265-15-6-16-gb-ssd-1000-gb-bez-os-90nx0801-m01y60-167412352/?c=750000000
"ASUS Vivobook S14 S3407CA-LY094 14"" / 16 Гб / SSD 512 Гб / Без ОС / 90NB16J1-M00BL0";459 990 ₸;/p/asus-vivobook-s14-s3407ca-ly094-14-16-gb-ssd-512-gb-bez-os-90nb16j1-m00bl0-169039483/?c=750000000
"Acer PHN16-71-96Q9 16"" / 64 Гб / SSD 2000 Гб / Win 11 / NH,U0U.523";1 699 990 ₸;/p/acer-phn16-71-96q9-16-64-gb-ssd-2000-gb-win-11-nh-u0u-523-169006904/?c=750000000
"Maibenben M16B-R574UM0B14LS3E10 16"" / 8 Гб / SSD 512 Гб / Linux / M16B-R574UM0B14LS3E10";280 768 ₸;/p/maibenben-m16b-r574um0b14ls3e10-16-8-gb-ssd-512-gb-linux-m16b-r574um0b14ls3e10-167905024/?c=750000000
"PWR 7090 15.6"" / 16 Гб / SSD 512 Гб / Win 11 / I7-16-512-11";259 200 ₸;/p/pwr-7090-15-6-16-gb-ssd-512-gb-win-11-i7-16-512-11-169053906/?c=750000000
"HP Victus 15-fa2787nr 15.6"" / 24 Гб / SSD 1000 Гб / Win 11 Pro / BM7B11UA#ABA";849 990 ₸;/p/hp-victus-15-fa2787nr-15-6-24-gb-ssd-1000-gb-win-11-pro-bm7b11ua-aba-167349893/?c=750000000
"HP OMEN 16 Gaming Laptop 16-am0361TX 16"" / 32 Гб / SSD 1000 Гб / Win 11 Pro / CK4W8GA#UUF";939 990 ₸;/p/hp-omen-16-gaming-laptop-16-am0361tx-16-32-gb-ssd-1000-gb-win-11-pro-ck4w8ga-uuf-167275055/?c=750000000
"HP 15-fd1003nq 15.6"" / 24 Гб / SSD 512 Гб / Win 11 / D0BM2EA#AKE";394 989 ₸;/p/hp-15-fd1003nq-15-6-24-gb-ssd-512-gb-win-11-d0bm2ea-ake-167904431/?c=750000000
"HP 15-fd0154aw 15.6"" / 16 Гб / SSD 512 Гб / Win 11 / BZ1N18UA";349 900 ₸;/p/hp-15-fd0154aw-15-6-16-gb-ssd-512-gb-win-11-bz1n18ua-168174620/?c=750000000
"HP 15-fd1003nq 15.6"" / 40 Гб / SSD 2000 Гб / Win 11 / D0BZ2EA#AKE";539 989 ₸;/p/hp-15-fd1003nq-15-6-40-gb-ssd-2000-gb-win-11-d0bz2ea-ake-167904131/?c=750000000
"ASUS Vivobook 15 F1504VAP-BS54T 15.6"" / 40 Гб / SSD 1000 Гб / Win 11 / 90NB13Y2-M00950C";479 980 ₸;/p/asus-vivobook-15-f1504vap-bs54t-15-6-40-gb-ssd-1000-gb-win-11-90nb13y2-m00950c-168946809/?c=750000000
"HP 15-fd0458ni 15.6"" / 8 Гб / SSD 2000 Гб / Win 11 / B02XHEA#VH5";489 990 ₸;/p/hp-15-fd0458ni-15-6-8-gb-ssd-2000-gb-win-11-b02xhea-vh5-169062104/?c=750000000
"ASUS F1504VA-SB31W 15.6"" / 12 Гб / M.2 256 Гб / Win 11 Pro / 90NB10J2-M01S60";249 990 ₸;/p/asus-f1504va-sb31w-15-6-12-gb-m-2-256-gb-win-11-pro-90nb10j2-m01s60-167905200/?c=750000000
"HP 15-fd0458nia 15.6"" / 32 Гб / SSD 512 Гб / Win 11 / B02XHVA#BH5";459 990 ₸;/p/hp-15-fd0458nia-15-6-32-gb-ssd-512-gb-win-11-b02xhva-bh5-168999263/?c=750000000
"HP 15-fd0458nia 15.6"" / 48 Гб / SSD 512 Гб / Win 11 / B02XPEA#BH5";512 990 ₸;/p/hp-15-fd0458nia-15-6-48-gb-ssd-512-gb-win-11-b02xpea-bh5-168999382/?c=750000000
"Lenovo IdeaPad Slim 3 15Q8X10 15.3"" / 16 Гб / SSD 512 Гб / Win 11 / 83N30002US";349 900 ₸;/p/lenovo-ideapad-slim-3-15q8x10-15-3-16-gb-ssd-512-gb-win-11-83n30002us-168453248/?c=750000000
"ASUS TUF Gaming A16 FA608PM-RV041W 16"" / 64 Гб / SSD 1000 Гб / Win 11 / 90NR0MC1-M01870";1 199 990 ₸;/p/asus-tuf-gaming-a16-fa608pm-rv041w-16-64-gb-ssd-1000-gb-win-11-90nr0mc1-m01870-167725433/?c=750000000
"Acer Nitro V 16S ANV16S-71-97BF 16"" / 32 Гб / SSD 2000 Гб / Win 11 / NH.U29DM.003";1 059 989 ₸;/p/acer-nitro-v-16s-anv16s-71-97bf-16-32-gb-ssd-2000-gb-win-11-nh-u29dm-003-168192452/?c=750000000
"Lenovo LOQ 15IRX10 15.6"" / 24 Гб / SSD 512 Гб / Win 11 / 83JE0192RK";699 900 ₸;/p/lenovo-loq-15irx10-15-6-24-gb-ssd-512-gb-win-11-83je0192rk-167776495/?c=750000000
"ASUS Vivobook 15 F1504VAP-BS54T 15.6"" / 16 Гб / HDD 256 Гб / Win 11 / 90NB153-M00950";309 980 ₸;/p/asus-vivobook-15-f1504vap-bs54t-15-6-16-gb-hdd-256-gb-win-11-90nb153-m00950-168860505/?c=750000000
"ASUS Vivobook 15 F1504VAP-BS54T 15.6"" / 24 Гб / SSD 1000 Гб / Win 11 / 90NB13Y2-M00950Z";434 980 ₸;/p/asus-vivobook-15-f1504vap-bs54t-15-6-24-gb-ssd-1000-gb-win-11-90nb13y2-m00950z-168946867/?c=750000000
"HP 15-fd0458nia 15.6"" / 48 Гб / SSD 2000 Гб / Win 11 / B02XNEA#BH5";649 990 ₸;/p/hp-15-fd0458nia-15-6-48-gb-ssd-2000-gb-win-11-b02xnea-bh5-169001408/?c=750000000
"HP 15-fd0458nia 15.6"" / 32 Гб / SSD 2000 Гб / Win 11 / B02WNSM#BH5";595 990 ₸;/p/hp-15-fd0458nia-15-6-32-gb-ssd-2000-gb-win-11-b02wnsm-bh5-169005676/?c=750000000
"HP 15-fd0458nia 15.6"" / 48 Гб / SSD 2000 Гб / Win 11 / B02XNEA#BH5";649 990 ₸;/p/hp-15-fd0458nia-15-6-48-gb-ssd-2000-gb-win-11-b02xnea-bh5-169001408/?c=750000000
"ThundeRobot 911 X16 16"" / 16 Гб / M.2 1000 Гб / Win 11 Pro / JT009H00Q00JMS1AS27K";719 990 ₸;/p/thunderobot-911-x16-16-16-gb-m-2-1000-gb-win-11-pro-jt009h00q00jms1as27k-168049708/?c=750000000
"Acer Aspire 14 AI A14-52MT-710K 14"" / 32 Гб / SSD 2000 Гб / Win 11 Pro / NX.JDJAA.005";599 990 ₸;/p/acer-aspire-14-ai-a14-52mt-710k-14-32-gb-ssd-2000-gb-win-11-pro-nx-jdjaa-005-167276849/?c=750000000
"Acer Nitro V 16S ANV16S-71-97BF 16"" / 48 Гб / SSD 2000 Гб / Win 11 / NH.U29XM.003";1 169 989 ₸;/p/acer-nitro-v-16s-anv16s-71-97bf-16-48-gb-ssd-2000-gb-win-11-nh-u29xm-003-168191980/?c=750000000
"ASUS Zenbook 14 UX3405C-0ECSXBJX20F 14"" / 32 Гб / SSD 2000 Гб / Win 11 / 90NB14W2-M0F1Z0";899 900 ₸;/p/asus-zenbook-14-ux3405c-0ecsxbjx20f-14-32-gb-ssd-2000-gb-win-11-90nb14w2-m0f1z0-168145402/?c=750000000
"MECHREVO KuangShi X 16"" / 16 Гб / M.2 1000 Гб / Win 11 Pro / FGMX6RP557W0062203";919 990 ₸;/p/mechrevo-kuangshi-x-16-16-gb-m-2-1000-gb-win-11-pro-fgmx6rp557w0062203-168005858/?c=750000000
"Acer PHN16-71-91U8 16"" / 48 Гб / SSD 2000 Гб / Win 11 / NH,U0U.119";1 539 990 ₸;/p/acer-phn16-71-91u8-16-48-gb-ssd-2000-gb-win-11-nh-u0u-119-169007047/?c=750000000
"ASUS Vivobook 15 (X1504) 15.6"" / 8 Гб / SSD 512 Гб / Win 11 Home / 90NB10J1-M040E0";294 989 ₸;/p/asus-vivobook-15-x1504-15-6-8-gb-ssd-512-gb-win-11-home-90nb10j1-m040e0-148010699/?c=750000000
"Lenovo LOQ 15IRX10 15.6"" / 16 Гб / SSD 1000 Гб / Без ОС / 83JE00R5RK";809 927 ₸;/p/lenovo-loq-15irx10-15-6-16-gb-ssd-1000-gb-bez-os-83je00r5rk-157602106/?c=750000000
"HP OMEN 16"" / 16 Гб / M.2 1024 Гб / Win 11 Pro / BM7T1PA#AB2";900 000 ₸;/p/hp-omen-16-16-gb-m-2-1024-gb-win-11-pro-bm7t1pa-ab2-163000796/?c=750000000
"Apple MacBook Pro 16.2"" / 48 Гб / SSD 1024 Гб / macOS / MGEC4RU/A";2 290 890 ₸;/p/apple-macbook-pro-16-2-48-gb-ssd-1024-gb-macos-mgec4ru-a-161471298/?c=750000000
"Acer Nitro 15.6"" / 16 Гб / SSD 1000 Гб / Win 11 / NH.U0NAA.008Q ANV15-52-58P7";549 888 ₸;/p/acer-nitro-15-6-16-gb-ssd-1000-gb-win-11-nh-u0naa-008q-anv15-52-58p7-162970294/?c=750000000
"HP 15-fd0154qm 15.6"" / 8 Гб / SSD 512 Гб / Win 11 / BZ1W0UA";296 999 ₸;/p/hp-15-fd0154qm-15-6-8-gb-ssd-512-gb-win-11-bz1w0ua-160537918/?c=750000000
"ASUS Vivobook 15 15.6"" / 8 Гб / SSD 512 Гб / DOS / 90NB13Y2-M023X0";249 990 ₸;/p/asus-vivobook-15-15-6-8-gb-ssd-512-gb-dos-90nb13y2-m023x0-160443565/?c=750000000
"Machcreator Machcreator One 15.6"" / 16 Гб / SSD 512 Гб / Win 11 Pro / JJ00GB00GRU";269 990 ₸;/p/machcreator-machcreator-one-15-6-16-gb-ssd-512-gb-win-11-pro-jj00gb00gru-132150942/?c=750000000
"ASUS X1504VA-BQ830F 15.6"" / 24 Гб / SSD 512 Гб / Win 11 Pro / 90NB10T2-M0F470";428 129 ₸;/p/asus-x1504va-bq830f-15-6-24-gb-ssd-512-gb-win-11-pro-90nb10t2-m0f470-149587301/?c=750000000
"ThundeRobot Gravity 16 16"" / 32 Гб / SSD 1000 Гб / Win 11 Pro / JT0GTZ2538T";909 363 ₸;/p/thunderobot-gravity-16-16-32-gb-ssd-1000-gb-win-11-pro-jt0gtz2538t-140357896/?c=750000000
"HP 15-fc0283fi 15.6"" / 16 Гб / SSD 1000 Гб / Win 11 Pro / D24P3EA#UUQ";399 888 ₸;/p/hp-15-fc0283fi-15-6-16-gb-ssd-1000-gb-win-11-pro-d24p3ea-uuq-160589076/?c=750000000
"ASUS Vivobook S16 16"" / 16 Гб / SSD 512 Гб / Win 11 / 90NB1671-M00580";399 900 ₸;/p/asus-vivobook-s16-16-16-gb-ssd-512-gb-win-11-90nb1671-m00580-144258469/?c=750000000
"Lenovo Legion 5 15 IRX10 15.1"" / 16 Гб / SSD 1000 Гб / Win 11 Pro / 83LY001NUS";1 049 216 ₸;/p/lenovo-legion-5-15-irx10-15-1-16-gb-ssd-1000-gb-win-11-pro-83ly001nus-157509243/?c=750000000
"ASUS X1504V 15.6"" / 16 Гб / SSD 512 Гб / Win 11 Pro / 90NB13Y1-M012JB";308 816 ₸;/p/asus-x1504v-15-6-16-gb-ssd-512-gb-win-11-pro-90nb13y1-m012jb-156833826/?c=750000000
"Huawei MateBook 14 14"" / 32 Гб / SSD 1024 Гб / DOS / FlemingH-W7211T/DOS";679 990 ₸;/p/huawei-matebook-14-14-32-gb-ssd-1024-gb-dos-flemingh-w7211t-dos-155157445/?c=750000000
"Lenovo Lenovo Loq 15IRX10 15.6"" / 24 Гб / SSD 512 Гб / Win 11 Pro / 83JE009FPS";668 853 ₸;/p/lenovo-lenovo-loq-15irx10-15-6-24-gb-ssd-512-gb-win-11-pro-83je009fps-145083902/?c=750000000
"Apple MacBook Air 15 2024 15.3"" / 16 Гб / SSD 256 Гб / macOS / MC9G4";849 999 ₸;/p/apple-macbook-air-15-2024-15-3-16-gb-ssd-256-gb-macos-mc9g4-137242100/?c=750000000
"ASUS TUF Gaming F17 17.3"" / 64 Гб / SSD 4000 Гб / Win 11 Pro / FX707ZC4-HX095MAX/90NR0GX1-M0P6M0";1 019 983 ₸;/p/asus-tuf-gaming-f17-17-3-64-gb-ssd-4000-gb-win-11-pro-fx707zc4-hx095max-90nr0gx1-m0p6m0-124066415/?c=750000000
"Acer Aspire Lite 15 15.6"" / 16 Гб / SSD 1024 Гб / Без ОС / NX.J7PER.002";309 990 ₸;/p/acer-aspire-lite-15-15-6-16-gb-ssd-1024-gb-bez-os-nx-j7per-002-134790679/?c=750000000
"VisionX yoga notebook 4 15.6"" / 16 Гб / SSD 512 Гб / Win 11 Home / yoga notebook 4";229 999 ₸;/p/visionx-yoga-notebook-4-15-6-16-gb-ssd-512-gb-win-11-home-yoga-notebook-4-144961764/?c=750000000
"ASUS TUF Gaming F16 16"" / 16 Гб / SSD 512 Гб / Без ОС / FX608JH-RV066 / 90NR0MH1-M003W0";    590 ₸;/p/asus-tuf-gaming-f16-16-16-gb-ssd-512-gb-bez-os-fx608jh-rv066-90nr0mh1-m003w0-142645363/?c=750000000
"ASUS TUF Gaming F17 17.3"" / 16 Гб / SSD 512 Гб / Win 11 Pro / FX707ZC4-HX076I 90NR0GX1-M0I610";599 898 ₸;/p/asus-tuf-gaming-f17-17-3-16-gb-ssd-512-gb-win-11-pro-fx707zc4-hx076i-90nr0gx1-m0i610-128828556/?c=750000000
"Apple MacBook Air 15 2024 15.3"" / 8 Гб / SSD 256 Гб / macOS / MRYP3";729 990 ₸;/p/apple-macbook-air-15-2024-15-3-8-gb-ssd-256-gb-macos-mryp3-118040645/?c=750000000
"Lenovo IdeaPad 3 15IAU7 15.6"" / 8 Гб / SSD 256 Гб / Без ОС / 82RK013NRK";229 888 ₸;/p/lenovo-ideapad-3-15iau7-15-6-8-gb-ssd-256-gb-bez-os-82rk013nrk-137444779/?c=750000000
"Huawei MateBook D 16 MCLF-X 53013YDJ 16"" / 8 Гб / SSD 512 Гб / Без ОС / 53013YDJ";379 990 ₸;/p/huawei-matebook-d-16-mclf-x-53013ydj-16-8-gb-ssd-512-gb-bez-os-53013ydj-137250565/?c=750000000
"ASUS TUF Gaming A15 15.6"" / 8 Гб / SSD 512 Гб / Без ОС / FA506NFR-HN004 / 90NR0JU7-M006T0";429 892 ₸;/p/asus-tuf-gaming-a15-15-6-8-gb-ssd-512-gb-bez-os-fa506nfr-hn004-90nr0ju7-m006t0-137116129/?c=750000000
"Acer Aspire Go 15 AG15-51P 15.3"" / 8 Гб / SSD 512 Гб / Без ОС / NX.J4ZER.001";262 989 ₸;/p/acer-aspire-go-15-ag15-51p-15-3-8-gb-ssd-512-gb-bez-os-nx-j4zer-001-135871871/?c=750000000
"ASUS TUF Gaming F17 17.3"" / 16 Гб / SSD 512 Гб / Без ОС / FX707VUR-HX224 / 90NR0CS5-M00DW0";594 518 ₸;/p/asus-tuf-gaming-f17-17-3-16-gb-ssd-512-gb-bez-os-fx707vur-hx224-90nr0cs5-m00dw0-135586216/?c=750000000
"Apple MacBook Pro 14 2023 14.2"" / 8 Гб / SSD 512 Гб / macOS / MR7J3";847 098 ₸;/p/apple-macbook-pro-14-2023-14-2-8-gb-ssd-512-gb-macos-mr7j3-114877266/?c=750000000
"ASUS Vivobook 15 15.6"" / 16 Гб / SSD 512 Гб / Без ОС / 90NB10J1-M03CF0";274 999 ₸;/p/asus-vivobook-15-15-6-16-gb-ssd-512-gb-bez-os-90nb10j1-m03cf0-142135318/?c=750000000
"HP 15s 15.6"" / 16 Гб / SSD 512 Гб / Без ОС / 15s-fq5046ci / 6M881EA";324 472 ₸;/p/hp-15s-15-6-16-gb-ssd-512-gb-bez-os-15s-fq5046ci-6m881ea-106195302/?c=750000000
"ASUS Vivobook Go 15.6"" / 8 Гб / SSD 256 Гб / Win 11 Home / E1504GA-BQ061W / 90NB0ZT2-M024W0";274 989 ₸;/p/asus-vivobook-go-15-6-8-gb-ssd-256-gb-win-11-home-e1504ga-bq061w-90nb0zt2-m024w0-146913428/?c=750000000
"ASUS TUF Gaming F15 15.6"" / 16 Гб / SSD 512 Гб / DOS / FX507ZC4-HN144 / 90NR0GW1-M00B50";467 790 ₸;/p/asus-tuf-gaming-f15-15-6-16-gb-ssd-512-gb-dos-fx507zc4-hn144-90nr0gw1-m00b50-114330747/?c=750000000
"ZFR ZFR-TK-E140C + подарок 14"" / 6 Гб / SSD 128 Гб / Win 10 Pro / TK-E140C-QS-5678";153 900 ₸;/p/zfr-zfr-tk-e140c-podarok-14-6-gb-ssd-128-gb-win-10-pro-tk-e140c-qs-5678-141155199/?c=750000000
"Apple MacBook Air 15 2024 15.3"" / 8 Гб / SSD 256 Гб / macOS / MRYR3RU/A";904 334 ₸;/p/apple-macbook-air-15-2024-15-3-8-gb-ssd-256-gb-macos-mryr3ru-a-118170078/?c=750000000
"Acer AL15-41P-R8Y8 15.6"" / 16 Гб / SSD 512 Гб / Win 11 Pro / NX.J98ER.001NAL15-41P-R8Y8";279 990 ₸;/p/acer-al15-41p-r8y8-15-6-16-gb-ssd-512-gb-win-11-pro-nx-j98er-001nal15-41p-r8y8-159750248/?c=750000000
"HP 15-fc0161ci 15.6"" / 16 Гб / SSD 1024 Гб / Без ОС / BK4Z4EA";349 899 ₸;/p/hp-15-fc0161ci-15-6-16-gb-ssd-1024-gb-bez-os-bk4z4ea-144630567/?c=750000000
"Acer Nitro NH.QYJER.001 18"" / 32 Гб / SSD 2000 Гб / Win 11 Pro / AN18-61-R5AV";1 190 000 ₸;/p/acer-nitro-nh-qyjer-001-18-32-gb-ssd-2000-gb-win-11-pro-an18-61-r5av-158136848/?c=750000000
"Apple MacBook Air 15 2024 15.3"" / 8 Гб / SSD 512 Гб / macOS / MRYQ3RU/A";799 890 ₸;/p/apple-macbook-air-15-2024-15-3-8-gb-ssd-512-gb-macos-mryq3ru-a-121742734/?c=750000000
"DELL DC15250 15.6"" / 8 Гб / M.2 512 Гб / Win 11 / DC15250";319 900 ₸;/p/dell-dc15250-15-6-8-gb-m-2-512-gb-win-11-dc15250-157967955/?c=750000000
"HP HP 15-fc0940ci 15.6"" / 8 Гб / SSD 512 Гб / Без ОС / BM0B0EA";269 900 ₸;/p/hp-hp-15-fc0940ci-15-6-8-gb-ssd-512-gb-bez-os-bm0b0ea-141048840/?c=750000000
"Lenovo LOQ 17IRX10 17.3"" / 16 Гб / SSD 512 Гб / Без ОС / 83JH009ERK";879 990 ₸;/p/lenovo-loq-17irx10-17-3-16-gb-ssd-512-gb-bez-os-83jh009erk-144835919/?c=750000000
"ASUS TUF Gaming F17 FX707ZC4-HX076 17.3"" / 16 Гб / SSD 512 Гб / Без ОС / FX707ZC4-HX076 / 90NR0GX1-M00610";499 790 ₸;/p/asus-tuf-gaming-f17-fx707zc4-hx076-17-3-16-gb-ssd-512-gb-bez-os-fx707zc4-hx076-90nr0gx1-m00610-124354196/?c=750000000
"Apple MacBook Pro 14 2023 14.2"" / 8 Гб / SSD 1024 Гб / macOS / MTL83RU/A";1 149 600 ₸;/p/apple-macbook-pro-14-2023-14-2-8-gb-ssd-1024-gb-macos-mtl83ru-a-114877245/?c=750000000
"Acer Aspire 16 16"" / 24 Гб / SSD 1000 Гб / Win 11 Pro / NX.J5RER.002JAspire 16";394 402 ₸;/p/acer-aspire-16-16-24-gb-ssd-1000-gb-win-11-pro-nx-j5rer-002jaspire-16-140907422/?c=750000000
"Apple MacBook Air 13 2024 13.6"" / 16 Гб / SSD 256 Гб / macOS / MC8K4RU/A";698 200 ₸;/p/apple-macbook-air-13-2024-13-6-16-gb-ssd-256-gb-macos-mc8k4ru-a-131294540/?c=750000000
"HP 15-fd01330ci 15.6"" / 24 Гб / SSD 512 Гб / Win 11 Pro / AF332EA#UQQ";356 483 ₸;/p/hp-15-fd01330ci-15-6-24-gb-ssd-512-gb-win-11-pro-af332ea-uqq-129281745/?c=750000000
"HP 15-fd0230hm 15.6"" / 16 Гб / SSD 512 Гб / Win 11 / C75GJUA#ABA";292 607 ₸;/p/hp-15-fd0230hm-15-6-16-gb-ssd-512-gb-win-11-c75gjua-aba-162819454/?c=750000000
"Apple MacBook Pro 16.2"" / 48 Гб / SSD 1024 Гб / macOS / MGEC4";2 148 022 ₸;/p/apple-macbook-pro-16-2-48-gb-ssd-1024-gb-macos-mgec4-164282292/?c=750000000
"ASUS Vivobook 15 15.6"" / 40 Гб / SSD 1000 Гб / Win 11 Pro / X1504ZA-BQ792XW / 90NB1022-MX14W0";518 390 ₸;/p/asus-vivobook-15-15-6-40-gb-ssd-1000-gb-win-11-pro-x1504za-bq792xw-90nb1022-mx14w0-118822316/?c=750000000
"Ninkear N15 PRO 15.6"" / 16 Гб / SSD 512 Гб / Win 11 / N15 PRO";339 000 ₸;/p/ninkear-n15-pro-15-6-16-gb-ssd-512-gb-win-11-n15-pro-160967825/?c=750000000
"ASUS X1704VA-AU299Z 17.3"" / 24 Гб / SSD 1000 Гб / Win 11 Pro / 90NB13X1-M0Z0F0";599 900 ₸;/p/asus-x1704va-au299z-17-3-24-gb-ssd-1000-gb-win-11-pro-90nb13x1-m0z0f0-154661909/?c=750000000
"Lenovo LOQ 15IRX9 15.6"" / 24 Гб / SSD 1000 Гб / Win 11 Pro / 83DV07CHRKLOQ 15IRX9";599 900 ₸;/p/lenovo-loq-15irx9-15-6-24-gb-ssd-1000-gb-win-11-pro-83dv07chrkloq-15irx9-156243580/?c=750000000
"Apple MacBook Pro 14 2024 14.2"" / 24 Гб / SSD 1024 Гб / macOS / MX2J3RU/A";1 606 915 ₸;/p/apple-macbook-pro-14-2024-14-2-24-gb-ssd-1024-gb-macos-mx2j3ru-a-132084478/?c=750000000
"HP 15-fd0107ui 15.6"" / 12 Гб / SSD 512 Гб / Win 11 Pro / 9U4C8EA#UUQ";291 700 ₸;/p/hp-15-fd0107ui-15-6-12-gb-ssd-512-gb-win-11-pro-9u4c8ea-uuq-139100628/?c=750000000
"ASUS VivoBook 15 X1504VA-BQ615W 15.6"" / 8 Гб / SSD 512 Гб / Win 11 Home / 90NB13Y1-M012L0";299 899 ₸;/p/asus-vivobook-15-x1504va-bq615w-15-6-8-gb-ssd-512-gb-win-11-home-90nb13y1-m012l0-145781246/?c=750000000
"Lenovo V15 G4 IRU 15.6"" / 8 Гб / SSD 256 Гб / Win 11 Pro / 83A1005VRU";249 990 ₸;/p/lenovo-v15-g4-iru-15-6-8-gb-ssd-256-gb-win-11-pro-83a1005vru-152089141/?c=750000000
"ASUS Vivobook S16 16"" / 16 Гб / SSD 1024 Гб / Без ОС / 90NB1672-M006S0";439 990 ₸;/p/asus-vivobook-s16-16-16-gb-ssd-1024-gb-bez-os-90nb1672-m006s0-148368483/?c=750000000
"Lenovo IdeaPad Gaming 3 15.6"" / 8 Гб / SSD 512 Гб / DOS / 15ACH6 / 82K201RWRK";498 800 ₸;/p/lenovo-ideapad-gaming-3-15-6-8-gb-ssd-512-gb-dos-15ach6-82k201rwrk-105114558/?c=750000000
"Apple MacBook Air 15 2024 15.3"" / 8 Гб / SSD 512 Гб / macOS / MRYN3";649 928 ₸;/p/apple-macbook-air-15-2024-15-3-8-gb-ssd-512-gb-macos-mryn3-121768977/?c=750000000
"Lenovo 15IAU7 15.6"" / 8 Гб / SSD 1000 Гб / Win 11 Pro / 83RK0197RK";328 761 ₸;/p/lenovo-15iau7-15-6-8-gb-ssd-1000-gb-win-11-pro-83rk0197rk-156636634/?c=750000000
"Lenovo IdeaPad 3 15.6"" / 8 Гб / SSD 512 Гб / DOS / 15IAU7 / 82RK00EYRK";229 900 ₸;/p/lenovo-ideapad-3-15-6-8-gb-ssd-512-gb-dos-15iau7-82rk00eyrk-107332287/?c=750000000
"ASUS ROG Strix G18 18"" / 16 Гб / SSD 1024 Гб / DOS / G814JV-N6172 / 90NR0CM1-M00BM0";898 888 ₸;/p/asus-rog-strix-g18-18-16-gb-ssd-1024-gb-dos-g814jv-n6172-90nr0cm1-m00bm0-119377807/?c=750000000
"HP 15-fc0140qwi 15.6"" / 24 Гб / SSD 512 Гб / Win 11 Pro / BM0B025EA#UUQ";339 900 ₸;/p/hp-15-fc0140qwi-15-6-24-gb-ssd-512-gb-win-11-pro-bm0b025ea-uuq-145145329/?c=750000000
"Lenovo V15 G5 IRL 15.6"" / 8 Гб / SSD 512 Гб / Без ОС / 83GW009MFW";385 525 ₸;/p/lenovo-v15-g5-irl-15-6-8-gb-ssd-512-gb-bez-os-83gw009mfw-148981164/?c=750000000
"HP 15s 15.6"" / 8 Гб / SSD 512 Гб / DOS / 15s-fq5035ci / 725W0EA";269 899 ₸;/p/hp-15s-15-6-8-gb-ssd-512-gb-dos-15s-fq5035ci-725w0ea-107923070/?c=750000000
"Lenovo LOQ 15IAX9 15.6"" / 32 Гб / SSD 512 Гб / Win 11 Pro / 83GS705NRK";599 900 ₸;/p/lenovo-loq-15iax9-15-6-32-gb-ssd-512-gb-win-11-pro-83gs705nrk-139714496/?c=750000000
"HP 15-fd0230gm 15.6"" / 16 Гб / SSD 1000 Гб / Win 11 / C74GJUA#ABA";348 026 ₸;/p/hp-15-fd0230gm-15-6-16-gb-ssd-1000-gb-win-11-c74gjua-aba-162819335/?c=750000000
"ASUS ROG Strix G16 G615JH-RV046 16"" / 16 Гб / SSD 512 Гб / Без ОС / 90NR0N71-M001K0";680 000 ₸;/p/asus-rog-strix-g16-g615jh-rv046-16-16-gb-ssd-512-gb-bez-os-90nr0n71-m001k0-144233356/?c=750000000
"ASUS TUF Gaming A16 16"" / 16 Гб / M.2 1024 Гб / Win 11 Home / 90NR0MD2-M000F0";949 770 ₸;/p/asus-tuf-gaming-a16-16-16-gb-m-2-1024-gb-win-11-home-90nr0md2-m000f0-152289699/?c=750000000
"DELL DC15250 15.6"" / 8 Гб / SSD 512 Гб / Win 11 / LDC15250-5315BLK-PUS";299 394 ₸;/p/dell-dc15250-15-6-8-gb-ssd-512-gb-win-11-ldc15250-5315blk-pus-155744897/?c=750000000
"HP OmniBook 5 Flip 14-fp0026ci 14"" / 8 Гб / SSD 512 Гб / Без ОС / BY9H5EA";349 990 ₸;/p/hp-omnibook-5-flip-14-fp0026ci-14-8-gb-ssd-512-gb-bez-os-by9h5ea-153500727/?c=750000000
"Acer Swift X 16"" / 16 Гб / SSD 1024 Гб / DOS / SFX16-61G / NX.KFPER.001";1 130 412 ₸;/p/acer-swift-x-16-16-gb-ssd-1024-gb-dos-sfx16-61g-nx-kfper-001-115029075/?c=750000000
"MECHREVO Aurora X 16"" / 16 Гб / SSD 1000 Гб / Win 11 / I7128016G000GPNNIGB00";787 135 ₸;/p/mechrevo-aurora-x-16-16-gb-ssd-1000-gb-win-11-i7128016g000gpnnigb00-123437910/?c=750000000
Apple MacBook Air 15 2025 / 16 Гб / SSD 512 Гб / macOS / MW1K3;796 406 ₸;/p/apple-macbook-air-15-2025-16-gb-ssd-512-gb-macos-mw1k3-141775744/?c=750000000
"Acer Aspire 3 15.6"" / 8 Гб / SSD 256 Гб / Win 11 / A315-58-312A / NX.ADDER.01C";361 882 ₸;/p/acer-aspire-3-15-6-8-gb-ssd-256-gb-win-11-a315-58-312a-nx-adder-01c-105310831/?c=750000000
"ASUS Vivobook 17 17.3"" / 8 Гб / SSD 512 Гб / Win 11 / X1702ZA-AU154W / 90NB0WZ1-M00630";399 000 ₸;/p/asus-vivobook-17-17-3-8-gb-ssd-512-gb-win-11-x1702za-au154w-90nb0wz1-m00630-108762347/?c=750000000
"ASUS FX507ZC4-HN078XW 15.6"" / 32 Гб / SSD 1000 Гб / Win 11 Pro / 90NR0GW1-M0XA40";929 990 ₸;/p/asus-fx507zc4-hn078xw-15-6-32-gb-ssd-1000-gb-win-11-pro-90nr0gw1-m0xa40-121596109/?c=750000000
"Apple MacBook Pro M5 14.2"" / 16 Гб / SSD 512 Гб / macOS / Z1KL000EV";1 188 990 ₸;/p/apple-macbook-pro-m5-14-2-16-gb-ssd-512-gb-macos-z1kl000ev-160222844/?c=750000000
"Lenovo LOQ 15IRX10 15.6"" / 24 Гб / SSD 2000 Гб / Win 11 Pro / 83JE008BRK";831 903 ₸;/p/lenovo-loq-15irx10-15-6-24-gb-ssd-2000-gb-win-11-pro-83je008brk-148241235/?c=750000000
"Lenovo Yoga 2-in-1 7 14AKP10 14"" / 16 Гб / SSD 1000 Гб / Без ОС / 83JR0092RK";577 199 ₸;/p/lenovo-yoga-2-in-1-7-14akp10-14-16-gb-ssd-1000-gb-bez-os-83jr0092rk-153703552/?c=750000000
"Lenovo LOQ 15AHP10 15.6"" / 32 Гб / SSD 512 Гб / Win 11 Pro / 83JG013VRK";709 990 ₸;/p/lenovo-loq-15ahp10-15-6-32-gb-ssd-512-gb-win-11-pro-83jg013vrk-152089243/?c=750000000
"ASUS TUF Gaming A15 15.6"" / 16 Гб / SSD 512 Гб / Без ОС / FA506NC-HN064 / 90NR0JF7-M005E0";449 887 ₸;/p/asus-tuf-gaming-a15-15-6-16-gb-ssd-512-gb-bez-os-fa506nc-hn064-90nr0jf7-m005e0-117945611/?c=750000000
"HP Victus 15.6"" / 16 Гб / SSD 512 Гб / Без ОС / 15-fa0065ci / 809P6EA";449 800 ₸;/p/hp-victus-15-6-16-gb-ssd-512-gb-bez-os-15-fa0065ci-809p6ea-112028385/?c=750000000
"MECHREVO CangLong 16 Ultra 16"" / 32 Гб / M.2 1000 Гб / Win 11 Pro / AR9995532G000GPNNIGB00";1 519 654 ₸;/p/mechrevo-canglong-16-ultra-16-32-gb-m-2-1000-gb-win-11-pro-ar9995532g000gpnnigb00-159837216/?c=750000000
"Apple MacBook Pro 14 2024 14.2"" / 24 Гб / SSD 1024 Гб / macOS / MCX14";1 201 000 ₸;/p/apple-macbook-pro-14-2024-14-2-24-gb-ssd-1024-gb-macos-mcx14-137285476/?c=750000000
"Great Asia TK-E182 15.6"" / 16 Гб / SSD 512 Гб / Win 11 Pro / TK-E182-06772";499 000 ₸;/p/great-asia-tk-e182-15-6-16-gb-ssd-512-gb-win-11-pro-tk-e182-06772-116161447/?c=750000000
"Acer Extensa EX215-35-30K1 15.6"" / 16 Гб / SSD 512 Гб / Win 11 Pro / NX.EJ6ER.003E";300 000 ₸;/p/acer-extensa-ex215-35-30k1-15-6-16-gb-ssd-512-gb-win-11-pro-nx-ej6er-003e-149418508/?c=750000000
"ASUS E410M C41SUW 14"" / 4 Гб / SSD 128 Гб / Win 10 / 90NB0Q11-M34870";154 990 ₸;/p/asus-e410m-c41suw-14-4-gb-ssd-128-gb-win-10-90nb0q11-m34870-102269295/?c=750000000
"HP OMEN MAX Gaming Laptop 16-ah0017ci 16"" / 64 Гб / SSD 2000 Гб / Без ОС / C09G4EA";2 549 910 ₸;/p/hp-omen-max-gaming-laptop-16-ah0017ci-16-64-gb-ssd-2000-gb-bez-os-c09g4ea-155018179/?c=750000000
"ASUS Vivobook 14 14"" / 8 Гб / SSD 256 Гб / DOS / X1404ZA-EB140 / 90NB1001-M00540";229 989 ₸;/p/asus-vivobook-14-14-8-gb-ssd-256-gb-dos-x1404za-eb140-90nb1001-m00540-110765349/?c=750000000
"HP 15 15.6"" / 8 Гб / SSD 512 Гб / DOS / 15-fd0355nia / 9Q341EA";285 055 ₸;/p/hp-15-15-6-8-gb-ssd-512-gb-dos-15-fd0355nia-9q341ea-120589871/?c=750000000
"Lenovo LOQ 15IRX10 15.6"" / 16 Гб / SSD 512 Гб / Win 11 Pro / 83JE003BRK";601 764 ₸;/p/lenovo-loq-15irx10-15-6-16-gb-ssd-512-gb-win-11-pro-83je003brk-148241487/?c=750000000
"Apple MacBook Pro 14 14.2"" / 24 Гб / SSD 1024 Гб / macOS / Z1KK000BF";1 485 990 ₸;/p/apple-macbook-pro-14-14-2-24-gb-ssd-1024-gb-macos-z1kk000bf-157841929/?c=750000000
"HP HP Laptop 15-fd1003nq 15.6"" / 24 Гб / SSD 1000 Гб / Win 11 Pro / D0BL2EA#AKE";379 799 ₸;/p/hp-hp-laptop-15-fd1003nq-15-6-24-gb-ssd-1000-gb-win-11-pro-d0bl2ea-ake-165039941/?c=750000000
"ASUS ROG Strix G16 16"" / 16 Гб / SSD 512 Гб / Без ОС / G614JU-N3203 / 90NR0CC1-M012H0";999 000 ₸;/p/asus-rog-strix-g16-16-16-gb-ssd-512-gb-bez-os-g614ju-n3203-90nr0cc1-m012h0-137116306/?c=750000000
"ASUS ROG Strix G16 16"" / 16 Гб / SSD 1000 Гб / DOS / G614JU / 90NR0CC1-M00B00";999 000 ₸;/p/asus-rog-strix-g16-16-16-gb-ssd-1000-gb-dos-g614ju-90nr0cc1-m00b00-109230835/?c=750000000
"Great Asia E156 15.6"" / 16 Гб / SSD 2048 Гб / Win 11 / TK-E156";450 000 ₸;/p/great-asia-e156-15-6-16-gb-ssd-2048-gb-win-11-tk-e156-119858969/?c=750000000
"HP 15-fc0247ci 15.6"" / 16 Гб / SSD 512 Гб / Без ОС / D14KDEA";309 990 ₸;/p/hp-15-fc0247ci-15-6-16-gb-ssd-512-gb-bez-os-d14kdea-162481639/?c=750000000
"Lenovo Legion 5 15IAX10 15.1"" / 32 Гб / SSD 1000 Гб / Без ОС / 83F00096RK";1 199 051 ₸;/p/lenovo-legion-5-15iax10-15-1-32-gb-ssd-1000-gb-bez-os-83f00096rk-163620462/?c=750000000
"ASUS ROG Strix G18 G815JMR-S9064 18"" / 16 Гб / SSD 1000 Гб / Без ОС / 90NR0LE1-M00370";1 190 000 ₸;/p/asus-rog-strix-g18-g815jmr-s9064-18-16-gb-ssd-1000-gb-bez-os-90nr0le1-m00370-145781597/?c=750000000
"ASUS TUF Gaming A15 15.6"" / 16 Гб / SSD 512 Гб / Без ОС / FA506NC-HN063 / 90NR0JF7-M005D0";459 899 ₸;/p/asus-tuf-gaming-a15-15-6-16-gb-ssd-512-gb-bez-os-fa506nc-hn063-90nr0jf7-m005d0-137116581/?c=750000000
"ASUS ROG STRIX G16 G615JPR-AS96 16"" / 32 Гб / SSD 2000 Гб / Win 11 Pro / 90NR0L90-M000H0";1 299 990 ₸;/p/asus-rog-strix-g16-g615jpr-as96-16-32-gb-ssd-2000-gb-win-11-pro-90nr0l90-m000h0-165526413/?c=750000000
"HP 15-fd0118pi 15.6"" / 16 Гб / SSD 1000 Гб / Win 11 Pro / A2LR9EA#UQQ";366 994 ₸;/p/hp-15-fd0118pi-15-6-16-gb-ssd-1000-gb-win-11-pro-a2lr9ea-uqq-141286833/?c=750000000
"Apple MacBook Air 13.6"" / 16 Гб / SSD 1024 Гб / macOS / MDHC4RU/A";885 900 ₸;/p/apple-macbook-air-13-6-16-gb-ssd-1024-gb-macos-mdhc4ru-a-161463967/?c=750000000
"ASUS Vivobook 15 X1504VA-BQ1143X 15.6"" / 16 Гб / SSD 512 Гб / Win 11 Pro / 90NB10J2-M01D10";309 896 ₸;/p/asus-vivobook-15-x1504va-bq1143x-15-6-16-gb-ssd-512-gb-win-11-pro-90nb10j2-m01d10-121816070/?c=750000000
"ASUS X1504VA-BQ827W 15.6"" / 16 Гб / SSD 512 Гб / Win 11 Pro / 90NB10T2-M0W440";428 077 ₸;/p/asus-x1504va-bq827w-15-6-16-gb-ssd-512-gb-win-11-pro-90nb10t2-m0w440-157710563/?c=750000000
"ASUS FA506NCG-HN191W 15.6"" / 16 Гб / SSD 512 Гб / Win 11 Pro / 90NR0JF7-M0WMB0";448 153 ₸;/p/asus-fa506ncg-hn191w-15-6-16-gb-ssd-512-gb-win-11-pro-90nr0jf7-m0wmb0-154502741/?c=750000000
"Acer chromebook 514 14"" / 16 Гб / SSD 256 Гб / Chrome OS / cbe574-1t";219 999 ₸;/p/acer-chromebook-514-14-16-gb-ssd-256-gb-chrome-os-cbe574-1t-133758497/?c=750000000
"Lenovo Legion 5 15AHP10 OLED 15.1"" / 16 Гб / SSD 512 Гб / Win 11 Home / 83M0004AUS";849 976 ₸;/p/lenovo-legion-5-15ahp10-oled-15-1-16-gb-ssd-512-gb-win-11-home-83m0004aus-149004371/?c=750000000
"ASUS TUF Gaming F16 16"" / 16 Гб / M.2 512 Гб / DOS / FX608JMR-RV170";699 888 ₸;/p/asus-tuf-gaming-f16-16-16-gb-m-2-512-gb-dos-fx608jmr-rv170-155736794/?c=750000000
"HP 15s 15.6"" / 8 Гб / SSD 512 Гб / DOS / 15s-eq1195ur / 24A91EA";238 878 ₸;/p/hp-15s-15-6-8-gb-ssd-512-gb-dos-15s-eq1195ur-24a91ea-109417163/?c=750000000
"HP 15-fd0219dx Touch Screen 15.6"" / 32 Гб / SSD 1000 Гб / Win 11 Pro / C0CN9UA#ABA";519 989 ₸;/p/hp-15-fd0219dx-touch-screen-15-6-32-gb-ssd-1000-gb-win-11-pro-c0cn9ua-aba-157911230/?c=750000000
"ASUS TUF Gaming A17 FA707NU-DS53AW 17.3"" / 32 Гб / SSD 1000 Гб / Win 11 Pro / 90NR0EF-M4N7RO";739 899 ₸;/p/asus-tuf-gaming-a17-fa707nu-ds53aw-17-3-32-gb-ssd-1000-gb-win-11-pro-90nr0ef-m4n7ro-145925337/?c=750000000
"HP 15-fc0088ci 15.6"" / 16 Гб / SSD 512 Гб / Без ОС / B4ND5EA";329 888 ₸;/p/hp-15-fc0088ci-15-6-16-gb-ssd-512-gb-bez-os-b4nd5ea-131264501/?c=750000000
"Great Asia E159 32/1024 15.6"" / 32 Гб / SSD 1024 Гб / Win 11 / TK-E159";399 000 ₸;/p/great-asia-e159-32-1024-15-6-32-gb-ssd-1024-gb-win-11-tk-e159-122309871/?c=750000000
"ASUS 15.6"" / 8 Гб / SSD 256 Гб / DOS / X515JA-BQ3267 / 90NB0SR3-M02PV0";259 990 ₸;/p/asus-15-6-8-gb-ssd-256-gb-dos-x515ja-bq3267-90nb0sr3-m02pv0-107659345/?c=750000000
"Lenovo IdeaPad Slim 3 15IRH8 15.6"" / 16 Гб / SSD 512 Гб / Без ОС / 83EM0067RK";309 888 ₸;/p/lenovo-ideapad-slim-3-15irh8-15-6-16-gb-ssd-512-gb-bez-os-83em0067rk-124350464/?c=750000000
"Acer Aspire 3 15.6"" / 16 Гб / SSD 512 Гб / DOS / A315-44P-R28G / NX.KSJER.00A";343 177 ₸;/p/acer-aspire-3-15-6-16-gb-ssd-512-gb-dos-a315-44p-r28g-nx-ksjer-00a-117001560/?c=750000000
"Lenovo LOQ 15AHP10 15.6"" / 16 Гб / SSD 1000 Гб / Без ОС / 83JG000WRK";773 418 ₸;/p/lenovo-loq-15ahp10-15-6-16-gb-ssd-1000-gb-bez-os-83jg000wrk-144337708/?c=750000000
"HP 15s 15.6"" / 8 Гб / SSD 512 Гб / Win 11 / 15s-fq5093ci / A19WHEA";290 104 ₸;/p/hp-15s-15-6-8-gb-ssd-512-gb-win-11-15s-fq5093ci-a19whea-119875146/?c=750000000
"Lenovo LOQ 15.6"" / 16 Гб / SSD 512 Гб / DOS / 15IRH8 / 82XV0049RK";599 999 ₸;/p/lenovo-loq-15-6-16-gb-ssd-512-gb-dos-15irh8-82xv0049rk-112491527/?c=750000000
"TECNO Megabook K16SAA 16"" / 16 Гб / SSD 512 Гб / Win 11 Home / K16SAA";369 989 ₸;/p/tecno-megabook-k16saa-16-16-gb-ssd-512-gb-win-11-home-k16saa-139976407/?c=750000000
"Apple MacBook Air 15.3"" / 16 Гб / SSD 1024 Гб / macOS / MDVT4RU/A";1 026 890 ₸;/p/apple-macbook-air-15-3-16-gb-ssd-1024-gb-macos-mdvt4ru-a-161467008/?c=750000000
"Apple MacBook Air 15 2023 15.3"" / 8 Гб / SSD 256 Гб / macOS / MQKP3RU/A";651 340 ₸;/p/apple-macbook-air-15-2023-15-3-8-gb-ssd-256-gb-macos-mqkp3ru-a-111217765/?c=750000000
"ASUS Vivobook S14 S3407CA-LY014K 14"" / 32 Гб / SSD 1000 Гб / Win 11 / 90NB16J1-M0K640";749 900 ₸;/p/asus-vivobook-s14-s3407ca-ly014k-14-32-gb-ssd-1000-gb-win-11-90nb16j1-m0k640-162990362/?c=750000000
"HP 15-fd01131ti 15.6"" / 12 Гб / SSD 256 Гб / Win 11 Pro / CL6V59EA#UUQ";297 631 ₸;/p/hp-15-fd01131ti-15-6-12-gb-ssd-256-gb-win-11-pro-cl6v59ea-uuq-153379832/?c=750000000
"Acer Nitro 16 16"" / 16 Гб / SSD 512 Гб / DOS / AN16-51 / NH.QJMER.002";648 890 ₸;/p/acer-nitro-16-16-16-gb-ssd-512-gb-dos-an16-51-nh-qjmer-002-113986632/?c=750000000
"Colorful P16 16"" / 32 Гб / M.2 1000 Гб / Win 11 Pro / 32G4YT27Z32GTZ";969 990 ₸;/p/colorful-p16-16-32-gb-m-2-1000-gb-win-11-pro-32g4yt27z32gtz-153848856/?c=750000000
"Lenovo ThinkBook 16 G8 IRL 16"" / 16 Гб / SSD 512 Гб / Win 11 Pro / 21SHA0B1FW";564 000 ₸;/p/lenovo-thinkbook-16-g8-irl-16-16-gb-ssd-512-gb-win-11-pro-21sha0b1fw-151015411/?c=750000000
"ASUS X1504VA-BQ830A 15.6"" / 20 Гб / SSD 1000 Гб / Win 11 Pro / 90NB10T2-M0A470";489 989 ₸;/p/asus-x1504va-bq830a-15-6-20-gb-ssd-1000-gb-win-11-pro-90nb10t2-m0a470-149587300/?c=750000000
"ThundeRobot 911X Wild Hunter 15.6"" / 16 Гб / SSD 512 Гб / Win 11 Pro /";677 976 ₸;/p/thunderobot-911x-wild-hunter-15-6-16-gb-ssd-512-gb-win-11-pro--116091266/?c=750000000
"HP 15-fd0154wm 15.6"" / 8 Гб / M.2 512 Гб / Win 11 Pro / BZ1W9UA#ABA";299 000 ₸;/p/hp-15-fd0154wm-15-6-8-gb-m-2-512-gb-win-11-pro-bz1w9ua-aba-160193331/?c=750000000
"Lenovo LOQ 15IRX10 15.6"" / 32 Гб / SSD 2000 Гб / Win 11 / 83JE008DRK";990 000 ₸;/p/lenovo-loq-15irx10-15-6-32-gb-ssd-2000-gb-win-11-83je008drk-162750891/?c=750000000
"Acer Aspire Lite 15.6"" / 8 Гб / SSD 256 Гб / Win 11 / NX.D62ER.001N";249 900 ₸;/p/acer-aspire-lite-15-6-8-gb-ssd-256-gb-win-11-nx-d62er-001n-162832941/?c=750000000
"HP 15-fd0531uia 15.6"" / 12 Гб / SSD 256 Гб / Win 11 Pro / B89HWEA";269 900 ₸;/p/hp-15-fd0531uia-15-6-12-gb-ssd-256-gb-win-11-pro-b89hwea-160837418/?c=750000000
"Acer Aspire Lite 15.6"" / 8 Гб / SSD 256 Гб / Win 11 / NX.D62ER.001N";249 900 ₸;/p/acer-aspire-lite-15-6-8-gb-ssd-256-gb-win-11-nx-d62er-001n-162832941/?c=750000000
"Lenovo V15 G3 IAP 15.6"" / 8 Гб / SSD 512 Гб / Без ОС / 82TT001TRU";345 000 ₸;/p/lenovo-v15-g3-iap-15-6-8-gb-ssd-512-gb-bez-os-82tt001tru-105906379/?c=750000000
"Acer A16-54P-39U1 16"" / 8 Гб / SSD 512 Гб / Win 11 / NX.D75EM.011";269 989 ₸;/p/acer-a16-54p-39u1-16-8-gb-ssd-512-gb-win-11-nx-d75em-011-166840339/?c=750000000
"HP 15-fc0283hi 15.6"" / 20 Гб / SSD 1000 Гб / Win 11 Pro / D26P3EA#UUQ";439 888 ₸;/p/hp-15-fc0283hi-15-6-20-gb-ssd-1000-gb-win-11-pro-d26p3ea-uuq-160589045/?c=750000000
"Acer Aspire Lite 16"" / 16 Гб / SSD 2000 Гб / Win 11 Pro / NX.J5RER.002D";462 523 ₸;/p/acer-aspire-lite-16-16-gb-ssd-2000-gb-win-11-pro-nx-j5rer-002d-140590627/?c=750000000
"ASUS A1605VA-MB2074T 16"" / 12 Гб / SSD 1000 Гб / Win 11 / 90NB10N3-M0TK10";399 900 ₸;/p/asus-a1605va-mb2074t-16-12-gb-ssd-1000-gb-win-11-90nb10n3-m0tk10-165862897/?c=750000000
"ASUS X1504VA-BQ827A 15.6"" / 20 Гб / SSD 2000 Гб / Win 11 Pro / 90NB10T2-M0A440";609 989 ₸;/p/asus-x1504va-bq827a-15-6-20-gb-ssd-2000-gb-win-11-pro-90nb10t2-m0a440-157710557/?c=750000000
"HP 15-fd0531bia 15.6"" / 32 Гб / SSD 512 Гб / Win 11 Pro / B12HWEA";399 900 ₸;/p/hp-15-fd0531bia-15-6-32-gb-ssd-512-gb-win-11-pro-b12hwea-160837575/?c=750000000
"DELL Vostro 3510 15.6"" / 8 Гб / HDD 256 Гб / Win 11 Pro / 210-AZZU-B1";559 999 ₸;/p/dell-vostro-3510-15-6-8-gb-hdd-256-gb-win-11-pro-210-azzu-b1-108072079/?c=750000000
"TECNO Megabook K16SAA 16"" / 16 Гб / SSD 512 Гб / Win 11 / 71003300435";549 999 ₸;/p/tecno-megabook-k16saa-16-16-gb-ssd-512-gb-win-11-71003300435-142639190/?c=750000000
"ASUS Zenbook A14 14"" / 16 Гб / SSD 512 Гб / Win 11 / 90NB1501-M00RM0";888 888 ₸;/p/asus-zenbook-a14-14-16-gb-ssd-512-gb-win-11-90nb1501-m00rm0-139219478/?c=750000000
"Lenovo Legion 9 16"" / 32 Гб / SSD 2000 Гб / Без ОС / 16IRX8 / 83AG001KRK";2 998 888 ₸;/p/lenovo-legion-9-16-32-gb-ssd-2000-gb-bez-os-16irx8-83ag001krk-116580498/?c=750000000
"Oyan Lite X14 14.1"" / 8 Гб / SSD 512 Гб / Win 11 Home / R1526";154 900 ₸;/p/oyan-lite-x14-14-1-8-gb-ssd-512-gb-win-11-home-r1526-115724796/?c=750000000
Apple MacBook Air 15 2025 / 16 Гб / SSD 256 Гб / macOS / MW1L3;635 026 ₸;/p/apple-macbook-air-15-2025-16-gb-ssd-256-gb-macos-mw1l3-139195735/?c=750000000
"Lenovo IdeaPad 3 15.6"" / 4 Гб / SSD 256 Гб / Без ОС / 15IGL05 / 81WQ00EMRK";178 197 ₸;/p/lenovo-ideapad-3-15-6-4-gb-ssd-256-gb-bez-os-15igl05-81wq00emrk-102878742/?c=750000000
"Acer Aspire Lite AL16-52P 16"" / 8 Гб / SSD 512 Гб / Без ОС / NX.J5RER.002";229 987 ₸;/p/acer-aspire-lite-al16-52p-16-8-gb-ssd-512-gb-bez-os-nx-j5rer-002-137072023/?c=750000000
"HP 15s 15.6"" / 16 Гб / SSD 512 Гб / Win 11 / 15s-eq2093ur / 5A9G3EA";298 886 ₸;/p/hp-15s-15-6-16-gb-ssd-512-gb-win-11-15s-eq2093ur-5a9g3ea-104512459/?c=750000000
"ALAR 14-140 Yoga 14.1"" / 16 Гб / SSD 512 Гб / Win 11 Pro / AT2024E140Y0001";299 990 ₸;/p/alar-14-140-yoga-14-1-16-gb-ssd-512-gb-win-11-pro-at2024e140y0001-123276157/?c=750000000
"Acer Aspire 3 15.6"" / 32 Гб / SSD 1000 Гб / Win 11 Pro / A315-44P / NX.KSJER.008";429 990 ₸;/p/acer-aspire-3-15-6-32-gb-ssd-1000-gb-win-11-pro-a315-44p-nx-ksjer-008-120583486/?c=750000000
"ASUS ASUS TUF Gaming A16 16"" / 16 Гб / SSD 512 Гб / Без ОС / FA607NUG-RL161";539 899 ₸;/p/asus-asus-tuf-gaming-a16-16-16-gb-ssd-512-gb-bez-os-fa607nug-rl161-149288699/?c=750000000
"ASUS TUF Gaming F16 16"" / 16 Гб / SSD 512 Гб / Без ОС / FX607VU-RL060 / 90NR0N06-M002S0";529 900 ₸;/p/asus-tuf-gaming-f16-16-16-gb-ssd-512-gb-bez-os-fx607vu-rl060-90nr0n06-m002s0-137115867/?c=750000000
"ASUS TUF Gaming A15 15.6"" / 16 Гб / SSD 512 Гб / Без ОС / FA506NC-HN065 / 90NR0JF7-M005F0";449 899 ₸;/p/asus-tuf-gaming-a15-15-6-16-gb-ssd-512-gb-bez-os-fa506nc-hn065-90nr0jf7-m005f0-119121191/?c=750000000
"ASUS Vivobook 15 15.6"" / 16 Гб / SSD 1000 Гб / Win 11 Pro / X1504VA-BQ542E / 90NB10J2-M0ESB0";409 015 ₸;/p/asus-vivobook-15-15-6-16-gb-ssd-1000-gb-win-11-pro-x1504va-bq542e-90nb10j2-m0esb0-139274561/?c=750000000
"Acer Nitro V 15 15.6"" / 16 Гб / SSD 512 Гб / Без ОС / ANV15-41-R70B / NH.QSJER.001";439 970 ₸;/p/acer-nitro-v-15-15-6-16-gb-ssd-512-gb-bez-os-anv15-41-r70b-nh-qsjer-001-119709941/?c=750000000
"Apple MacBook Air 13 2024 13.6"" / 8 Гб / SSD 512 Гб / macOS / MRXP3RU/A";649 890 ₸;/p/apple-macbook-air-13-2024-13-6-8-gb-ssd-512-gb-macos-mrxp3ru-a-118170753/?c=750000000
"ASUS ROG Strix SCAR 18 18"" / 64 Гб / SSD 1024 Гб / Win 11 / G835LW-SA115W / 90NR0LI1-M005R0";2 449 989 ₸;/p/asus-rog-strix-scar-18-18-64-gb-ssd-1024-gb-win-11-g835lw-sa115w-90nr0li1-m005r0-137132273/?c=750000000
"ASUS Zenbook A14 Copilot+PC 14"" / 32 Гб / SSD 1024 Гб / Win 11 / UX3407RA-QD011W / 90NB16G2-M002F0";999 870 ₸;/p/asus-zenbook-a14-copilot-pc-14-32-gb-ssd-1024-gb-win-11-ux3407ra-qd011w-90nb16g2-m002f0-133771115/?c=750000000
"Lenovo IdeaPad Slim 3 16IRH10 16"" / 16 Гб / SSD 512 Гб / Win 11 Pro / 83ER2006WRK";319 000 ₸;/p/lenovo-ideapad-slim-3-16irh10-16-16-gb-ssd-512-gb-win-11-pro-83er2006wrk-153608103/?c=750000000
"ASUS Vivobook 16X 16"" / 16 Гб / SSD 512 Гб / DOS / 90NB1072-M009J0";379 990 ₸;/p/asus-vivobook-16x-16-16-gb-ssd-512-gb-dos-90nb1072-m009j0-122144749/?c=750000000
"LaBelle N5095 15.6"" / 16 Гб / SSD 512 Гб / Win 11 / 223801906";169 900 ₸;/p/labelle-n5095-15-6-16-gb-ssd-512-gb-win-11-223801906-136386579/?c=750000000
"ASUS TUF Gaming 15.6"" / 24 Гб / SSD 1000 Гб / Win 11 Pro / FA506NCR-HN041I / 90NR0JV7-M0I2W0";559 858 ₸;/p/asus-tuf-gaming-15-6-24-gb-ssd-1000-gb-win-11-pro-fa506ncr-hn041i-90nr0jv7-m0i2w0-129550715/?c=750000000
"ASUS TUF Gaming 15.6"" / 32 Гб / SSD 2000 Гб / Win 11 Pro / FA506NCR-HN044FW 90NR0JV7-M0F2W0";680 376 ₸;/p/asus-tuf-gaming-15-6-32-gb-ssd-2000-gb-win-11-pro-fa506ncr-hn044fw-90nr0jv7-m0f2w0-129825309/?c=750000000
"ASUS E1504FA-BQ2488W 15.6"" / 16 Гб / SSD 512 Гб / Win 11 Pro / 90NB0ZR3-M043U0";299 888 ₸;/p/asus-e1504fa-bq2488w-15-6-16-gb-ssd-512-gb-win-11-pro-90nb0zr3-m043u0-144578565/?c=750000000
"HP 15-fd01350ci 15.6"" / 24 Гб / SSD 1000 Гб / Win 11 Pro / AF352EA#UQQ";382 756 ₸;/p/hp-15-fd01350ci-15-6-24-gb-ssd-1000-gb-win-11-pro-af352ea-uqq-129281765/?c=750000000
"ASUS Vivobook 15X 15.6"" / 8 Гб / SSD 512 Гб / Без ОС / K3504VA-MA492 / 90NB10A1-M00KS0";369 246 ₸;/p/asus-vivobook-15x-15-6-8-gb-ssd-512-gb-bez-os-k3504va-ma492-90nb10a1-m00ks0-118066028/?c=750000000
"HP 15-fd0118eqi 15.6"" / 24 Гб / SSD 512 Гб / Win 11 Pro / A2LR69EA#UQQ";338 699 ₸;/p/hp-15-fd0118eqi-15-6-24-gb-ssd-512-gb-win-11-pro-a2lr69ea-uqq-141248892/?c=750000000
"ASUS TUF Gaming F17 17.3"" / 8 Гб / SSD 512 Гб / DOS / FX706HEB-HX103 / 90NR0713-M03690";599 900 ₸;/p/asus-tuf-gaming-f17-17-3-8-gb-ssd-512-gb-dos-fx706heb-hx103-90nr0713-m03690-104261133/?c=750000000
"ASUS ROG Flow Z13 13.4"" / 16 Гб / SSD 512 Гб / Win 11 / GZ301ZC-LD130W / 90NR07Z1-M00750";2 199 888 ₸;/p/asus-rog-flow-z13-13-4-16-gb-ssd-512-gb-win-11-gz301zc-ld130w-90nr07z1-m00750-107462689/?c=750000000
"ASUS TUF Gaming F17 17.3"" / 16 Гб / SSD 512 Гб / DOS / FX706HF-HX022";599 900 ₸;/p/asus-tuf-gaming-f17-17-3-16-gb-ssd-512-gb-dos-fx706hf-hx022-113424387/?c=750000000
"Acer Aspire 16 16"" / 8 Гб / SSD 2000 Гб / Win 11 Pro / NX.J5RER.002T";492 437 ₸;/p/acer-aspire-16-16-8-gb-ssd-2000-gb-win-11-pro-nx-j5rer-002t-140912297/?c=750000000
"HP 15-fd01131si 15.6"" / 20 Гб / SSD 512 Гб / Win 11 Pro / CL6V59EA#UUQ";399 888 ₸;/p/hp-15-fd01131si-15-6-20-gb-ssd-512-gb-win-11-pro-cl6v59ea-uuq-153379841/?c=750000000
"Acer A16-54P-39U1 16"" / 16 Гб / SSD 2000 Гб / Win 11 / NX.D75EM.015";399 989 ₸;/p/acer-a16-54p-39u1-16-16-gb-ssd-2000-gb-win-11-nx-d75em-015-166694944/?c=750000000
"HP 15-fd01131ki 15.6"" / 32 Гб / SSD 512 Гб / Win 11 Pro / CL6V59EA#UUQ";448 234 ₸;/p/hp-15-fd01131ki-15-6-32-gb-ssd-512-gb-win-11-pro-cl6v59ea-uuq-153380198/?c=750000000
"HP Laptop 15-fd1003nq 15.6"" / 16 Гб / SSD 2000 Гб / Win 11 Pro / D0BL4EA#AKE";418 673 ₸;/p/hp-laptop-15-fd1003nq-15-6-16-gb-ssd-2000-gb-win-11-pro-d0bl4ea-ake-165526080/?c=750000000
"HP 15-fd01250ci 15.6"" / 8 Гб / SSD 1000 Гб / Win 11 Pro / AF252EA#UQQ";326 373 ₸;/p/hp-15-fd01250ci-15-6-8-gb-ssd-1000-gb-win-11-pro-af252ea-uqq-129281058/?c=750000000
"ASUS TUF Gaming F15 15.6"" / 16 Гб / SSD 1000 Гб / Win 11 Pro / FX507ZU4-LP053W / 90NR0FG7-M00AS0";699 000 ₸;/p/asus-tuf-gaming-f15-15-6-16-gb-ssd-1000-gb-win-11-pro-fx507zu4-lp053w-90nr0fg7-m00as0-117849198/?c=750000000
"HP 15-fd0531jia 15.6"" / 20 Гб / SSD 512 Гб / Win 11 Pro / B96HWEA";349 900 ₸;/p/hp-15-fd0531jia-15-6-20-gb-ssd-512-gb-win-11-pro-b96hwea-160837531/?c=750000000
"ASUS ROG Flow Z13 13.4"" / 16 Гб / SSD 512 Гб / Win 11 / GZ301ZC-LD130W / 90NR07Z1-M00750";2 199 888 ₸;/p/asus-rog-flow-z13-13-4-16-gb-ssd-512-gb-win-11-gz301zc-ld130w-90nr07z1-m00750-105773617/?c=750000000
"Acer Aspire Lite AL16-54P-55CE 16"" / 24 Гб / SSD 2000 Гб / Win 11 Pro / NX.D76ER.001Z";549 888 ₸;/p/acer-aspire-lite-al16-54p-55ce-16-24-gb-ssd-2000-gb-win-11-pro-nx-d76er-001z-157749996/?c=750000000
"ASUS ROG Flow Z13 13.4"" / 16 Гб / SSD 512 Гб / Win 11 / GZ301ZC-LD130W / 90NR07Z1-M00750";2 199 888 ₸;/p/asus-rog-flow-z13-13-4-16-gb-ssd-512-gb-win-11-gz301zc-ld130w-90nr07z1-m00750-105773617/?c=750000000
"Lenovo Legion Pro 7 16IRX9H 16"" / 32 Гб / SSD 1000 Гб / Без ОС / 83DE004GRK";2 828 888 ₸;/p/lenovo-legion-pro-7-16irx9h-16-32-gb-ssd-1000-gb-bez-os-83de004grk-132549351/?c=750000000
"HP 15-fd0531hia 15.6"" / 20 Гб / SSD 256 Гб / Win 11 Pro / B95HWEA";339 900 ₸;/p/hp-15-fd0531hia-15-6-20-gb-ssd-256-gb-win-11-pro-b95hwea-160837542/?c=750000000
"HP 15-fd0531via 15.6"" / 32 Гб / SSD 256 Гб / Win 11 Pro / B11HWEA";399 900 ₸;/p/hp-15-fd0531via-15-6-32-gb-ssd-256-gb-win-11-pro-b11hwea-160837412/?c=750000000
"ASUS Vivobook F1504V 15.6"" / 16 Гб / SSD 512 Гб / Win 11 Pro / 90NB14Y1-M00K0";359 990 ₸;/p/asus-vivobook-f1504v-15-6-16-gb-ssd-512-gb-win-11-pro-90nb14y1-m00k0-165612132/?c=750000000
"Lenovo 15IAU7 15.6"" / 8 Гб / SSD 512 Гб / DOS / 82RK0172RK";294 997 ₸;/p/lenovo-15iau7-15-6-8-gb-ssd-512-gb-dos-82rk0172rk-122391328/?c=750000000
"HP 15-fd0177ti 15.6"" 15.6"" / 12 Гб / SSD 256 Гб / Win 11 Pro / BD1V9EA#UUQ";389 888 ₸;/p/hp-15-fd0177ti-15-6-15-6-12-gb-ssd-256-gb-win-11-pro-bd1v9ea-uuq-154027988/?c=750000000
"HP 15-fd01131uwi 15.6"" / 48 Гб / SSD 512 Гб / Win 11 Pro / CL6V59EA#UUQ";499 989 ₸;/p/hp-15-fd01131uwi-15-6-48-gb-ssd-512-gb-win-11-pro-cl6v59ea-uuq-153379639/?c=750000000
"ASUS X1704VAP AU1017W 17.3"" / 16 Гб / SSD 512 Гб / Win 11 / 90NB13X2-M0WJ00";399 888 ₸;/p/asus-x1704vap-au1017w-17-3-16-gb-ssd-512-gb-win-11-90nb13x2-m0wj00-166919490/?c=750000000
"HP 15-fd1027ci 15.6"" / 16 Гб / SSD 512 Гб / DOS / A33VHEA#UUQ";318 998 ₸;/p/hp-15-fd1027ci-15-6-16-gb-ssd-512-gb-dos-a33vhea-uuq-122032669/?c=750000000
"ASUS VivoBook S16 16"" / 24 Гб / SSD 1000 Гб / Без ОС / M5606WA-MX053 / 90NB14B3-M007C0";1 252 888 ₸;/p/asus-vivobook-s16-16-24-gb-ssd-1000-gb-bez-os-m5606wa-mx053-90nb14b3-m007c0-124498802/?c=750000000
"Acer Nitro NH.U1PAA.004H 15.6"" / 24 Гб / SSD 1000 Гб / Win 11 / ANV15-52-57BB";639 992 ₸;/p/acer-nitro-nh-u1paa-004h-15-6-24-gb-ssd-1000-gb-win-11-anv15-52-57bb-165935653/?c=750000000
"ASUS X1504VA-BQ590H 15.6"" / 24 Гб / SSD 512 Гб / Win 11 Pro / 90NB13Y1-M0HX70";399 890 ₸;/p/asus-x1504va-bq590h-15-6-24-gb-ssd-512-gb-win-11-pro-90nb13y1-m0hx70-156909097/?c=750000000
"ASUS ROG Strix G16 G614JV-N4263G 16"" / 40 Гб / SSD 1000 Гб / Win 11 Pro / 90NR0C61-M01050";1 199 989 ₸;/p/asus-rog-strix-g16-g614jv-n4263g-16-40-gb-ssd-1000-gb-win-11-pro-90nr0c61-m01050-143040346/?c=750000000
"ASUS A1605VA-MB2074H 16"" / 16 Гб / SSD 1000 Гб / Win 11 / 90NB10N3-M0HK10";399 888 ₸;/p/asus-a1605va-mb2074h-16-16-gb-ssd-1000-gb-win-11-90nb10n3-m0hk10-165862706/?c=750000000
"HP 15-fc0283ji 15.6"" / 24 Гб / SSD 512 Гб / Win 11 Pro / D27P3EA#UUQ";399 888 ₸;/p/hp-15-fc0283ji-15-6-24-gb-ssd-512-gb-win-11-pro-d27p3ea-uuq-160589022/?c=750000000
"Acer A16-54P-39U1 16"" / 24 Гб / SSD 512 Гб / Win 11 / NX.D75EM.016";359 989 ₸;/p/acer-a16-54p-39u1-16-24-gb-ssd-512-gb-win-11-nx-d75em-016-166694938/?c=750000000
"HP ProBook 4 G1i 14"" / 16 Гб / SSD 1024 Гб / Win 11 Pro / B9ZM5ET";811 811 ₸;/p/hp-probook-4-g1i-14-16-gb-ssd-1024-gb-win-11-pro-b9zm5et-165165963/?c=750000000
"ASUS Vivobook 14 Flip 15.6"" / 16 Гб / SSD 512 Гб / Win 11 Home / 90NB14Y1-M00JB0";599 987 ₸;/p/asus-vivobook-14-flip-15-6-16-gb-ssd-512-gb-win-11-home-90nb14y1-m00jb0-163126315/?c=750000000
"ASUS ROG Strix G16 16"" / 16 Гб / SSD 2000 Гб / Win 11 Pro / G614JV-N4263R / 90NR0C61-M01050R";1 198 861 ₸;/p/asus-rog-strix-g16-16-16-gb-ssd-2000-gb-win-11-pro-g614jv-n4263r-90nr0c61-m01050r-143074421/?c=750000000
"ASUS F1504VA-NJ825D 15.6"" / 12 Гб / SSD 2000 Гб / Win 11 / 90NB10J2-M0D020";499 900 ₸;/p/asus-f1504va-nj825d-15-6-12-gb-ssd-2000-gb-win-11-90nb10j2-m0d020-162827502/?c=750000000
"Gooky DF16 16"" / 20 Гб / SSD 256 Гб / Win 10 /";510 000 ₸;/p/gooky-df16-16-20-gb-ssd-256-gb-win-10--118341943/?c=750000000
"HP 15-fc0090ti 15.6"" / 12 Гб / SSD 1000 Гб / Win 11 Pro / B4LK14EA#UUQ";389 900 ₸;/p/hp-15-fc0090ti-15-6-12-gb-ssd-1000-gb-win-11-pro-b4lk14ea-uuq-149552172/?c=750000000
"HP 15-fd0177qi 15.6"" 15.6"" / 8 Гб / SSD 512 Гб / Win 11 Pro / BD1V6EA#UUQ";379 888 ₸;/p/hp-15-fd0177qi-15-6-15-6-8-gb-ssd-512-gb-win-11-pro-bd1v6ea-uuq-154027937/?c=750000000
"ASUS Vivobook X1404V 14"" / 24 Гб / SSD 1000 Гб / Win 11 Pro / 90NB19U1-M00FH0";389 990 ₸;/p/asus-vivobook-x1404v-14-24-gb-ssd-1000-gb-win-11-pro-90nb19u1-m00fh0-165749756/?c=750000000
"ASUS Vivobook F1504V 15.6"" / 16 Гб / SSD 2000 Гб / Win 11 Pro / 90NB20Y1-M00K0";439 990 ₸;/p/asus-vivobook-f1504v-15-6-16-gb-ssd-2000-gb-win-11-pro-90nb20y1-m00k0-165737190/?c=750000000
"Acer Aspire 16 16"" / 40 Гб / SSD 1000 Гб / Win 11 Pro / NX.J5RER.002SWAspire 16";499 988 ₸;/p/acer-aspire-16-16-40-gb-ssd-1000-gb-win-11-pro-nx-j5rer-002swaspire-16-140912248/?c=750000000
"Acer Aspire 16 16"" / 48 Гб / SSD 2000 Гб / Win 11 Pro / NX.J5RER.002KW";679 988 ₸;/p/acer-aspire-16-16-48-gb-ssd-2000-gb-win-11-pro-nx-j5rer-002kw-140907607/?c=750000000
"ASUS ExpertBook B3402FV 14"" / 32 Гб / SSD 1000 Гб / Win 11 Pro / 90NH07N1-M06MC0";629 990 ₸;/p/asus-expertbook-b3402fv-14-32-gb-ssd-1000-gb-win-11-pro-90nh07n1-m06mc0-169111545/?c=750000000
"ASUS TUF Gaming A15 15.6"" / 16 Гб / SSD 512 Гб / Без ОС / FA507RC-HN021 / 90NR09R2-M000T0";499 900 ₸;/p/asus-tuf-gaming-a15-15-6-16-gb-ssd-512-gb-bez-os-fa507rc-hn021-90nr09r2-m000t0-105199736/?c=750000000
"ASUS Vivobook F1504V 15.6"" / 40 Гб / SSD 512 Гб / Win 11 Pro / 90NB22Y1-M00KO";469 990 ₸;/p/asus-vivobook-f1504v-15-6-40-gb-ssd-512-gb-win-11-pro-90nb22y1-m00ko-165737207/?c=750000000
"HP 15-fd0177ei 15.6"" / 8 Гб / SSD 1000 Гб / Win 11 Pro / BD1V7EA#UUQ";449 888 ₸;/p/hp-15-fd0177ei-15-6-8-gb-ssd-1000-gb-win-11-pro-bd1v7ea-uuq-154026029/?c=750000000
"ANV15-51-55M2 Nitro V 15.6"" / 16 Гб / SSD 512 Гб / Win 11 Pro / NH.QNCER.002";579 990 ₸;/p/anv15-51-55m2-nitro-v-15-6-16-gb-ssd-512-gb-win-11-pro-nh-qncer-002-147334544/?c=750000000
"Ноутбук ASUS Vivobook 15.6&#34; / 16 Гб / SSD 2000 Гб / Win 11 Pro / 90NB10T2-M0E440 / X1504VA-BQ827E";597 998 ₸;/p/noutbuk-asus-vivobook-15-6-34-16-gb-ssd-2000-gb-win-11-pro-90nb10t2-m0e440-x1504va-bq827e-157710771/?c=750000000
"DELL Pro 16 DC16250 16"" / 16 Гб / SSD 512 Гб / Win 11 Pro / BTO015_PC16250_EMEA";630 884 ₸;/p/dell-pro-16-dc16250-16-16-gb-ssd-512-gb-win-11-pro-bto015-pc16250-emea-161779398/?c=750000000
"ASUS FA506NCG-HN191D 15.6"" / 24 Гб / SSD 2000 Гб / Win 11 Pro / 90NR0JF7-M0DMB0";748 609 ₸;/p/asus-fa506ncg-hn191d-15-6-24-gb-ssd-2000-gb-win-11-pro-90nr0jf7-m0dmb0-154502951/?c=750000000
"ASUS F1504VA-NJ825G 15.6"" / 16 Гб / SSD 1000 Гб / Win 11 / 90NB10J2-M0G020";449 900 ₸;/p/asus-f1504va-nj825g-15-6-16-gb-ssd-1000-gb-win-11-90nb10j2-m0g020-162827999/?c=750000000
"ASUS ExpertBook P1403CVA-S61831Z 14"" / 32 Гб / SSD 4000 Гб / Win 11 Pro / 90NX0871-M0Z2U0";799 900 ₸;/p/asus-expertbook-p1403cva-s61831z-14-32-gb-ssd-4000-gb-win-11-pro-90nx0871-m0z2u0-157414250/?c=750000000
"ASUS F1504VA-NJ825W 15.6"" / 8 Гб / SSD 512 Гб / Win 11 / 90NB10J2-M0W020";349 999 ₸;/p/asus-f1504va-nj825w-15-6-8-gb-ssd-512-gb-win-11-90nb10j2-m0w020-162829839/?c=750000000
"Lenovo ThinkBook 14 G4 IAP 14"" / 8 Гб / SSD 256 Гб / DOS / 21DH00GGRU";470 777 ₸;/p/lenovo-thinkbook-14-g4-iap-14-8-gb-ssd-256-gb-dos-21dh00ggru-109230055/?c=750000000
"Huawei MateBook X Pro 14.2"" / 16 Гб / SSD 1000 Гб / Win 11 / VGHH-X / 53014ANN";1 278 888 ₸;/p/huawei-matebook-x-pro-14-2-16-gb-ssd-1000-gb-win-11-vghh-x-53014ann-120335504/?c=750000000
"TECNO Megabook K15SRA 15.6"" / 16 Гб / SSD 1000 Гб / Win 11 Home / K15SRA";467 168 ₸;/p/tecno-megabook-k15sra-15-6-16-gb-ssd-1000-gb-win-11-home-k15sra-143899051/?c=750000000
"ASUS TUF Gaming A15 15.6"" FA506NFR-HN100Y 15.6"" / 24 Гб / SSD 2000 Гб / Win 11 Pro / 90NR0JU7-M0Y650";689 900 ₸;/p/asus-tuf-gaming-a15-15-6-fa506nfr-hn100y-15-6-24-gb-ssd-2000-gb-win-11-pro-90nr0ju7-m0y650-141506014/?c=750000000
"HP 15-fd0217dx Touch Screen 15.6"" / 24 Гб / SSD 512 Гб / Win 11 Pro / C0CN7UA#ABA";429 989 ₸;/p/hp-15-fd0217dx-touch-screen-15-6-24-gb-ssd-512-gb-win-11-pro-c0cn7ua-aba-157911291/?c=750000000
"HP 15-fd01131rwi 15.6"" / 40 Гб / SSD 2000 Гб / Win 11 Pro / CL6V59EA#UUQ";549 989 ₸;/p/hp-15-fd01131rwi-15-6-40-gb-ssd-2000-gb-win-11-pro-cl6v59ea-uuq-153380115/?c=750000000
"Acer NX.D76ER.001P 16"" / 16 Гб / SSD 750 Гб / Win 11 Pro / AL16-54P-55CE";349 888 ₸;/p/acer-nx-d76er-001p-16-16-gb-ssd-750-gb-win-11-pro-al16-54p-55ce-158135054/?c=750000000
"Acer A16-54P-39U1 16"" / 16 Гб / SSD 512 Гб / Win 11 / NX.D75EM.013";319 989 ₸;/p/acer-a16-54p-39u1-16-16-gb-ssd-512-gb-win-11-nx-d75em-013-166840314/?c=750000000
"ASUS A1605V-MB2074F 16"" / 12 Гб / SSD 2000 Гб / Win 11 / 90NB10N3-M0FK10";549 888 ₸;/p/asus-a1605v-mb2074f-16-12-gb-ssd-2000-gb-win-11-90nb10n3-m0fk10-165862625/?c=750000000
"ASUS ExpertBook B3402FV 14"" / 16 Гб / SSD 1000 Гб / Win 11 Pro / 90NH07N1-M03MC0";549 990 ₸;/p/asus-expertbook-b3402fv-14-16-gb-ssd-1000-gb-win-11-pro-90nh07n1-m03mc0-169110911/?c=750000000
"HP 15-fd0531zia 15.6"" / 24 Гб / SSD 512 Гб / Win 11 Pro / B99HWEA";369 900 ₸;/p/hp-15-fd0531zia-15-6-24-gb-ssd-512-gb-win-11-pro-b99hwea-160837379/?c=750000000
"ASUS ROG Strix G16 G615LW-M00330 16"" / 32 Гб / SSD 1000 Гб / Без ОС / 90NR0LG1-M00330";2 545 888 ₸;/p/asus-rog-strix-g16-g615lw-m00330-16-32-gb-ssd-1000-gb-bez-os-90nr0lg1-m00330-147121827/?c=750000000
"ASUS X1504ZA-BQ591W 15.6"" / 8 Гб / SSD 512 Гб / Win 11 Pro / 90NB13Y2-M0WX80";299 900 ₸;/p/asus-x1504za-bq591w-15-6-8-gb-ssd-512-gb-win-11-pro-90nb13y2-m0wx80-154667022/?c=750000000
"ASUS Vivobook 15 M1502YA-BQ607P 15.6"" / 24 Гб / SSD 2000 Гб / Win 11 Pro / 90NB0X22";549 900 ₸;/p/asus-vivobook-15-m1502ya-bq607p-15-6-24-gb-ssd-2000-gb-win-11-pro-90nb0x22-137571509/?c=750000000
"ASUS TUF Gaming F16 16"" / 16 Гб / SSD 2000 Гб / Win 11 Home / 90NR0KJ6-M00020";1 089 990 ₸;/p/asus-tuf-gaming-f16-16-16-gb-ssd-2000-gb-win-11-home-90nr0kj6-m00020-165760126/?c=750000000
"ASUS X1504VA-BQ590Q 15.6"" / 8 Гб / SSD 1000 Гб / Win 11 Pro / 90NB13Y1-M0QX70";349 900 ₸;/p/asus-x1504va-bq590q-15-6-8-gb-ssd-1000-gb-win-11-pro-90nb13y1-m0qx70-156908929/?c=750000000
"HP HP 15-fc0154fi 15.6"" / 16 Гб / SSD 2000 Гб / Win 11 Pro / D2GP6EA#UUQ + подарок";449 900 ₸;/p/hp-hp-15-fc0154fi-15-6-16-gb-ssd-2000-gb-win-11-pro-d2gp6ea-uuq-podarok-157005811/?c=750000000
"HP 15-fd0177bi 15.6"" 15.6"" / 32 Гб / SSD 512 Гб / Win 11 Pro / BD1V27EA#UUQ";499 888 ₸;/p/hp-15-fd0177bi-15-6-15-6-32-gb-ssd-512-gb-win-11-pro-bd1v27ea-uuq-154028143/?c=750000000
"ASUS A1605V-MB2074E 16"" / 8 Гб / SSD 2000 Гб / Win 11 / 90NB10N3-MEK10";549 888 ₸;/p/asus-a1605v-mb2074e-16-8-gb-ssd-2000-gb-win-11-90nb10n3-mek10-165862578/?c=750000000
"ASUS X1504VA-BQ008X 15.6"" / 24 Гб / SSD 512 Гб / Win 11 Pro / 90NB10J2-M0XBY0";349 888 ₸;/p/asus-x1504va-bq008x-15-6-24-gb-ssd-512-gb-win-11-pro-90nb10j2-m0xby0-157709870/?c=750000000
"ASUS X1504VA-BQ982E 15.6"" / 16 Гб / SSD 1000 Гб / Win 11 Pro / 90NB10T2-M0EAZ0";448 324 ₸;/p/asus-x1504va-bq982e-15-6-16-gb-ssd-1000-gb-win-11-pro-90nb10t2-m0eaz0-154166139/?c=750000000
"HP 15-fc0283ci 15.6"" / 16 Гб / SSD 512 Гб / Без ОС / D18P3EA";329 900 ₸;/p/hp-15-fc0283ci-15-6-16-gb-ssd-512-gb-bez-os-d18p3ea-165040023/?c=750000000
"ASUS ExpertBook P1 15.6"" / 16 Гб / SSD 512 Гб / Win 11 Pro / 90NX0881-M03130";526 820 ₸;/p/asus-expertbook-p1-15-6-16-gb-ssd-512-gb-win-11-pro-90nx0881-m03130-165167916/?c=750000000
"ASUS Vivobook 15 15.6"" / 8 Гб / SSD 512 Гб / Win 11 / X1504VA-BQ3127W";299 900 ₸;/p/asus-vivobook-15-15-6-8-gb-ssd-512-gb-win-11-x1504va-bq3127w-165078914/?c=750000000
"ASUS ROG Flow Z13 13.4"" / 16 Гб / SSD 512 Гб / Win 11 / GZ301ZA-LD137W / 90NR07Y1-M005P0";2 199 888 ₸;/p/asus-rog-flow-z13-13-4-16-gb-ssd-512-gb-win-11-gz301za-ld137w-90nr07y1-m005p0-109370558/?c=750000000
"Gooky N14S 14"" / 16 Гб / SSD 256 Гб / Win 10 / 151";338 000 ₸;/p/gooky-n14s-14-16-gb-ssd-256-gb-win-10-151-118191080/?c=750000000
"ASUS TUF Gaming F16 FX607VJ-RL047U 16"" / 24 Гб / SSD 1000 Гб / Win 11 Pro / 90NR0MZ6-M06T2P5";599 990 ₸;/p/asus-tuf-gaming-f16-fx607vj-rl047u-16-24-gb-ssd-1000-gb-win-11-pro-90nr0mz6-m06t2p5-166694259/?c=750000000
"TECNO K16SDA (4894947116995) 16"" / 8 Гб / SSD 512 Гб / Win 11 Home / 4894947116995";307 752 ₸;/p/tecno-k16sda-4894947116995-16-8-gb-ssd-512-gb-win-11-home-4894947116995-165047621/?c=750000000
"ASUS Vivobook R1502VA-BQ1028 15.6"" / 40 Гб / SSD 2000 Гб / Win 11 Pro / 90NB15T1-M0DD0";629 880 ₸;/p/asus-vivobook-r1502va-bq1028-15-6-40-gb-ssd-2000-gb-win-11-pro-90nb15t1-m0dd0-165869345/?c=750000000
"HP 15-fd0107wdi 15.6"" / 48 Гб / SSD 512 Гб / Win 11 Pro / 9U4C8EA#UUQ";499 989 ₸;/p/hp-15-fd0107wdi-15-6-48-gb-ssd-512-gb-win-11-pro-9u4c8ea-uuq-139104045/?c=750000000
"HP ProBook 4 G1i 14"" / 16 Гб / SSD 512 Гб / Win 11 Pro / D40WWET";733 499 ₸;/p/hp-probook-4-g1i-14-16-gb-ssd-512-gb-win-11-pro-d40wwet-163128490/?c=750000000
"MSI Cyborg 15 15.6"" / 16 Гб / SSD 512 Гб / DOS / 9S7-15Q342-1053";840 888 ₸;/p/msi-cyborg-15-15-6-16-gb-ssd-512-gb-dos-9s7-15q342-1053-163649171/?c=750000000
"ASUS Vivobook S14 S3407CA-LY014J 14"" / 32 Гб / SSD 512 Гб / Win 11 / 90NB16J1-M0J640";699 900 ₸;/p/asus-vivobook-s14-s3407ca-ly014j-14-32-gb-ssd-512-gb-win-11-90nb16j1-m0j640-162990272/?c=750000000
"Echips Argentum 16 15.6"" / 16 Гб / SSD 512 Гб / Win 11 Home / 1758871395";299 999 ₸;/p/echips-argentum-16-15-6-16-gb-ssd-512-gb-win-11-home-1758871395-133023891/?c=750000000
"ASUS M1502YA-BQ606E 15.6"" / 8 Гб / SSD 2000 Гб / Win 11 / 90NB0X21-M0EX10";499 900 ₸;/p/asus-m1502ya-bq606e-15-6-8-gb-ssd-2000-gb-win-11-90nb0x21-m0ex10-162830762/?c=750000000
"Maibenben M16C-R576UM 16"" / 16 Гб / SSD 512 Гб / Linux / M16C-R576UMF1SLURE0";384 731 ₸;/p/maibenben-m16c-r576um-16-16-gb-ssd-512-gb-linux-m16c-r576umf1slure0-154932667/?c=750000000
"ASUS Vivobook F1504V 15.6"" / 8 Гб / SSD 512 Гб / Win 11 Pro / 90NB15Y1-M00K0";329 990 ₸;/p/asus-vivobook-f1504v-15-6-8-gb-ssd-512-gb-win-11-pro-90nb15y1-m00k0-165737102/?c=750000000
"DELL 16 Premium DA16250 16.3"" / 64 Гб / SSD 2048 Гб / Win 11 Pro / 210-BRTS_DA16250_ARLH_010";3 226 499 ₸;/p/dell-16-premium-da16250-16-3-64-gb-ssd-2048-gb-win-11-pro-210-brts-da16250-arlh-010-166338626/?c=750000000
"ASUS Vivobook S14 S3407CA-LY014R 14"" / 16 Гб / SSD 1000 Гб / Win 11 / 90NB16J1-M00640";549 900 ₸;/p/asus-vivobook-s14-s3407ca-ly014r-14-16-gb-ssd-1000-gb-win-11-90nb16j1-m00640-162990392/?c=750000000
"ASUS VivoBook S16 S3607VA-RP017 16"" / 16 Гб / SSD 512 Гб / DOS / 90NB1671-M002L0";399 000 ₸;/p/asus-vivobook-s16-s3607va-rp017-16-16-gb-ssd-512-gb-dos-90nb1671-m002l0-165517703/?c=750000000
"ASUS A1605VA-MB2074P 16"" / 24 Гб / SSD 2000 Гб / Win 11 / 90NB10N3-M0PK10";549 888 ₸;/p/asus-a1605va-mb2074p-16-24-gb-ssd-2000-gb-win-11-90nb10n3-m0pk10-165862793/?c=750000000
"ASUS ExpertBook P1 15.6"" / 32 Гб / SSD 1024 Гб / Win 11 Pro / 90NX0881-M03160";648 026 ₸;/p/asus-expertbook-p1-15-6-32-gb-ssd-1024-gb-win-11-pro-90nx0881-m03160-165167995/?c=750000000
"Gooky Y140N 14"" / 16 Гб / SSD 256 Гб / Win 10 / GKY14N";339 000 ₸;/p/gooky-y140n-14-16-gb-ssd-256-gb-win-10-gky14n-118191693/?c=750000000
"ASUS Vivobook X1404VA-EB1183 14"" / 24 Гб / SSD 2000 Гб / Win 11 Pro / 90NB19U2-M00J80";469 990 ₸;/p/asus-vivobook-x1404va-eb1183-14-24-gb-ssd-2000-gb-win-11-pro-90nb19u2-m00j80-165750000/?c=750000000
"ASUS A1605VA-MB2074G 16"" / 16 Гб / SSD 512 Гб / Win 11 / 90NB10N3-M0GK10";369 888 ₸;/p/asus-a1605va-mb2074g-16-16-gb-ssd-512-gb-win-11-90nb10n3-m0gk10-165862685/?c=750000000
"ASUS S3607VA-RP017Q 16"" / 16 Гб / SSD 1000 Гб / Win 11 / 90NBB1671-M0Q2L0";449 888 ₸;/p/asus-s3607va-rp017q-16-16-gb-ssd-1000-gb-win-11-90nbb1671-m0q2l0-165863195/?c=750000000
"HP 15-fd0213ki 15.6"" / 24 Гб / SSD 512 Гб / Win 11 Pro / BDV36EA#UQQ";399 888 ₸;/p/hp-15-fd0213ki-15-6-24-gb-ssd-512-gb-win-11-pro-bdv36ea-uqq-153720479/?c=750000000
"ASUS Vivobook 16 M1607KA-MB063W 16"" / 16 Гб / SSD 512 Гб / Win 11 Home / 90NB15F2-M005M0";539 990 ₸;/p/asus-vivobook-16-m1607ka-mb063w-16-16-gb-ssd-512-gb-win-11-home-90nb15f2-m005m0-161441471/?c=750000000
"ASUS X1504VA-BQ008F 15.6"" / 12 Гб / SSD 1000 Гб / Win 11 Pro / 90NB10J2-M0FBY0";319 900 ₸;/p/asus-x1504va-bq008f-15-6-12-gb-ssd-1000-gb-win-11-pro-90nb10j2-m0fby0-157710303/?c=750000000
"HP 15-fd0531wia 15.6"" / 4 Гб / SSD 512 Гб / Win 11 Pro / B84HWEA";249 900 ₸;/p/hp-15-fd0531wia-15-6-4-gb-ssd-512-gb-win-11-pro-b84hwea-160837408/?c=750000000
"ASUS F1504VA-NJ825J 15.6"" / 24 Гб / SSD 512 Гб / Win 11 / 90NB10J2-M0J020";399 990 ₸;/p/asus-f1504va-nj825j-15-6-24-gb-ssd-512-gb-win-11-90nb10j2-m0j020-162828339/?c=750000000
"ASUS Vivobook X1404V 14"" / 24 Гб / SSD 512 Гб / Win 11 Pro / 90NB18U1-M00FH0";339 990 ₸;/p/asus-vivobook-x1404v-14-24-gb-ssd-512-gb-win-11-pro-90nb18u1-m00fh0-165749727/?c=750000000
"ASUS Vivobook X1404VA-EB1183 14"" / 8 Гб / SSD 512 Гб / Win 11 Pro / 90NB13U2-M00J80";289 990 ₸;/p/asus-vivobook-x1404va-eb1183-14-8-gb-ssd-512-gb-win-11-pro-90nb13u2-m00j80-165749886/?c=750000000
"Acer A16-54P-39U1 16"" / 32 Гб / SSD 2000 Гб / Win 11 / NX.D75EM.021";469 989 ₸;/p/acer-a16-54p-39u1-16-32-gb-ssd-2000-gb-win-11-nx-d75em-021-166694794/?c=750000000
"ASUS TUF Gaming A16 16"" / 24 Гб / SSD 1000 Гб / Win 11 Pro / FA607NUG-RL117WQ";698 729 ₸;/p/asus-tuf-gaming-a16-16-24-gb-ssd-1000-gb-win-11-pro-fa607nug-rl117wq-165086414/?c=750000000
"HP 15-fd0107ri 15.6"" / 8 Гб / SSD 1000 Гб / Win 11 Pro / 9U4C8EA#UUQ";326 873 ₸;/p/hp-15-fd0107ri-15-6-8-gb-ssd-1000-gb-win-11-pro-9u4c8ea-uuq-139099681/?c=750000000
"ASUS F1504VA-NJ825T 15.6"" / 12 Гб / SSD 512 Гб / Win 11 / 90NB10J2-M0T020";359 899 ₸;/p/asus-f1504va-nj825t-15-6-12-gb-ssd-512-gb-win-11-90nb10j2-m0t020-162829678/?c=750000000
"ASUS Vivobook 16 16"" / 24 Гб / SSD 512 Гб / Без ОС / 90NB1832-M00JW0";469 409 ₸;/p/asus-vivobook-16-16-24-gb-ssd-512-gb-bez-os-90nb1832-m00jw0-165044418/?c=750000000
"ASUS FA506NCG-HN191F 15.6"" / 24 Гб / SSD 4000 Гб / Win 11 Pro / 90NR0JF7-M0FMB0";749 980 ₸;/p/asus-fa506ncg-hn191f-15-6-24-gb-ssd-4000-gb-win-11-pro-90nr0jf7-m0fmb0-154503404/?c=750000000
"Acer NX.D76ER.001U 16"" / 8 Гб / SSD 750 Гб / Win 11 Pro / AL16-54P-55CE";349 900 ₸;/p/acer-nx-d76er-001u-16-8-gb-ssd-750-gb-win-11-pro-al16-54p-55ce-158134574/?c=750000000
"HP 15-fc0090ri 15.6"" / 12 Гб / SSD 512 Гб / Win 11 Pro / B4LK13EA#UUQ";329 900 ₸;/p/hp-15-fc0090ri-15-6-12-gb-ssd-512-gb-win-11-pro-b4lk13ea-uuq-149552496/?c=750000000
"Acer NX.D76ER.001S 16"" / 16 Гб / SSD 1500 Гб / Win 11 Pro / AL16-54P-55CE";449 900 ₸;/p/acer-nx-d76er-001s-16-16-gb-ssd-1500-gb-win-11-pro-al16-54p-55ce-158134887/?c=750000000
"ASUS ROG Zephyrus G14 14"" / 32 Гб / SSD 1000 Гб / Win 11 / GA403UI-QS045W / 90NR0HX2-M001K0";2 778 888 ₸;/p/asus-rog-zephyrus-g14-14-32-gb-ssd-1000-gb-win-11-ga403ui-qs045w-90nr0hx2-m001k0-120201100/?c=750000000
"DEXP Aquilon 15.6"" / 8 Гб / SSD 128 Гб / Win 11 / C15-ICW202";400 000 ₸;/p/dexp-aquilon-15-6-8-gb-ssd-128-gb-win-11-c15-icw202-108777980/?c=750000000
"Ноутбук ASUS Vivobook 15.6&#34; / 24 Гб / SSD 2000 Гб / Win 11 Pro / 90NB10T2-M0F440 / X1504VA-BQ827F";649 999 ₸;/p/noutbuk-asus-vivobook-15-6-34-24-gb-ssd-2000-gb-win-11-pro-90nb10t2-m0f440-x1504va-bq827f-157710755/?c=750000000
"ASUS TUF Gaming F16 FX607VJ-RL047T 16"" / 16 Гб / SSD 4000 Гб / Win 11 Pro / 90NR0MZ6-M04T2P3";829 977 ₸;/p/asus-tuf-gaming-f16-fx607vj-rl047t-16-16-gb-ssd-4000-gb-win-11-pro-90nr0mz6-m04t2p3-166694286/?c=750000000
"ASUS TUF Gaming F16 16"" / 24 Гб / SSD 1000 Гб / Win 11 Home / 90NR0KJ2-M00020";1 069 990 ₸;/p/asus-tuf-gaming-f16-16-24-gb-ssd-1000-gb-win-11-home-90nr0kj2-m00020-165759965/?c=750000000
"ASUS Vivobook F1504V 15.6"" / 24 Гб / SSD 2000 Гб / Win 11 Pro / 90NB21Y1-M00K0";489 990 ₸;/p/asus-vivobook-f1504v-15-6-24-gb-ssd-2000-gb-win-11-pro-90nb21y1-m00k0-165737196/?c=750000000
"ASUS Vivobook Go 15 15.6"" / 8 Гб / SSD 256 Гб / Без ОС / E1504GA-BQ287 / 90NB0ZT2-M00D50";800 000 ₸;/p/asus-vivobook-go-15-15-6-8-gb-ssd-256-gb-bez-os-e1504ga-bq287-90nb0zt2-m00d50-113676264/?c=750000000
"ASUS TUF Gaming A15 15.6"" / 32 Гб / SSD 2000 Гб / Win 11 Pro / FA506NFR-HN004B / 90NR0JU7-M0B6T0";738 612 ₸;/p/asus-tuf-gaming-a15-15-6-32-gb-ssd-2000-gb-win-11-pro-fa506nfr-hn004b-90nr0ju7-m0b6t0-131724507/?c=750000000
"Eliv E-140 14"" / 6 Гб / SSD 256 Гб / Win 11 / E-140";105 000 ₸;/p/eliv-e-140-14-6-gb-ssd-256-gb-win-11-e-140-134062373/?c=750000000
"HP 15-fd01270ci 15.6"" / 16 Гб / SSD 512 Гб / Win 11 Pro / AF272EA#UQQ";295 623 ₸;/p/hp-15-fd01270ci-15-6-16-gb-ssd-512-gb-win-11-pro-af272ea-uqq-129220956/?c=750000000
"Acer Aspire Lite AL16-52P 16"" / 8 Гб / SSD 512 Гб / Без ОС / NX.J5RER.001";349 887 ₸;/p/acer-aspire-lite-al16-52p-16-8-gb-ssd-512-gb-bez-os-nx-j5rer-001-135872115/?c=750000000
"MSI Cyborg 15 15.6"" / 16 Гб / SSD 512 Гб / DOS / A13VE-1200XKZ / 9S7-15K111-1200";592 958 ₸;/p/msi-cyborg-15-15-6-16-gb-ssd-512-gb-dos-a13ve-1200xkz-9s7-15k111-1200-120621470/?c=750000000
"Zentek Onix Blaze NX3 16"" / 16 Гб / SSD 512 Гб / Win 11 Pro / ZKPAPI826XX";400 000 ₸;/p/zentek-onix-blaze-nx3-16-16-gb-ssd-512-gb-win-11-pro-zkpapi826xx-122641265/?c=750000000
"Apple MacBook Pro 16 2024 16.2"" / 48 Гб / SSD 512 Гб / macOS / MX2U3RU/A";2 122 512 ₸;/p/apple-macbook-pro-16-2024-16-2-48-gb-ssd-512-gb-macos-mx2u3ru-a-136444800/?c=750000000
"Acer N355 15.6"" / 8 Гб / SSD 512 Гб / Win 11 / NX.J46ER.001";309 990 ₸;/p/acer-n355-15-6-8-gb-ssd-512-gb-win-11-nx-j46er-001-134720160/?c=750000000
"ASUS G815JMR-S9092 18"" / 32 Гб / SSD 1000 Гб / Без ОС / 90NR0LE1-M004U0";1 168 000 ₸;/p/asus-g815jmr-s9092-18-32-gb-ssd-1000-gb-bez-os-90nr0le1-m004u0-144968190/?c=750000000
"Lenovo V15 15.6"" / 8 Гб / SSD 512 Гб / Без ОС / 82YU016YRU";269 000 ₸;/p/lenovo-v15-15-6-8-gb-ssd-512-gb-bez-os-82yu016yru-148440726/?c=750000000
"ASUS Vivobook 15 X1502VA-BQ1277 15.6"" / 16 Гб / SSD 512 Гб / Без ОС / 90NB10T2-M01TL0";418 185 ₸;/p/asus-vivobook-15-x1502va-bq1277-15-6-16-gb-ssd-512-gb-bez-os-90nb10t2-m01tl0-147491063/?c=750000000
"ASUS TUF Gaming A15 15.6"" / 16 Гб / SSD 512 Гб / DOS / FA506ICB-HN119 / 90NR0667-M00J50";498 900 ₸;/p/asus-tuf-gaming-a15-15-6-16-gb-ssd-512-gb-dos-fa506icb-hn119-90nr0667-m00j50-108916754/?c=750000000
"Acer NX.D76ER.001Y 16"" / 8 Гб / SSD 1250 Гб / Win 11 Pro / AL16-54P-55CE";399 888 ₸;/p/acer-nx-d76er-001y-16-8-gb-ssd-1250-gb-win-11-pro-al16-54p-55ce-158134259/?c=750000000
"HP 15-fd1130fwi 15.6"" / 48 Гб / SSD 1000 Гб / Win 11 Pro / CL6V32EA#UUQ";549 989 ₸;/p/hp-15-fd1130fwi-15-6-48-gb-ssd-1000-gb-win-11-pro-cl6v32ea-uuq-152836186/?c=750000000
"ASUS A1605VA-MB2074X 16"" / 24 Гб / SSD 512 Гб / Win 11 / 90NB10N3-M0XK10";429 888 ₸;/p/asus-a1605va-mb2074x-16-24-gb-ssd-512-gb-win-11-90nb10n3-m0xk10-165862919/?c=750000000
"HP 15-fd0531uia 15.6"" 15.6"" / 32 Гб / SSD 256 Гб / Win 11 Pro / B89HWEA";389 888 ₸;/p/hp-15-fd0531uia-15-6-15-6-32-gb-ssd-256-gb-win-11-pro-b89hwea-160537964/?c=750000000
"TECNO K16S 16"" / 8 Гб / SSD 512 Гб / Win 11 Home / K16SAA (4894947120763)";318 990 ₸;/p/tecno-k16s-16-8-gb-ssd-512-gb-win-11-home-k16saa-4894947120763--164872037/?c=750000000
"ASUS F1504VA-NJ825H 15.6"" / 16 Гб / SSD 2000 Гб / Win 11 / 90NB10J2-M0H020";549 900 ₸;/p/asus-f1504va-nj825h-15-6-16-gb-ssd-2000-gb-win-11-90nb10j2-m0h020-162828114/?c=750000000
"HP 15-fd0154qm 15.6"" / 16 Гб / SSD 1000 Гб / Win 11 / BZ1W3UA";499 000 ₸;/p/hp-15-fd0154qm-15-6-16-gb-ssd-1000-gb-win-11-bz1w3ua-160537889/?c=750000000
"ASUS ExpertBook P1403CVA-S61831R 14"" / 16 Гб / SSD 4000 Гб / Win 11 Pro / 90NX0871-M0R2U0";699 900 ₸;/p/asus-expertbook-p1403cva-s61831r-14-16-gb-ssd-4000-gb-win-11-pro-90nx0871-m0r2u0-157415077/?c=750000000
"GIGABYTE GAMING A16 16"" / 16 Гб / SSD 1000 Гб / DOS / 9RGA6AB5THKHJK0KZ000";825 273 ₸;/p/gigabyte-gaming-a16-16-16-gb-ssd-1000-gb-dos-9rga6ab5thkhjk0kz000-164643730/?c=750000000
"Asus ExpertBook 16"" / 16 Гб / SSD 1000 Гб / Win 11 / B3604CVA-Q90132X";535 990 ₸;/p/asus-expertbook-16-16-gb-ssd-1000-gb-win-11-b3604cva-q90132x-161699725/?c=750000000
"ASUS M1502YA-BQ606G 15.6"" / 16 Гб / SSD 512 Гб / Win 11 / 90NB0X21-M0GX10";349 700 ₸;/p/asus-m1502ya-bq606g-15-6-16-gb-ssd-512-gb-win-11-90nb0x21-m0gx10-162830940/?c=750000000
"HP HP 15-fd0218dx 15.6"" / 24 Гб / SSD 1000 Гб / Win 11 Pro / C0CN8UA#ABA";419 900 ₸;/p/hp-hp-15-fd0218dx-15-6-24-gb-ssd-1000-gb-win-11-pro-c0cn8ua-aba-157911260/?c=750000000
"ASUS X1504VA-BQ590A 15.6"" / 12 Гб / SSD 1000 Гб / Win 11 Pro / 90NB13Y1-M0AX70";389 990 ₸;/p/asus-x1504va-bq590a-15-6-12-gb-ssd-1000-gb-win-11-pro-90nb13y1-m0ax70-156909237/?c=750000000
"HP 15-fd0213si 15.6"" 15.6"" / 16 Гб / SSD 1000 Гб / Win 11 Pro / BDV30EA#UQQ";399 888 ₸;/p/hp-15-fd0213si-15-6-15-6-16-gb-ssd-1000-gb-win-11-pro-bdv30ea-uqq-153761859/?c=750000000
"HP 15-fd0213li 15.6"" / 24 Гб / SSD 1000 Гб / Win 11 Pro / BDV37EA#UQQ";449 888 ₸;/p/hp-15-fd0213li-15-6-24-gb-ssd-1000-gb-win-11-pro-bdv37ea-uqq-153720478/?c=750000000
"ASUS A1605VA-MB2074Z 16"" / 16 Гб / SSD 2000 Гб / Win 11 / 90NB10N3-M0ZK10";499 888 ₸;/p/asus-a1605va-mb2074z-16-16-gb-ssd-2000-gb-win-11-90nb10n3-m0zk10-165862936/?c=750000000
"Acer Nitro Lite NL16-71G-549 16"" / 40 Гб / SSD 1000 Гб / Win 11 / NH.D29ER.001P";899 987 ₸;/p/acer-nitro-lite-nl16-71g-549-16-40-gb-ssd-1000-gb-win-11-nh-d29er-001p-162969477/?c=750000000
"HP OmniBook X Flip 2-in-1 Next Gen AI 16-ar0004ci 16"" / 16 Гб / SSD 512 Гб / Win 11 Home / CL6W3EA";589 990 ₸;/p/hp-omnibook-x-flip-2-in-1-next-gen-ai-16-ar0004ci-16-16-gb-ssd-512-gb-win-11-home-cl6w3ea-152436941/?c=750000000
"TECNO Megabook K16SDA 16"" / 16 Гб / SSD 512 Гб / Win 11 Home / K16SDA SPACE GREY 512GB R5";317 420 ₸;/p/tecno-megabook-k16sda-16-16-gb-ssd-512-gb-win-11-home-k16sda-space-grey-512gb-r5-169115900/?c=750000000
"TECNO Megabook K15SDA 15.6"" / 8 Гб / SSD 512 Гб / Win 11 Home / K15SDA SPACE GREY 512TB R5";311 110 ₸;/p/tecno-megabook-k15sda-15-6-8-gb-ssd-512-gb-win-11-home-k15sda-space-grey-512tb-r5-169115867/?c=750000000
"ASUS Vivobook 15 15.6"" / 16 Гб / M.2 512 Гб / DOS / X1504VA-BQ4163";419 953 ₸;/p/asus-vivobook-15-15-6-16-gb-m-2-512-gb-dos-x1504va-bq4163-155737178/?c=750000000
"ASUS TUF Gaming F16 15.6"" / 24 Гб / SSD 2000 Гб / Win 11 Pro / 90NR0MZ6-M0S5K0";679 262 ₸;/p/asus-tuf-gaming-f16-15-6-24-gb-ssd-2000-gb-win-11-pro-90nr0mz6-m0s5k0-156794264/?c=750000000
"ASUS UM5606WA-RK220W 16"" / 32 Гб / SSD 1000 Гб / Win 11 / 90NB13M2-M00CJ0";1 299 888 ₸;/p/asus-um5606wa-rk220w-16-32-gb-ssd-1000-gb-win-11-90nb13m2-m00cj0-123179833/?c=750000000
"Lenovo Legion 9 16"" / 32 Гб / SSD 2000 Гб / Без ОС / 16IRX8 / 83AG001JRK";2 925 888 ₸;/p/lenovo-legion-9-16-32-gb-ssd-2000-gb-bez-os-16irx8-83ag001jrk-116580486/?c=750000000
"HP ProBook 16"" / 24 Гб / SSD 512 Гб / Win 11 Pro / AT7K4AV";760 000 ₸;/p/hp-probook-16-24-gb-ssd-512-gb-win-11-pro-at7k4av-163617838/?c=750000000
"ASUS UM5606WA-RK220W 16"" / 32 Гб / SSD 1000 Гб / Win 11 / 90NB13M2-M00CJ0";1 299 888 ₸;/p/asus-um5606wa-rk220w-16-32-gb-ssd-1000-gb-win-11-90nb13m2-m00cj0-123179833/?c=750000000
"ASUS ExpertBook P1403CVA-S61785L 14"" / 24 Гб / SSD 2000 Гб / Win 11 Pro / 90NX0871-M0L2T0";549 888 ₸;/p/asus-expertbook-p1403cva-s61785l-14-24-gb-ssd-2000-gb-win-11-pro-90nx0871-m0l2t0-154133460/?c=750000000
"HP 15-fd0177ui 15.6"" 15.6"" / 12 Гб / SSD 1000 Гб / Win 11 Pro / BD1V11EA#UUQ";449 900 ₸;/p/hp-15-fd0177ui-15-6-15-6-12-gb-ssd-1000-gb-win-11-pro-bd1v11ea-uuq-154027941/?c=750000000
"Great Asia E156S 15.6"" / 8 Гб / SSD 2048 Гб / Win 10 Pro / TK-E156S";450 000 ₸;/p/great-asia-e156s-15-6-8-gb-ssd-2048-gb-win-10-pro-tk-e156s-132101932/?c=750000000
"ASUS Vivobook R1502VA-BQ1028 15.6"" / 16 Гб / SSD 512 Гб / Win 11 Pro / 90NB11T1-M01DD0";439 980 ₸;/p/asus-vivobook-r1502va-bq1028-15-6-16-gb-ssd-512-gb-win-11-pro-90nb11t1-m01dd0-165866707/?c=750000000
"ASUS 1503CVA-S71265W 15.6"" / 16 Гб / SSD 1024 Гб / Win 11 Home / 90NX0801-M01BH0";531 495 ₸;/p/asus-1503cva-s71265w-15-6-16-gb-ssd-1024-gb-win-11-home-90nx0801-m01bh0-133470686/?c=750000000
"Lenovo IdeaPad Slim 3 16IRH10 16"" / 24 Гб / SSD 512 Гб / Win 11 Pro / 83K26010RK";499 000 ₸;/p/lenovo-ideapad-slim-3-16irh10-16-24-gb-ssd-512-gb-win-11-pro-83k26010rk-136631608/?c=750000000
"ASUS F1504VA-NJ825F 15.6"" / 16 Гб / SSD 512 Гб / Win 11 / 90NB10J2-M0F020";399 899 ₸;/p/asus-f1504va-nj825f-15-6-16-gb-ssd-512-gb-win-11-90nb10j2-m0f020-162827698/?c=750000000
"ASUS ExportBook B3402FV 14"" / 32 Гб / SSD 512 Гб / Win 11 Pro / 90NH07N1-M05MC0";579 990 ₸;/p/asus-exportbook-b3402fv-14-32-gb-ssd-512-gb-win-11-pro-90nh07n1-m05mc0-169111531/?c=750000000
"ASUS Vivobook 15 M1502 15.6"" / 16 Гб / SSD 512 Гб / Win 11 Home / 90NB1841-M00CU0";463 990 ₸;/p/asus-vivobook-15-m1502-15-6-16-gb-ssd-512-gb-win-11-home-90nb1841-m00cu0-156781672/?c=750000000
"ASUS TUF Gaming F16 15.6"" / 16 Гб / SSD 2000 Гб / Win 11 Pro / 90NR0MZ6-M0E5K0";698 698 ₸;/p/asus-tuf-gaming-f16-15-6-16-gb-ssd-2000-gb-win-11-pro-90nr0mz6-m0e5k0-156794287/?c=750000000
"ASUS X1504VA 15.6"" / 16 Гб / SSD 1000 Гб / Win 11 Pro / 90NB10J2-M0JBY0";329 900 ₸;/p/asus-x1504va-15-6-16-gb-ssd-1000-gb-win-11-pro-90nb10j2-m0jby0-154168915/?c=750000000
"HP 15-fd0531tia 15.6"" / 8 Гб / SSD 512 Гб / Win 11 Pro / B87HWEA";269 900 ₸;/p/hp-15-fd0531tia-15-6-8-gb-ssd-512-gb-win-11-pro-b87hwea-160837437/?c=750000000
"Lenovo IdeaPad Slim 3 15IAH8 15.6"" / 16 Гб / SSD 2000 Гб / Win 11 Pro / 83EM309URK";499 999 ₸;/p/lenovo-ideapad-slim-3-15iah8-15-6-16-gb-ssd-2000-gb-win-11-pro-83em309urk-132107150/?c=750000000
"ASUS Vivobook X1404VA-EB271 14"" / 16 Гб / SSD 512 Гб / Win 11 Pro / 90NB13U1-M00FG0";319 990 ₸;/p/asus-vivobook-x1404va-eb271-14-16-gb-ssd-512-gb-win-11-pro-90nb13u1-m00fg0-165759843/?c=750000000
"HP 15-fd0107wri 15.6"" / 40 Гб / SSD 512 Гб / Win 11 Pro / 9U4C8EA#UUQ";429 990 ₸;/p/hp-15-fd0107wri-15-6-40-gb-ssd-512-gb-win-11-pro-9u4c8ea-uuq-139107741/?c=750000000
"Acer Nitro Lite NL16-71G-549 16"" / 40 Гб / SSD 512 Гб / Win 11 / NH.D29ER.001O";799 988 ₸;/p/acer-nitro-lite-nl16-71g-549-16-40-gb-ssd-512-gb-win-11-nh-d29er-001o-162969528/?c=750000000
"ASUS X1504VA-BQ982G 15.6"" / 24 Гб / SSD 512 Гб / Win 11 Pro / 90NB10T2-M0GAZ0";444 990 ₸;/p/asus-x1504va-bq982g-15-6-24-gb-ssd-512-gb-win-11-pro-90nb10t2-m0gaz0-154166108/?c=750000000
"HP HP 15-fd0531xia 15.6"" 15.6"" / 32 Гб / SSD 1000 Гб / Win 11 Pro / B10HWEA";449 888 ₸;/p/hp-hp-15-fd0531xia-15-6-15-6-32-gb-ssd-1000-gb-win-11-pro-b10hwea-160537941/?c=750000000
"ASUS X1704VAP AU1078R 15.6"" / 16 Гб / SSD 1000 Гб / Win 11 / 90nb13x1-m0rl70";449 800 ₸;/p/asus-x1704vap-au1078r-15-6-16-gb-ssd-1000-gb-win-11-90nb13x1-m0rl70-166919660/?c=750000000
"ASUS TUF Gaming A16 16"" / 32 Гб / SSD 512 Гб / Win 11 Pro / FA607NUG-RL117WY";698 673 ₸;/p/asus-tuf-gaming-a16-16-32-gb-ssd-512-gb-win-11-pro-fa607nug-rl117wy-165086825/?c=750000000
"HP ProBook 460 G11 16"" / 8 Гб / SSD 512 Гб / Win 11 Pro / A23H4EA";549 990 ₸;/p/hp-probook-460-g11-16-8-gb-ssd-512-gb-win-11-pro-a23h4ea-162447992/?c=750000000
"Asus ExpertBook P1 15.6"" / 16 Гб / SSD 512 Гб / DOS / 90NX0881-M03120";411 466 ₸;/p/asus-expertbook-p1-15-6-16-gb-ssd-512-gb-dos-90nx0881-m03120-164873004/?c=750000000
"ASUS VivoBook X1504ZA-BQ1498Q 15.6"" / 16 Гб / SSD 1000 Гб / Win 11 Pro / 90NB1022-M0Q5L0";379 419 ₸;/p/asus-vivobook-x1504za-bq1498q-15-6-16-gb-ssd-1000-gb-win-11-pro-90nb1022-m0q5l0-146933573/?c=750000000
"Gooky BT501 14"" / 12 Гб / SSD 256 Гб / Win 10 / HBT501";298 000 ₸;/p/gooky-bt501-14-12-gb-ssd-256-gb-win-10-hbt501-118369123/?c=750000000
"HP 15-fd0531lia 15.6"" / 24 Гб / SSD 256 Гб / Win 11 Pro / B98HWEA";369 900 ₸;/p/hp-15-fd0531lia-15-6-24-gb-ssd-256-gb-win-11-pro-b98hwea-160837520/?c=750000000
"Lunnen Ground 16 16"" / 16 Гб / SSD 512 Гб / Win 11 / LL6FAWG03";1 000 000 ₸;/p/lunnen-ground-16-16-16-gb-ssd-512-gb-win-11-ll6fawg03-140479565/?c=750000000
"Acer Nitro Lite NL16-71G-549 16"" / 8 Гб / SSD 1000 Гб / Win 11 / NH.D29ER.001W";629 000 ₸;/p/acer-nitro-lite-nl16-71g-549-16-8-gb-ssd-1000-gb-win-11-nh-d29er-001w-162969754/?c=750000000
"Acer ASPIRE A715-59G-78KV 15.6"" / 16 Гб / SSD 512 Гб / Win 11 Pro / NH.QX6SA.004";569 990 ₸;/p/acer-aspire-a715-59g-78kv-15-6-16-gb-ssd-512-gb-win-11-pro-nh-qx6sa-004-169109268/?c=750000000
"HP 15-fc0283gi 15.6"" / 20 Гб / SSD 512 Гб / Win 11 Pro / D25P3EA#UUQ";379 888 ₸;/p/hp-15-fc0283gi-15-6-20-gb-ssd-512-gb-win-11-pro-d25p3ea-uuq-160589067/?c=750000000
"HP 15-fd01131fi 15.6"" / 20 Гб / SSD 2000 Гб / Win 11 Pro / CL6V59EA#UUQ";518 359 ₸;/p/hp-15-fd01131fi-15-6-20-gb-ssd-2000-gb-win-11-pro-cl6v59ea-uuq-153380283/?c=750000000
"TECNO K16SDA 16"" / 8 Гб / SSD 512 Гб / Win 11 Home / K16SDA (4894947116995)";299 990 ₸;/p/tecno-k16sda-16-8-gb-ssd-512-gb-win-11-home-k16sda-4894947116995--164986678/?c=750000000
"ASUS Vivobook 14 X1407QA-LY071W 14"" / 16 Гб / SSD 512 Гб / Win 11 Home / 90NB1601-M00760";489 990 ₸;/p/asus-vivobook-14-x1407qa-ly071w-14-16-gb-ssd-512-gb-win-11-home-90nb1601-m00760-164727884/?c=750000000
"ASUS ROG Zephyrus G14 14"" / 32 Гб / SSD 1024 Гб / DOS / GA403UI-QS094W / 90NR0HX2-M004J0";2 778 888 ₸;/p/asus-rog-zephyrus-g14-14-32-gb-ssd-1024-gb-dos-ga403ui-qs094w-90nr0hx2-m004j0-116687002/?c=750000000
"ASUS M1502YA-BQ608U 15.6"" / 24 Гб / SSD 512 Гб / Win 11 Pro / 90NB0X22-M00X30";399 900 ₸;/p/asus-m1502ya-bq608u-15-6-24-gb-ssd-512-gb-win-11-pro-90nb0x22-m00x30-144691844/?c=750000000
"ASUS VivoBook 16 X1605VA-MB1713G 16"" / 40 Гб / SSD 2000 Гб / Win 11 Pro / 90NB10N2-M0M4T0";669 990 ₸;/p/asus-vivobook-16-x1605va-mb1713g-16-40-gb-ssd-2000-gb-win-11-pro-90nb10n2-m0m4t0-146871585/?c=750000000
"ASUS TUF Gaming F16 FX607VJ-RL047O 16"" / 24 Гб / SSD 4000 Гб / Win 11 Pro / 90NR0MZ6-M08T2P7";869 977 ₸;/p/asus-tuf-gaming-f16-fx607vj-rl047o-16-24-gb-ssd-4000-gb-win-11-pro-90nr0mz6-m08t2p7-166694222/?c=750000000
"ASUS X1504VA-BQ590D 15.6"" / 16 Гб / SSD 512 Гб / Win 11 Pro / 90NB13Y1-M0DX70";309 900 ₸;/p/asus-x1504va-bq590d-15-6-16-gb-ssd-512-gb-win-11-pro-90nb13y1-m0dx70-156909182/?c=750000000
"HP 15-fc0940ei 15.6"" / 8 Гб / SSD 1000 Гб / Win 11 Pro / BM0B03EA#UUQ";339 900 ₸;/p/hp-15-fc0940ei-15-6-8-gb-ssd-1000-gb-win-11-pro-bm0b03ea-uuq-141492250/?c=750000000
"ASUS VivoBook 16 X1605VA-MB1713X 16"" / 40 Гб / SSD 512 Гб / Win 11 Pro / 90NB10N2-M0X4T0";529 990 ₸;/p/asus-vivobook-16-x1605va-mb1713x-16-40-gb-ssd-512-gb-win-11-pro-90nb10n2-m0x4t0-146871077/?c=750000000
"ASUS Vivobook 16 16"" / 24 Гб / SSD 512 Гб / DOS / 90NB1832-M00JW0";439 990 ₸;/p/asus-vivobook-16-16-24-gb-ssd-512-gb-dos-90nb1832-m00jw0-164297625/?c=750000000
"ASUS TUF Gaming F16 FX607VU-RL059S 16"" / 24 Гб / SSD 2000 Гб / Win 11 Pro / 90NR0N06-M0S2R0";799 888 ₸;/p/asus-tuf-gaming-f16-fx607vu-rl059s-16-24-gb-ssd-2000-gb-win-11-pro-90nr0n06-m0s2r0-157408452/?c=750000000
"DEXP Atlas 17.3"" / 16 Гб / SSD 512 Гб / Без ОС / M17-I5W305";500 000 ₸;/p/dexp-atlas-17-3-16-gb-ssd-512-gb-bez-os-m17-i5w305-116130655/?c=750000000
"ASUS ROG Zephyrus G14 14"" / 32 Гб / SSHD 1000 Гб / Win 11 Home / GA403UI-QS045W / 90NR0HX2-M001K0";2 778 888 ₸;/p/asus-rog-zephyrus-g14-14-32-gb-sshd-1000-gb-win-11-home-ga403ui-qs045w-90nr0hx2-m001k0-120225523/?c=750000000
"ASUS G614FH-OS94 16"" / 16 Гб / SSD 1000 Гб / Win 11 Home / 90NR0L07-M00050";869 990 ₸;/p/asus-g614fh-os94-16-16-gb-ssd-1000-gb-win-11-home-90nr0l07-m00050-165086278/?c=750000000
"ASUS X1504VA-BQ3122R 15.6"" / 24 Гб / SSD 512 Гб / Win 11 Pro / 90NB13Y1-M012H0";399 890 ₸;/p/asus-x1504va-bq3122r-15-6-24-gb-ssd-512-gb-win-11-pro-90nb13y1-m012h0-144514182/?c=750000000
"ASUS Vivobook X1404V 14"" / 24 Гб / SSD 2000 Гб / Win 11 Pro / 90NB20U1-M00FH0";459 990 ₸;/p/asus-vivobook-x1404v-14-24-gb-ssd-2000-gb-win-11-pro-90nb20u1-m00fh0-165749862/?c=750000000
"ASUS S3607VA-RP011W 16"" / 16 Гб / SSD 512 Гб / Win 11 Pro / 90NB1671-M0W4V0";499 800 ₸;/p/asus-s3607va-rp011w-16-16-gb-ssd-512-gb-win-11-pro-90nb1671-m0w4v0-154899548/?c=750000000
"ASUS FA506NCG-HN191R 15.6"" / 16 Гб / SSD 4000 Гб / Win 11 Pro / 90NR0JF7-M0RMB0";749 880 ₸;/p/asus-fa506ncg-hn191r-15-6-16-gb-ssd-4000-gb-win-11-pro-90nr0jf7-m0rmb0-154502270/?c=750000000
"ASUS ExpertBook 14"" / 16 Гб / SSD 2000 Гб / Win 11 Pro / 90NH07N1-M04MC0";649 990 ₸;/p/asus-expertbook-14-16-gb-ssd-2000-gb-win-11-pro-90nh07n1-m04mc0-169111217/?c=750000000
"HP HP 15-fc0154li 15.6"" / 24 Гб / SSD 512 Гб / Win 11 Pro / D2GP6EA#UUQ";349 255 ₸;/p/hp-hp-15-fc0154li-15-6-24-gb-ssd-512-gb-win-11-pro-d2gp6ea-uuq-157005503/?c=750000000
"ASUS X1504ZA-BQ591F 15.6"" / 16 Гб / SSD 1000 Гб / Win 11 Pro / 90NB13Y2-M0FX80";379 900 ₸;/p/asus-x1504za-bq591f-15-6-16-gb-ssd-1000-gb-win-11-pro-90nb13y2-m0fx80-154663272/?c=750000000
"Zentek S03G 15.6"" / 16 Гб / SSD 512 Гб / Win 10 Pro / ZKS03G";226 000 ₸;/p/zentek-s03g-15-6-16-gb-ssd-512-gb-win-10-pro-zks03g-140425361/?c=750000000
"ASUS X1504ZA-BQ1104MAX 15.6"" / 40 Гб / SSD 1000 Гб / Win 11 Pro / 90NB1022-MP1MB0";499 900 ₸;/p/asus-x1504za-bq1104max-15-6-40-gb-ssd-1000-gb-win-11-pro-90nb1022-mp1mb0-121640690/?c=750000000
"ASUS F1504VA-NJ825S 15.6"" / 12 Гб / SSD 1000 Гб / Win 11 / 90NB10J2-M0S020";399 900 ₸;/p/asus-f1504va-nj825s-15-6-12-gb-ssd-1000-gb-win-11-90nb10j2-m0s020-162829524/?c=750000000
"ASUS TUF Gaming A15 FA506NF-HN102 15.6"" / 16 Гб / SSD 512 Гб / Без ОС / 90NR0JE7-M008C0";459 990 ₸;/p/asus-tuf-gaming-a15-fa506nf-hn102-15-6-16-gb-ssd-512-gb-bez-os-90nr0je7-m008c0-144258320/?c=750000000
"HP Victus 16.1"" / 16 Гб / SSD 512 Гб / Без ОС / 6X7Q6EA";799 999 ₸;/p/hp-victus-16-1-16-gb-ssd-512-gb-bez-os-6x7q6ea-134072860/?c=750000000
"ASUS X1504VA-BQ3122S 15.6"" / 24 Гб / SSD 2000 Гб / Win 11 Pro / 90NB13Y1-M012H0";499 990 ₸;/p/asus-x1504va-bq3122s-15-6-24-gb-ssd-2000-gb-win-11-pro-90nb13y1-m012h0-144514187/?c=750000000
"HP 15-fd1130hwi 15.6"" / 64 Гб / SSD 512 Гб / Win 11 Pro / CL6V34EA#UUQ";539 989 ₸;/p/hp-15-fd1130hwi-15-6-64-gb-ssd-512-gb-win-11-pro-cl6v34ea-uuq-152835994/?c=750000000
"KML PJ161-3 16.1"" / 32 Гб / SSD 1024 Гб / Win 11 Pro / PJ161-3";620 990 ₸;/p/kml-pj161-3-16-1-32-gb-ssd-1024-gb-win-11-pro-pj161-3-159510622/?c=750000000
"ASUS VivoBook 15X X1504VA-BQ579 15.6"" / 16 Гб / SSD 512 Гб / DOS / 90NB13Y1-M000K0";309 900 ₸;/p/asus-vivobook-15x-x1504va-bq579-15-6-16-gb-ssd-512-gb-dos-90nb13y1-m000k0-121803020/?c=750000000
"HP Laptop 15fd-1003nq 15.6"" / 48 Гб / SSD 2000 Гб / Win 11 Pro / D0BA2EA#AKE";589 930 ₸;/p/hp-laptop-15fd-1003nq-15-6-48-gb-ssd-2000-gb-win-11-pro-d0ba2ea-ake-165526327/?c=750000000
"HP 15-fc0283ti 15.6"" / 12 Гб / SSD 1000 Гб / Win 11 Pro / D22P3EA#UUQ";389 888 ₸;/p/hp-15-fc0283ti-15-6-12-gb-ssd-1000-gb-win-11-pro-d22p3ea-uuq-160588917/?c=750000000
"HP 15-fd0531sia 15.6"" 15.6"" / 32 Гб / SSD 1000 Гб / Win 11 Pro / B91HWEA";449 888 ₸;/p/hp-15-fd0531sia-15-6-15-6-32-gb-ssd-1000-gb-win-11-pro-b91hwea-160538182/?c=750000000
"ASUS X1504VA-BQ008R 15.6"" / 8 Гб / SSD 1000 Гб / Win 11 Pro / 90NB10J2-M0RBY0";299 888 ₸;/p/asus-x1504va-bq008r-15-6-8-gb-ssd-1000-gb-win-11-pro-90nb10j2-m0rby0-157710131/?c=750000000
"ASUS X1704VAP AU1017Q 17.3"" / 16 Гб / SSD 256 Гб / Win 11 / 90NB13X2-M0QJ00";399 900 ₸;/p/asus-x1704vap-au1017q-17-3-16-gb-ssd-256-gb-win-11-90nb13x2-m0qj00-166919292/?c=750000000
"ASUS ExpertBook B3402FV 14"" / 16 Гб / SSD 1000 Гб / Win 11 Pro / 90NH07N1-M03MD0";599 990 ₸;/p/asus-expertbook-b3402fv-14-16-gb-ssd-1000-gb-win-11-pro-90nh07n1-m03md0-169111995/?c=750000000
"ASUS ExpertBook B3402FV 14"" / 16 Гб / SSD 2000 Гб / Win 11 Pro / 90NH07N1-M04MD0";679 990 ₸;/p/asus-expertbook-b3402fv-14-16-gb-ssd-2000-gb-win-11-pro-90nh07n1-m04md0-169112014/?c=750000000
"HP HP 15-fc0154qi 15.6"" / 8 Гб / SSD 1000 Гб / Win 11 Pro / D2GP6EA#UUQ";382 871 ₸;/p/hp-hp-15-fc0154qi-15-6-8-gb-ssd-1000-gb-win-11-pro-d2gp6ea-uuq-157005432/?c=750000000
"ASUS ExpertBook B3402FV 14"" / 32 Гб / SSD 2000 Гб / Win 11 Pro / 90NH07N1-M07MC0";699 990 ₸;/p/asus-expertbook-b3402fv-14-32-gb-ssd-2000-gb-win-11-pro-90nh07n1-m07mc0-169111549/?c=750000000
"ASUS ExpertBook P1403CVA-S61785P 14"" / 16 Гб / SSD 1000 Гб / Win 11 Pro / 90NX0871-M0P2T0";449 900 ₸;/p/asus-expertbook-p1403cva-s61785p-14-16-gb-ssd-1000-gb-win-11-pro-90nx0871-m0p2t0-154133422/?c=750000000
"ASUS M1502YA-BQ579T 15.6"" / 16 Гб / SSD 1000 Гб / Win 11 Pro / 90NB0X21-M0TVR0";399 000 ₸;/p/asus-m1502ya-bq579t-15-6-16-gb-ssd-1000-gb-win-11-pro-90nb0x21-m0tvr0-156282012/?c=750000000
"Lenovo Legion Pro 7 16IRX9H 16"" / 32 Гб / SSD 1024 Гб / Без ОС / 83DE004HRK";2 828 888 ₸;/p/lenovo-legion-pro-7-16irx9h-16-32-gb-ssd-1024-gb-bez-os-83de004hrk-134976693/?c=750000000
"ASUS ExpertBook P1403CVA-S61785S 14"" / 16 Гб / SSD 4000 Гб / Win 11 Pro / 90NX0871-M0S2T0";699 900 ₸;/p/asus-expertbook-p1403cva-s61785s-14-16-gb-ssd-4000-gb-win-11-pro-90nx0871-m0s2t0-154133378/?c=750000000
"ASUS TUF Gaming A15 15.6"" / 16 Гб / SSD 512 Гб / DOS / FA507RF-HN019 / 90NR0HA1-M002X0";499 900 ₸;/p/asus-tuf-gaming-a15-15-6-16-gb-ssd-512-gb-dos-fa507rf-hn019-90nr0ha1-m002x0-110085482/?c=750000000
"ASUS Vivobook 15 15.6"" / 16 Гб / SSD 512 Гб / Win 11 Home / 90NB1841-M00H70";459 214 ₸;/p/asus-vivobook-15-15-6-16-gb-ssd-512-gb-win-11-home-90nb1841-m00h70-164705263/?c=750000000
"ASUS A1605VA-MB2074W 16"" / 8 Гб / SSD 512 Гб / Win 11 / 90NB10N3-M0WK10";349 900 ₸;/p/asus-a1605va-mb2074w-16-8-gb-ssd-512-gb-win-11-90nb10n3-m0wk10-165862911/?c=750000000
"HP HP 15-fd0531zia 15.6"" 15.6"" / 32 Гб / SSD 512 Гб / Win 11 Pro / B99HWEA";399 900 ₸;/p/hp-hp-15-fd0531zia-15-6-15-6-32-gb-ssd-512-gb-win-11-pro-b99hwea-160537928/?c=750000000
"KUU YEPBOOK 16 512 15.6"" / 16 Гб / SSD 512 Гб / Win 10 Pro / YEPBOOK 16 512";661 500 ₸;/p/kuu-yepbook-16-512-15-6-16-gb-ssd-512-gb-win-10-pro-yepbook-16-512-115705092/?c=750000000
"Acer Nitro V 15 15.6"" / 8 Гб / SSD 512 Гб / Без ОС / ANV15-51-59RM / NH.QNDEM.001";399 900 ₸;/p/acer-nitro-v-15-15-6-8-gb-ssd-512-gb-bez-os-anv15-51-59rm-nh-qndem-001-130906862/?c=750000000
"HP 15-fc0283ki 15.6"" / 24 Гб / SSD 1000 Гб / Win 11 Pro / D28P3EA#UUQ";479 888 ₸;/p/hp-15-fc0283ki-15-6-24-gb-ssd-1000-gb-win-11-pro-d28p3ea-uuq-160588956/?c=750000000
"ASUS ExpertBook P1 14"" / 16 Гб / SSD 512 Гб / Win 11 Pro / 90NX0871-M024L0";540 345 ₸;/p/asus-expertbook-p1-14-16-gb-ssd-512-gb-win-11-pro-90nx0871-m024l0-160383901/?c=750000000
"HP 15-fd0107qri 15.6"" / 24 Гб / SSD 1000 Гб / Win 11 Pro / 9U4C8EA#UUQ";389 989 ₸;/p/hp-15-fd0107qri-15-6-24-gb-ssd-1000-gb-win-11-pro-9u4c8ea-uuq-138968997/?c=750000000
"HP 15-fd0177ki 15.6"" / 24 Гб / SSD 256 Гб / Win 11 Pro / BD1V22EA#UUQ";449 888 ₸;/p/hp-15-fd0177ki-15-6-24-gb-ssd-256-gb-win-11-pro-bd1v22ea-uuq-154025967/?c=750000000
"Acer Aspire 7 A715-59G-78KV 15.6"" / 24 Гб / SSD 2000 Гб / Win 11 Pro / NH.QX6SA.008";699 990 ₸;/p/acer-aspire-7-a715-59g-78kv-15-6-24-gb-ssd-2000-gb-win-11-pro-nh-qx6sa-008-169110449/?c=750000000
"ASUS X1504VA-BQ590J 15.6"" / 24 Гб / SSD 1000 Гб / Win 11 Pro / 90NB13Y1-M0JX70";429 900 ₸;/p/asus-x1504va-bq590j-15-6-24-gb-ssd-1000-gb-win-11-pro-90nb13y1-m0jx70-156909016/?c=750000000
"ASUS A1605VA-MB2074R 16"" / 12 Гб / SSD 512 Гб / Win 11 / 90NB10N3-M0RK10";349 900 ₸;/p/asus-a1605va-mb2074r-16-12-gb-ssd-512-gb-win-11-90nb10n3-m0rk10-165862884/?c=750000000
"HP 15-fd0531tia 15.6"" 15.6"" / 32 Гб / SSD 512 Гб / Win 11 Pro / B87HWEA";399 888 ₸;/p/hp-15-fd0531tia-15-6-15-6-32-gb-ssd-512-gb-win-11-pro-b87hwea-160538218/?c=750000000
"ASUS Vivobook 15 (X1504VA-BQ5524W) 15.6"" / 8 Гб / SSD 512 Гб / Win 11 / 90NB13Y2-M037Z0";299 900 ₸;/p/asus-vivobook-15-x1504va-bq5524w-15-6-8-gb-ssd-512-gb-win-11-90nb13y2-m037z0-163678623/?c=750000000
"ASUS X1504VA-BQ830R 15.6"" / 16 Гб / SSD 2000 Гб / Win 11 Pro / 90NB10T2-M0R470";569 989 ₸;/p/asus-x1504va-bq830r-15-6-16-gb-ssd-2000-gb-win-11-pro-90nb10t2-m0r470-149587339/?c=750000000
"HP 15-fc0214ci 15.6"" / 8 Гб / SSD 512 Гб / Без ОС / D2GP0EA";289 900 ₸;/p/hp-15-fc0214ci-15-6-8-gb-ssd-512-gb-bez-os-d2gp0ea-155477216/?c=750000000
"HP 15-fd0301ci 15.6"" / 16 Гб / SSD 512 Гб / Без ОС / D2GT2EA";469 990 ₸;/p/hp-15-fd0301ci-15-6-16-gb-ssd-512-gb-bez-os-d2gt2ea-155609914/?c=750000000
"HP 15-fc0251ci 15.6"" / 16 Гб / SSD 512 Гб / Win 11 Home / D74B5EA";339 900 ₸;/p/hp-15-fc0251ci-15-6-16-gb-ssd-512-gb-win-11-home-d74b5ea-163123373/?c=750000000
"HP 15-fd0531gia 15.6"" / 16 Гб / SSD 1000 Гб / Win 11 Pro / B94HWEA";349 900 ₸;/p/hp-15-fd0531gia-15-6-16-gb-ssd-1000-gb-win-11-pro-b94hwea-160837547/?c=750000000
"ASUS FX507ZC4-HN078HW 15.6"" / 16 Гб / SSD 1000 Гб / Win 11 Pro / 90NR0GW1-M0HA40";699 900 ₸;/p/asus-fx507zc4-hn078hw-15-6-16-gb-ssd-1000-gb-win-11-pro-90nr0gw1-m0ha40-121596097/?c=750000000
"ASUS TUF Gaming A15 15.6"" / 16 Гб / SSD 512 Гб / DOS / FA506NF-HN060 / 90NR0JE7-M00550";448 999 ₸;/p/asus-tuf-gaming-a15-15-6-16-gb-ssd-512-gb-dos-fa506nf-hn060-90nr0je7-m00550-117168511/?c=750000000
"ThundeRobot 911 X Wild Hunter G2 XP 15.6"" / 32 Гб / SSD 1000 Гб / Win 11 Pro / JT009400GRU";780 990 ₸;/p/thunderobot-911-x-wild-hunter-g2-xp-15-6-32-gb-ssd-1000-gb-win-11-pro-jt009400gru-120383719/?c=750000000
"ASUS TUF Gaming A16 FA607NUG-WH73S 16"" / 64 Гб / SSD 1000 Гб / Win 11 Pro / 90NR0MU3-M10AT0";959 990 ₸;/p/asus-tuf-gaming-a16-fa607nug-wh73s-16-64-gb-ssd-1000-gb-win-11-pro-90nr0mu3-m10at0-148573193/?c=750000000
"ASUS Rog Strix 16"" / 16 Гб / SSD 1024 Гб / Без ОС / G615JM-RV020 / 90NR0N61-M000R0";789 990 ₸;/p/asus-rog-strix-16-16-gb-ssd-1024-gb-bez-os-g615jm-rv020-90nr0n61-m000r0-141359560/?c=750000000
"ASUS TUF Gaming F16 16"" / 16 Гб / SSD 512 Гб / Без ОС / 90NR0N06-M002T0";539 900 ₸;/p/asus-tuf-gaming-f16-16-16-gb-ssd-512-gb-bez-os-90nr0n06-m002t0-143254779/?c=750000000
"ASUS TUF Gaming F15 15.6"" / 16 Гб / SSD 512 Гб / Без ОС / FX507ZC4-HN299";573 205 ₸;/p/asus-tuf-gaming-f15-15-6-16-gb-ssd-512-gb-bez-os-fx507zc4-hn299-120456594/?c=750000000
"ASUS Vivobook 15 X1504ZA 15.6"" / 8 Гб / SSD 512 Гб / Win 11 / 90NB1022-M02070";289 899 ₸;/p/asus-vivobook-15-x1504za-15-6-8-gb-ssd-512-gb-win-11-90nb1022-m02070-121816088/?c=750000000
"YAMI Notebook HX15 + Real2 black 15.6"" / 12 Гб / SSD 512 Гб / Win 10 / Notebook HX15 + Real2 black";163 990 ₸;/p/yami-notebook-hx15-real2-black-15-6-12-gb-ssd-512-gb-win-10-notebook-hx15-real2-black-151169615/?c=750000000
"ASUS Vivobook 16 16"" / 16 Гб / SSD 1024 Гб / Без ОС / V3607VU-RP092 / 90NB15Q1-M00CV0";639 970 ₸;/p/asus-vivobook-16-16-16-gb-ssd-1024-gb-bez-os-v3607vu-rp092-90nb15q1-m00cv0-135242968/?c=750000000
"HP 15-fc0150ci 15.6"" / 16 Гб / SSD 512 Гб / Без ОС / BL1V5EA";299 887 ₸;/p/hp-15-fc0150ci-15-6-16-gb-ssd-512-gb-bez-os-bl1v5ea-140586336/?c=750000000
"Apple MacBook Air 15 2024 15.3"" / 24 Гб / SSD 512 Гб / macOS / MC9J4";929 990 ₸;/p/apple-macbook-air-15-2024-15-3-24-gb-ssd-512-gb-macos-mc9j4-132088857/?c=750000000
"ASUS Vivobook S 15 S5507QA-MA079W 15.6"" / 32 Гб / SSD 1000 Гб / Win 11 / 90NB14Q2-M007Y0";1 288 888 ₸;/p/asus-vivobook-s-15-s5507qa-ma079w-15-6-32-gb-ssd-1000-gb-win-11-90nb14q2-m007y0-121667160/?c=750000000
"HP 15-fd0531xia 15.6"" / 24 Гб / SSD 1000 Гб / Win 11 Pro / B10HWEA";399 900 ₸;/p/hp-15-fd0531xia-15-6-24-gb-ssd-1000-gb-win-11-pro-b10hwea-160837395/?c=750000000
"ASUS ProArt P16 16"" / 32 Гб / SSD 1000 Гб / Win 11 Pro / H7606WV-ME071X / 90NB1411-M00300";2 428 888 ₸;/p/asus-proart-p16-16-32-gb-ssd-1000-gb-win-11-pro-h7606wv-me071x-90nb1411-m00300-132387801/?c=750000000
"Lenovo Legion Pro 7 16"" / 32 Гб / SSD 1000 Гб / Без ОС / 16IRX8 / 82WR0012RK";2 565 888 ₸;/p/lenovo-legion-pro-7-16-32-gb-ssd-1000-gb-bez-os-16irx8-82wr0012rk-110388808/?c=750000000
"ASUS X1504VA-BQ830S 15.6"" / 20 Гб / SSD 2000 Гб / Win 11 Pro / 90NB10T2-M0S470";569 989 ₸;/p/asus-x1504va-bq830s-15-6-20-gb-ssd-2000-gb-win-11-pro-90nb10t2-m0s470-149587323/?c=750000000
"TAAZA-V10PRO 15.6"" / 16 Гб / SSD 512 Гб / Win 11 / TAZADEMV10PRO";1 200 000 ₸;/p/taaza-v10pro-15-6-16-gb-ssd-512-gb-win-11-tazademv10pro-138246205/?c=750000000
"ASUS Vivobook F1504V 15.6"" / 16 Гб / SSD 512 Гб / Win 11 Home / 90NB13Y1-M00K0";359 990 ₸;/p/asus-vivobook-f1504v-15-6-16-gb-ssd-512-gb-win-11-home-90nb13y1-m00k0-165612105/?c=750000000
"ASUS Vivobook F1504V 15.6"" / 24 Гб / SSD 512 Гб / Win 11 Pro / 90NB19Y1-M00K0";399 990 ₸;/p/asus-vivobook-f1504v-15-6-24-gb-ssd-512-gb-win-11-pro-90nb19y1-m00k0-165737156/?c=750000000
"ASUS X1504VA-BQ590F 15.6"" / 16 Гб / SSD 1000 Гб / Win 11 Pro / 90NB13Y1-M0FX70";369 900 ₸;/p/asus-x1504va-bq590f-15-6-16-gb-ssd-1000-gb-win-11-pro-90nb13y1-m0fx70-156909157/?c=750000000
"ASUS X1504VA-BQ008J 15.6"" / 16 Гб / SSD 1000 Гб / Win 11 Pro / 90NB10J2-M0JBY0";329 900 ₸;/p/asus-x1504va-bq008j-15-6-16-gb-ssd-1000-gb-win-11-pro-90nb10j2-m0jby0-157710280/?c=750000000
"ASUS VivoBook 15 F1504VA-NJ825 15.6"" / 12 Гб / M.2 512 Гб / Без ОС / 90NB10J2-M01020";349 900 ₸;/p/asus-vivobook-15-f1504va-nj825-15-6-12-gb-m-2-512-gb-bez-os-90nb10j2-m01020-162268676/?c=750000000
"Lenovo IdeaPad 3 15.6"" / 8 Гб / SSD 512 Гб / DOS / 15ITL6 / 82H802NKRK";323 610 ₸;/p/lenovo-ideapad-3-15-6-8-gb-ssd-512-gb-dos-15itl6-82h802nkrk-107333041/?c=750000000
"ASUS ProArt P16 (H7606WV-ME080X) 16"" / 32 Гб / SSD 1000 Гб / Win 11 Pro / 90NB1411-M003Z0";1 818 888 ₸;/p/asus-proart-p16-h7606wv-me080x-16-32-gb-ssd-1000-gb-win-11-pro-90nb1411-m003z0-123276712/?c=750000000
"Acer NX.D76ER.001D 16"" / 24 Гб / SSD 750 Гб / Win 11 Pro / AL16-54P-55CE";399 888 ₸;/p/acer-nx-d76er-001d-16-24-gb-ssd-750-gb-win-11-pro-al16-54p-55ce-158135589/?c=750000000
"ASUS Vivobook 16 A1605VA-MB2074 16"" / 16 Гб / SSD 1000 Гб / DOS / 90NB10N3-M02K10";399 900 ₸;/p/asus-vivobook-16-a1605va-mb2074-16-16-gb-ssd-1000-gb-dos-90nb10n3-m02k10-165609646/?c=750000000
"ASUS Vivobook F1504V 15.6"" / 24 Гб / SSD 1000 Гб / Win 11 Pro / 90NB18Y1-M00K0";419 990 ₸;/p/asus-vivobook-f1504v-15-6-24-gb-ssd-1000-gb-win-11-pro-90nb18y1-m00k0-165737181/?c=750000000
"Chuwi CoreBook X 14"" / 8 Гб / SSD 256 Гб / Win 11 /";169 990 ₸;/p/chuwi-corebook-x-14-8-gb-ssd-256-gb-win-11--110566668/?c=750000000
"ASUS X1704VAP AU1078Q 17.3"" / 16 Гб / SSD 256 Гб / Win 11 / 90NB13X1-M0QL70";399 900 ₸;/p/asus-x1704vap-au1078q-17-3-16-gb-ssd-256-gb-win-11-90nb13x1-m0ql70-166919551/?c=750000000
"HP HP 15-fd0177gi 15.6"" 15.6"" / 20 Гб / SSD 512 Гб / Win 11 Pro / BD1V19EA#UUQ";449 888 ₸;/p/hp-hp-15-fd0177gi-15-6-15-6-20-gb-ssd-512-gb-win-11-pro-bd1v19ea-uuq-154028132/?c=750000000
"Acer Nitro Lite NL16-71G-549 16"" / 16 Гб / SSD 2000 Гб / Win 11 / NH.D29ER.001T";799 987 ₸;/p/acer-nitro-lite-nl16-71g-549-16-16-gb-ssd-2000-gb-win-11-nh-d29er-001t-162969616/?c=750000000
"ASUS X1504VA-BQ008Q 15.6"" / 8 Гб / SSD 512 Гб / Win 11 Pro / 90NB10J2-M0QBY0";269 000 ₸;/p/asus-x1504va-bq008q-15-6-8-gb-ssd-512-gb-win-11-pro-90nb10j2-m0qby0-157710143/?c=750000000
"Acer Aspire Lite 16"" / 40 Гб / SSD 2000 Гб / Win 11 Pro / NX.J5RER.002FW";539 988 ₸;/p/acer-aspire-lite-16-40-gb-ssd-2000-gb-win-11-pro-nx-j5rer-002fw-140590876/?c=750000000
"HP HP 15-fc0154ti 15.6"" / 24 Гб / SSD 1000 Гб / Win 11 Pro / D2GP6EA#UUQ";438 014 ₸;/p/hp-hp-15-fc0154ti-15-6-24-gb-ssd-1000-gb-win-11-pro-d2gp6ea-uuq-157006045/?c=750000000
"ASUS Vivobook 16 M1605NAQ-MB247 16"" / 24 Гб / SSD 512 Гб / DOS / 90NB1832-M00DF0";399 990 ₸;/p/asus-vivobook-16-m1605naq-mb247-16-24-gb-ssd-512-gb-dos-90nb1832-m00df0-163545541/?c=750000000
"ASUS ExpertBook B4302FV 14"" / 32 Гб / SSD 512 Гб / Win 11 Pro / 90NH07N1-M05MDO";619 990 ₸;/p/asus-expertbook-b4302fv-14-32-gb-ssd-512-gb-win-11-pro-90nh07n1-m05mdo-169112026/?c=750000000
"ASUS TUF Gaming A16 16"" / 16 Гб / SSD 2000 Гб / Win 11 Pro / FA607NUG-RL117WE";699 892 ₸;/p/asus-tuf-gaming-a16-16-16-gb-ssd-2000-gb-win-11-pro-fa607nug-rl117we-165039903/?c=750000000
"ASUS TUF Gaming F16 FX607VJ-RL047Y 16"" / 24 Гб / SSD 512 Гб / Win 11 Pro / 90NR0MZ6-M05T2P4";559 978 ₸;/p/asus-tuf-gaming-f16-fx607vj-rl047y-16-24-gb-ssd-512-gb-win-11-pro-90nr0mz6-m05t2p4-166694279/?c=750000000
"ASUS VivoBook 15 X1504VA 15.6"" / 16 Гб / SSD 512 Гб / DOS / 90NB13Y1-M024B0";419 900 ₸;/p/asus-vivobook-15-x1504va-15-6-16-gb-ssd-512-gb-dos-90nb13y1-m024b0-154456004/?c=750000000
"ASUS M1502YA-BQ606T 15.6"" / 12 Гб / SSD 1000 Гб / Win 11 / 90NB0X21-M0TX10";389 900 ₸;/p/asus-m1502ya-bq606t-15-6-12-gb-ssd-1000-gb-win-11-90nb0x21-m0tx10-162831913/?c=750000000
"Acer Nitro 5 17.3"" / 8 Гб / SSD 512 Гб / Linux / AN517-55-70UE / NH.QG2ER.007";1 099 999 ₸;/p/acer-nitro-5-17-3-8-gb-ssd-512-gb-linux-an517-55-70ue-nh-qg2er-007-106748623/?c=750000000
"ASUS M1502YA-BQ606Q 15.6"" / 8 Гб / SSD 1000 Гб / Win 11 / 90NB0X21-M0QX10";349 900 ₸;/p/asus-m1502ya-bq606q-15-6-8-gb-ssd-1000-gb-win-11-90nb0x21-m0qx10-162831518/?c=750000000
"HP 15-fd0531mia 15.6"" / 32 Гб / SSD 1000 Гб / Win 11 Pro / B13HWEA";499 900 ₸;/p/hp-15-fd0531mia-15-6-32-gb-ssd-1000-gb-win-11-pro-b13hwea-160837510/?c=750000000
"ASUS Vivobook X1404VA-EB1183 14"" / 24 Гб / SSD 1000 Гб / Win 11 Pro / 90NB18U2-M00J80";389 990 ₸;/p/asus-vivobook-x1404va-eb1183-14-24-gb-ssd-1000-gb-win-11-pro-90nb18u2-m00j80-165749981/?c=750000000
"HP Laptop 15fd-1003nq 15.6"" / 48 Гб / SSD 1000 Гб / Win 11 Pro / D0GL2EA#AKE";549 950 ₸;/p/hp-laptop-15fd-1003nq-15-6-48-gb-ssd-1000-gb-win-11-pro-d0gl2ea-ake-165526272/?c=750000000
"HP 15-fc0283ri 15.6"" / 12 Гб / SSD 512 Гб / Win 11 Pro / D21P3EA#UUQ";349 887 ₸;/p/hp-15-fc0283ri-15-6-12-gb-ssd-512-gb-win-11-pro-d21p3ea-uuq-160588936/?c=750000000
"Acer A16-54P-39U1 16"" / 24 Гб / SSD 1000 Гб / Win 11 / NX.D75EM.017";379 989 ₸;/p/acer-a16-54p-39u1-16-24-gb-ssd-1000-gb-win-11-nx-d75em-017-166694908/?c=750000000
"HP Laptop 15fd-1003nq 15.6"" / 48 Гб / SSD 1000 Гб / Win 11 Pro / D0GL2EA#AKE";549 950 ₸;/p/hp-laptop-15fd-1003nq-15-6-48-gb-ssd-1000-gb-win-11-pro-d0gl2ea-ake-165526272/?c=750000000
"HP 15-FD0121CI 15.6"" / 8 Гб / SSD 512 Гб / DOS / A2LR5EA";298 870 ₸;/p/hp-15-fd0121ci-15-6-8-gb-ssd-512-gb-dos-a2lr5ea-122098642/?c=750000000
"Acer A16-54P-39U1 16"" / 32 Гб / SSD 512 Гб / Win 11 / NX.D75EM.019";389 989 ₸;/p/acer-a16-54p-39u1-16-32-gb-ssd-512-gb-win-11-nx-d75em-019-166694838/?c=750000000
"ASUS X1704VAP AU1078W 17.3"" / 16 Гб / SSD 512 Гб / Win 11 / 90NB13X1-M0WL70";399 888 ₸;/p/asus-x1704vap-au1078w-17-3-16-gb-ssd-512-gb-win-11-90nb13x1-m0wl70-166919759/?c=750000000
"HP 15-fd01131zi 15.6"" / 32 Гб / SSD 2000 Гб / Win 11 Pro / CL6V59EA#UUQ";599 888 ₸;/p/hp-15-fd01131zi-15-6-32-gb-ssd-2000-gb-win-11-pro-cl6v59ea-uuq-153382301/?c=750000000
"Acer Nitro Lite NL16-71G-549 16"" / 16 Гб / SSD 1000 Гб / Win 11 / NH.D29ER.001R";714 384 ₸;/p/acer-nitro-lite-nl16-71g-549-16-16-gb-ssd-1000-gb-win-11-nh-d29er-001r-162969646/?c=750000000
"HP Laptop 15fd-1003nq 15.6"" / 32 Гб / SSD 2000 Гб / Win 11 Pro / D0BC2EA#AKE";548 697 ₸;/p/hp-laptop-15fd-1003nq-15-6-32-gb-ssd-2000-gb-win-11-pro-d0bc2ea-ake-165526205/?c=750000000
"Lenovo 15IAU7 15.6"" / 8 Гб / SSD 512 Гб / Win 11 Pro / 83RK0196RK";314 984 ₸;/p/lenovo-15iau7-15-6-8-gb-ssd-512-gb-win-11-pro-83rk0196rk-156636666/?c=750000000
"ASUS FA506NCG-HN191K 15.6"" / 28 Гб / SSD 4000 Гб / Win 11 Pro / 90NR0JF7-M0KMB0";819 980 ₸;/p/asus-fa506ncg-hn191k-15-6-28-gb-ssd-4000-gb-win-11-pro-90nr0jf7-m0kmb0-154503718/?c=750000000
"HP EliteBook 6 G1i 14"" / 16 Гб / SSD 512 Гб / Win 11 Pro / AD3Q2ET";760 884 ₸;/p/hp-elitebook-6-g1i-14-16-gb-ssd-512-gb-win-11-pro-ad3q2et-157753257/?c=750000000
"ASUS ProArt P16 16"" / 16 Гб / SSD 1024 Гб / Win 11 / H7606WV-ME082X / 90NB1411-M00410";1 838 888 ₸;/p/asus-proart-p16-16-16-gb-ssd-1024-gb-win-11-h7606wv-me082x-90nb1411-m00410-124081892/?c=750000000
"MSI Cyborg 15 15.6"" / 16 Гб / SSD 512 Гб / Win 11 Home / 9S7-15Q342-256";769 770 ₸;/p/msi-cyborg-15-15-6-16-gb-ssd-512-gb-win-11-home-9s7-15q342-256-164627015/?c=750000000
"Zentek Onix 16"" / 16 Гб / SSD 512 Гб / Win 11 Pro / ZKONIX4050";580 000 ₸;/p/zentek-onix-16-16-gb-ssd-512-gb-win-11-pro-zkonix4050-139220216/?c=750000000
"ASUS TUF Gaming A15 15.6"" / 8 Гб / SSD 512 Гб / Без ОС / FA506IHR-HN057 / 90NR07G7-M002E0";479 900 ₸;/p/asus-tuf-gaming-a15-15-6-8-gb-ssd-512-gb-bez-os-fa506ihr-hn057-90nr07g7-m002e0-104257594/?c=750000000
"ASUS Vivobook R1502VA-BQ1028 15.6"" / 40 Гб / SSD 1000 Гб / Win 11 Pro / 90NB14T1-M0DD0";559 980 ₸;/p/asus-vivobook-r1502va-bq1028-15-6-40-gb-ssd-1000-gb-win-11-pro-90nb14t1-m0dd0-165868889/?c=750000000
"ASUS TUF Gaming F16 16"" / 24 Гб / SSD 2000 Гб / Win 11 Home / 90NR0KJ5-M00020";1 179 990 ₸;/p/asus-tuf-gaming-f16-16-24-gb-ssd-2000-gb-win-11-home-90nr0kj5-m00020-165760101/?c=750000000
"ASUS X1504VA-BQ590Z 15.6"" / 12 Гб / SSD 2000 Гб / Win 11 Pro / 90NB13Y1-M0ZX70";489 990 ₸;/p/asus-x1504va-bq590z-15-6-12-gb-ssd-2000-gb-win-11-pro-90nb13y1-m0zx70-156907790/?c=750000000
"ASUS VivoBook 16 X1605VA-MB1713Z 16"" / 24 Гб / SSD 2000 Гб / Win 11 Pro / 90NB10N2-M0Z4T0";539 990 ₸;/p/asus-vivobook-16-x1605va-mb1713z-16-24-gb-ssd-2000-gb-win-11-pro-90nb10n2-m0z4t0-146870995/?c=750000000
"Acer Aspire 16 16"" / 48 Гб / SSD 512 Гб / Win 11 Pro / NX.J5RER.002HW";599 988 ₸;/p/acer-aspire-16-16-48-gb-ssd-512-gb-win-11-pro-nx-j5rer-002hw-140907134/?c=750000000
"Lenovo Legion 5 16IAX10 16"" / 24 Гб / SSD 2000 Гб / Win 11 Pro / 83MX0000US";1 090 000 ₸;/p/lenovo-legion-5-16iax10-16-24-gb-ssd-2000-gb-win-11-pro-83mx0000us-165760178/?c=750000000
"HP 15-FD0120CI 15.6"" / 8 Гб / SSD 512 Гб / Без ОС / A2LR4EA";298 980 ₸;/p/hp-15-fd0120ci-15-6-8-gb-ssd-512-gb-bez-os-a2lr4ea-128025645/?c=750000000
"HP 15-fc0940ki 15.6"" / 16 Гб / SSD 2000 Гб / Win 11 Pro / BM0B0EA#UUQ";449 000 ₸;/p/hp-15-fc0940ki-15-6-16-gb-ssd-2000-gb-win-11-pro-bm0b0ea-uuq-141505485/?c=750000000
"ASUS TUF Gaming F17 FX707VU-HX175 17.3"" / 16 Гб / SSD 512 Гб / DOS / 90NR0C55-M00E60";649 900 ₸;/p/asus-tuf-gaming-f17-fx707vu-hx175-17-3-16-gb-ssd-512-gb-dos-90nr0c55-m00e60-166390114/?c=750000000
"ASUS ExpertBook B3402FV 14"" / 16 Гб / SSD 512 Гб / Win 11 Pro / 90NH07N1-M02D0";549 990 ₸;/p/asus-expertbook-b3402fv-14-16-gb-ssd-512-gb-win-11-pro-90nh07n1-m02d0-169111983/?c=750000000
"ASUS TUF Gaming A16 16"" / 24 Гб / SSD 512 Гб / Win 11 Pro / FA607NUG-RL117WR";669 893 ₸;/p/asus-tuf-gaming-a16-16-24-gb-ssd-512-gb-win-11-pro-fa607nug-rl117wr-165086513/?c=750000000
"ASUS ROG Strix G16 G614PP-S5040 16"" / 16 Гб / SSD 1000 Гб / Без ОС / 90NR0L67-M001M0";1 415 888 ₸;/p/asus-rog-strix-g16-g614pp-s5040-16-16-gb-ssd-1000-gb-bez-os-90nr0l67-m001m0-143819294/?c=750000000
"HP 15-fd0177mi 15.6"" 15.6"" / 32 Гб / SSD 2000 Гб / Win 11 Pro / BD1V29EA#UUQ";699 900 ₸;/p/hp-15-fd0177mi-15-6-15-6-32-gb-ssd-2000-gb-win-11-pro-bd1v29ea-uuq-154028023/?c=750000000
"Gooky HL140P 14"" / 16 Гб / SSD 256 Гб / Win 10 /";339 000 ₸;/p/gooky-hl140p-14-16-gb-ssd-256-gb-win-10--118190788/?c=750000000
"HP OmniBook 16-af1017hm 16"" / 16 Гб / SSD 2000 Гб / Win 11 / B12W5UA";599 900 ₸;/p/hp-omnibook-16-af1017hm-16-16-gb-ssd-2000-gb-win-11-b12w5ua-163716133/?c=750000000
"HP 15-fc 15.6"" / 16 Гб / SSD 512 Гб / DOS / D18P3EA";383 716 ₸;/p/hp-15-fc-15-6-16-gb-ssd-512-gb-dos-d18p3ea-165167837/?c=750000000
"ASUS VivoBook 17 X1704VA-AU258 17.3"" / 16 Гб / SSD 512 Гб / DOS / 90NB10V2-M009F0";399 900 ₸;/p/asus-vivobook-17-x1704va-au258-17-3-16-gb-ssd-512-gb-dos-90nb10v2-m009f0-115106939/?c=750000000
"TECNO K15SDA 15.6"" / 8 Гб / SSD 512 Гб / Win 11 Home / 4894947120756";300 461 ₸;/p/tecno-k15sda-15-6-8-gb-ssd-512-gb-win-11-home-4894947120756-165078990/?c=750000000
"ASUS ExpertBook Ultra B9406CAA-TH0506X 14"" / 32 Гб / SSD 1024 Гб / Win 11 Pro / 90NX09J2-M00JY0";1 219 990 ₸;/p/asus-expertbook-ultra-b9406caa-th0506x-14-32-gb-ssd-1024-gb-win-11-pro-90nx09j2-m00jy0-163122623/?c=750000000
"HP 15-fd0531via 15.6"" 15.6"" / 32 Гб / SSD 256 Гб / Win 11 Pro / B11HWEA";389 888 ₸;/p/hp-15-fd0531via-15-6-15-6-32-gb-ssd-256-gb-win-11-pro-b11hwea-160537957/?c=750000000
"HP ProBook 4 G1i 14"" / 16 Гб / SSD 512 Гб / Win 11 Pro / D40WXET";798 048 ₸;/p/hp-probook-4-g1i-14-16-gb-ssd-512-gb-win-11-pro-d40wxet-163129278/?c=750000000
"Acer A16-54P-39U1 16"" / 24 Гб / SSD 2000 Гб / Win 11 / NX.D75EM.018";429 989 ₸;/p/acer-a16-54p-39u1-16-24-gb-ssd-2000-gb-win-11-nx-d75em-018-166694863/?c=750000000
"Acer Aspire 7 A715-59G-78KV 15.6"" / 32 Гб / SSD 2000 Гб / Win 11 Pro / NH.QX6SA.010";769 990 ₸;/p/acer-aspire-7-a715-59g-78kv-15-6-32-gb-ssd-2000-gb-win-11-pro-nh-qx6sa-010-169110578/?c=750000000
"ASUS Vivobook 15 15.6"" / 16 Гб / SSD 512 Гб / Без ОС / M1502NAQ-BQ067";369 968 ₸;/p/asus-vivobook-15-15-6-16-gb-ssd-512-gb-bez-os-m1502naq-bq067-165040099/?c=750000000
"ASUS ExpertBook P1 15.6"" / 32 Гб / SSD 1024 Гб / DOS / 90NX0881-M03170";539 014 ₸;/p/asus-expertbook-p1-15-6-32-gb-ssd-1024-gb-dos-90nx0881-m03170-165168069/?c=750000000
"MSI Cyborg 15 15.6"" / 16 Гб / SSD 1000 Гб / DOS / C2WF-011XKZ";849 987 ₸;/p/msi-cyborg-15-15-6-16-gb-ssd-1000-gb-dos-c2wf-011xkz-164412989/?c=750000000
"ASUS F1504VA-NJ825R 15.6"" / 8 Гб / SSD 2000 Гб / Win 11 / 90NB10J2-M0R020";499 990 ₸;/p/asus-f1504va-nj825r-15-6-8-gb-ssd-2000-gb-win-11-90nb10j2-m0r020-162828628/?c=750000000
"Lenovo Legion Pro 7 16"" / 32 Гб / SSD 1000 Гб / DOS / 16IRX8H / 82WQ0039RK";2 988 888 ₸;/p/lenovo-legion-pro-7-16-32-gb-ssd-1000-gb-dos-16irx8h-82wq0039rk-112210534/?c=750000000
"ASUS Vivobook R1502VA-BQ1028 15.6"" / 24 Гб / SSD 512 Гб / Win 11 Pro / 90NB10T2-M0DD0";469 980 ₸;/p/asus-vivobook-r1502va-bq1028-15-6-24-gb-ssd-512-gb-win-11-pro-90nb10t2-m0dd0-165867063/?c=750000000
"HP 15-fd0177hi 15.6"" 15.6"" / 20 Гб / SSD 1000 Гб / Win 11 Pro / BD1V20EA#UUQ";499 888 ₸;/p/hp-15-fd0177hi-15-6-15-6-20-gb-ssd-1000-gb-win-11-pro-bd1v20ea-uuq-154028140/?c=750000000
"TECNO K15S 15.6"" / 8 Гб / SSD 512 Гб / Win 11 Home / K15SDA (4894947120756)";289 990 ₸;/p/tecno-k15s-15-6-8-gb-ssd-512-gb-win-11-home-k15sda-4894947120756--164986713/?c=750000000
"ASUS TUF Gaming F16 FX607VJ-RL047G 16"" / 40 Гб / SSD 512 Гб / Win 11 Pro / 90NR0MZ6-M13T2P12";669 977 ₸;/p/asus-tuf-gaming-f16-fx607vj-rl047g-16-40-gb-ssd-512-gb-win-11-pro-90nr0mz6-m13t2p12-166694533/?c=750000000
"ASUS Vivobook S14 14"" / 16 Гб / SSD 512 Гб / DOS / 90NB16J1-M00BL0";463 798 ₸;/p/asus-vivobook-s14-14-16-gb-ssd-512-gb-dos-90nb16j1-m00bl0-163755465/?c=750000000
"MSI Cyborg 15 15.6"" / 16 Гб / SSD 1000 Гб / DOS / C2WE-061XKZ";749 990 ₸;/p/msi-cyborg-15-15-6-16-gb-ssd-1000-gb-dos-c2we-061xkz-164726718/?c=750000000
"Lenovo V15 G5 IRL 15.6"" / 16 Гб / SSD 512 Гб / Win 11 Pro / 83HFS03G00";649 999 ₸;/p/lenovo-v15-g5-irl-15-6-16-gb-ssd-512-gb-win-11-pro-83hfs03g00-163107215/?c=750000000
"HP 15-fd0531sia 15.6"" / 12 Гб / SSD 1000 Гб / Win 11 Pro / B91HWEA";349 900 ₸;/p/hp-15-fd0531sia-15-6-12-gb-ssd-1000-gb-win-11-pro-b91hwea-160837486/?c=750000000
"ASUS TUF Gaming A15 15.6"" / 16 Гб / SSD 512 Гб / Без ОС / FX506II-AL059 / 90NR03M1-M01040";499 900 ₸;/p/asus-tuf-gaming-a15-15-6-16-gb-ssd-512-gb-bez-os-fx506ii-al059-90nr03m1-m01040-100334965/?c=750000000
"ASUS M1502YA-BQ606K 15.6"" / 24 Гб / SSD 512 Гб / Win 11 / 90NB0X21-M0KX10";399 990 ₸;/p/asus-m1502ya-bq606k-15-6-24-gb-ssd-512-gb-win-11-90nb0x21-m0kx10-162831346/?c=750000000
"ASUS Vivobook X1404V 14"" / 16 Гб / SSD 2000 Гб / Win 11 Pro / 90NB17U1-M00FH0";439 990 ₸;/p/asus-vivobook-x1404v-14-16-gb-ssd-2000-gb-win-11-pro-90nb17u1-m00fh0-165749706/?c=750000000
"Lenovo IdeaPad 3 15IAU7 15.6"" / 8 Гб / SSD 512 Гб / Без ОС / 82RK0172RK";319 081 ₸;/p/lenovo-ideapad-3-15iau7-15-6-8-gb-ssd-512-gb-bez-os-82rk0172rk-128975822/?c=750000000
"Acer Aspire 16 16"" / 32 Гб / SSD 2000 Гб / Win 11 Pro / NX.J5RER.002NAspire 16";629 988 ₸;/p/acer-aspire-16-16-32-gb-ssd-2000-gb-win-11-pro-nx-j5rer-002naspire-16-140908292/?c=750000000
"Lenovo Legion Pro 5 16"" / 32 Гб / SSD 1000 Гб / Без ОС / 82WM00HLRK";749 990 ₸;/p/lenovo-legion-pro-5-16-32-gb-ssd-1000-gb-bez-os-82wm00hlrk-133309426/?c=750000000
"Acer Nitro Lite NL16-71G-549 16"" / 40 Гб / SSD 2000 Гб / Win 11 / NH.D29ER.001S";999 988 ₸;/p/acer-nitro-lite-nl16-71g-549-16-40-gb-ssd-2000-gb-win-11-nh-d29er-001s-162969459/?c=750000000
"HP 15-fd0107qgi 15.6"" / 32 Гб / SSD 1000 Гб / Win 11 Pro / 9U4C8EA#UUQ";449 989 ₸;/p/hp-15-fd0107qgi-15-6-32-gb-ssd-1000-gb-win-11-pro-9u4c8ea-uuq-138968979/?c=750000000
"HP 15-fc0283xi 15.6"" / 32 Гб / SSD 1000 Гб / Win 11 Pro / D30P3EA#UUQ";499 888 ₸;/p/hp-15-fc0283xi-15-6-32-gb-ssd-1000-gb-win-11-pro-d30p3ea-uuq-160589007/?c=750000000
"Acer ASPIRE A715-59G-78KV 15.6"" / 16 Гб / SSD 1000 Гб / Win 11 Pro / NH.QX6SA.005";599 990 ₸;/p/acer-aspire-a715-59g-78kv-15-6-16-gb-ssd-1000-gb-win-11-pro-nh-qx6sa-005-169109600/?c=750000000
"Acer Aspire 7 A715-59G-78KV 15.6"" / 24 Гб / SSD 1000 Гб / Win 11 Pro / NH.QX6SA.007";649 990 ₸;/p/acer-aspire-7-a715-59g-78kv-15-6-24-gb-ssd-1000-gb-win-11-pro-nh-qx6sa-007-169110388/?c=750000000
"Acer Nitro V 15 ANV15-51 15.6"" / 40 Гб / SSD 1000 Гб / Win 11 Pro / NH.QNCER.015";849 979 ₸;/p/acer-nitro-v-15-anv15-51-15-6-40-gb-ssd-1000-gb-win-11-pro-nh-qncer-015-133182399/?c=750000000
"ASUS M1502YA-BQ606R 15.6"" / 12 Гб / SSD 512 Гб / Win 11 / 90NB0X21-M0RX10";309 990 ₸;/p/asus-m1502ya-bq606r-15-6-12-gb-ssd-512-gb-win-11-90nb0x21-m0rx10-162831610/?c=750000000
"Apple MacBook Air M5 2026 15.3"" / 16 Гб / SSD 1024 Гб / macOS / MDVE4";1 198 550 ₸;/p/apple-macbook-air-m5-2026-15-3-16-gb-ssd-1024-gb-macos-mdve4-164717552/?c=750000000
"ASUS X1504VA-BQ982R 15.6"" / 16 Гб / SSD 2000 Гб / Win 11 Pro / 90NB10T2-M0RAZ0";559 989 ₸;/p/asus-x1504va-bq982r-15-6-16-gb-ssd-2000-gb-win-11-pro-90nb10t2-m0raz0-154165948/?c=750000000
"Acer Aspire Lite 16"" / 24 Гб / SSD 512 Гб / Win 11 Pro / NX.J5RER.002G";395 659 ₸;/p/acer-aspire-lite-16-24-gb-ssd-512-gb-win-11-pro-nx-j5rer-002g-140590932/?c=750000000
"ASUS FA506NCG-HN191B 15.6"" / 32 Гб / SSD 4000 Гб / Win 11 Pro / 90NR0JF7-M0BMB0";899 898 ₸;/p/asus-fa506ncg-hn191b-15-6-32-gb-ssd-4000-gb-win-11-pro-90nr0jf7-m0bmb0-154502986/?c=750000000
"HP 15-fc0283qi 15.6"" / 8 Гб / SSD 512 Гб / Win 11 Pro / D19P3EA#UUQ";339 888 ₸;/p/hp-15-fc0283qi-15-6-8-gb-ssd-512-gb-win-11-pro-d19p3ea-uuq-160588948/?c=750000000
"HP 15-fd01131hi 15.6"" / 24 Гб / SSD 1000 Гб / Win 11 Pro / CL6V59EA#UUQ";399 888 ₸;/p/hp-15-fd01131hi-15-6-24-gb-ssd-1000-gb-win-11-pro-cl6v59ea-uuq-153380232/?c=750000000
"HP 15-fd0177fi 15.6"" / 20 Гб / SSD 256 Гб / Win 11 Pro / BD1V18EA#UUQ";449 888 ₸;/p/hp-15-fd0177fi-15-6-20-gb-ssd-256-gb-win-11-pro-bd1v18ea-uuq-154026023/?c=750000000
"HP 15-fd01131ri 15.6"" / 8 Гб / SSD 1000 Гб / Win 11 Pro / CL6V59EA#UUQ";348 267 ₸;/p/hp-15-fd01131ri-15-6-8-gb-ssd-1000-gb-win-11-pro-cl6v59ea-uuq-153380123/?c=750000000
"ASUS TUF Gaming F16 16"" / 16 Гб / SSD 512 Гб / Без ОС / 90NR0MH1-M003T0";699 900 ₸;/p/asus-tuf-gaming-f16-16-16-gb-ssd-512-gb-bez-os-90nr0mh1-m003t0-144340292/?c=750000000
"ASUS M1502YA-BQ606J 15.6"" / 16 Гб / SSD 2000 Гб / Win 11 / 90NB0X21-M0JX10";499 990 ₸;/p/asus-m1502ya-bq606j-15-6-16-gb-ssd-2000-gb-win-11-90nb0x21-m0jx10-162831270/?c=750000000
"Lenovo IdeaPad Slim 3 15IRH10 15.3"" / 8 Гб / M.2 512 Гб / Без ОС / 83K1002WRK";419 990 ₸;/p/lenovo-ideapad-slim-3-15irh10-15-3-8-gb-m-2-512-gb-bez-os-83k1002wrk-142098135/?c=750000000
"HP 15-fd0177vi 15.6"" / 32 Гб / SSD 256 Гб / Win 11 Pro / BD1V26EA#UUQ";499 888 ₸;/p/hp-15-fd0177vi-15-6-32-gb-ssd-256-gb-win-11-pro-bd1v26ea-uuq-154025957/?c=750000000
"HP 15-fd01131ai 15.6"" / 16 Гб / SSD 2000 Гб / Win 11 Pro / CL6V59EA#UUQ";499 880 ₸;/p/hp-15-fd01131ai-15-6-16-gb-ssd-2000-gb-win-11-pro-cl6v59ea-uuq-153381374/?c=750000000
"Acer Aspire Lite AL16-54P-55CE 16"" / 8 Гб / SSD 1000 Гб / Win 11 Pro / NX.D76ER.001Q";349 888 ₸;/p/acer-aspire-lite-al16-54p-55ce-16-8-gb-ssd-1000-gb-win-11-pro-nx-d76er-001q-157750297/?c=750000000
"HP 15-fc0283di 15.6"" / 16 Гб / SSD 512 Гб / Win 11 Pro / D23P3EA#UUQ";349 888 ₸;/p/hp-15-fc0283di-15-6-16-gb-ssd-512-gb-win-11-pro-d23p3ea-uuq-160589100/?c=750000000
"ASUS ExpertBook B3402FV 14"" / 32 Гб / SSD 1000 Гб / Win 11 Pro / 90NH07N1-M06MDO";669 990 ₸;/p/asus-expertbook-b3402fv-14-32-gb-ssd-1000-gb-win-11-pro-90nh07n1-m06mdo-169112036/?c=750000000
"ASUS ExpertBook B1 15.6"" / 16 Гб / SSD 512 Гб / Win 11 Pro / 90NX0801-M01Y30";526 705 ₸;/p/asus-expertbook-b1-15-6-16-gb-ssd-512-gb-win-11-pro-90nx0801-m01y30-162970446/?c=750000000
"Lenovo V14 G4 AMN 14"" / 8 Гб / SSD 512 Гб / Без ОС / 83GU007YFW";389 999 ₸;/p/lenovo-v14-g4-amn-14-8-gb-ssd-512-gb-bez-os-83gu007yfw-154516640/?c=750000000
"Lenovo Legion 9 16IRX9 16"" / 32 Гб / SSD 2000 Гб / Без ОС / 83G0002MRK";3 427 888 ₸;/p/lenovo-legion-9-16irx9-16-32-gb-ssd-2000-gb-bez-os-83g0002mrk-132981516/?c=750000000
"ASUS TUF Gaming A15 15.6"" FA506NFR-HN100T 15.6"" / 24 Гб / SSD 1000 Гб / Win 11 Pro / 90NR0JU7-M0T650";649 990 ₸;/p/asus-tuf-gaming-a15-15-6-fa506nfr-hn100t-15-6-24-gb-ssd-1000-gb-win-11-pro-90nr0ju7-m0t650-141505620/?c=750000000
"ASUS Vivobook 15 X1504VA-BQ5444S 15.6"" / 24 Гб / SSD 2000 Гб / Win 11 Pro / 90NB13Y2-M009J0";549 990 ₸;/p/asus-vivobook-15-x1504va-bq5444s-15-6-24-gb-ssd-2000-gb-win-11-pro-90nb13y2-m009j0-160047452/?c=750000000
"ASUS Vivobook Go 15 15.6"" / 8 Гб / SSD 512 Гб / Win 11 / E1504FA-BQ073W / 90NB0ZR1-M00L60";259 998 ₸;/p/asus-vivobook-go-15-15-6-8-gb-ssd-512-gb-win-11-e1504fa-bq073w-90nb0zr1-m00l60-114164415/?c=750000000
"ASUS TUF A18 FA808UH-S8029 18"" / 16 Гб / SSD 512 Гб / Без ОС / 90NR0NM1-M001B0";732 998 ₸;/p/asus-tuf-a18-fa808uh-s8029-18-16-gb-ssd-512-gb-bez-os-90nr0nm1-m001b0-144404548/?c=750000000
"FYRIA F7 15.6"" / 16 Гб / SSD 512 Гб / Win 11 Pro / GA157250033";229 000 ₸;/p/fyria-f7-15-6-16-gb-ssd-512-gb-win-11-pro-ga157250033-139591166/?c=750000000
"Lenovo IdeaPad Slim 3 16"" / 16 Гб / SSD 1000 Гб / Win 11 Pro / 16IRU8 / 82X80027RK";419 994 ₸;/p/lenovo-ideapad-slim-3-16-16-gb-ssd-1000-gb-win-11-pro-16iru8-82x80027rk-120615060/?c=750000000
"ThundeRobot Hunter R15 15.6"" / 16 Гб / SSD 512 Гб / Win 11 / I7136HX406016G512GQ165HMG";659 789 ₸;/p/thunderobot-hunter-r15-15-6-16-gb-ssd-512-gb-win-11-i7136hx406016g512gq165hmg-129983240/?c=750000000
"Acer Aspire 3 15.6"" / 16 Гб / SSD 2000 Гб / Win 11 Pro / A315-59-52X6 / NX.K6TER.03W";449 800 ₸;/p/acer-aspire-3-15-6-16-gb-ssd-2000-gb-win-11-pro-a315-59-52x6-nx-k6ter-03w-120936331/?c=750000000
"Acer Aspire 3 15.6"" / 4 Гб / SSD 256 Гб / Без ОС / A315-35-C7AH / NX.A6LEM.004";179 800 ₸;/p/acer-aspire-3-15-6-4-gb-ssd-256-gb-bez-os-a315-35-c7ah-nx-a6lem-004-108107853/?c=750000000
"ASUS 14"" / 4 Гб / SSD 128 Гб / Win 11 / E410MA-BV1502W / 90NB0Q16-M40400";149 990 ₸;/p/asus-14-4-gb-ssd-128-gb-win-11-e410ma-bv1502w-90nb0q16-m40400-104207315/?c=750000000
"Lenovo Legion 5 15IRX10 Core i7-14700HX 32GB / SSD 512GB / RTX 5060 8GB / NO OS / 83LY00J1RK 15.1"" / 32 Гб / SSD 512 Гб / Без ОС / 83LY00J1RK";1 078 878 ₸;/p/lenovo-legion-5-15irx10-core-i7-14700hx-32gb-ssd-512gb-rtx-5060-8gb-no-os-83ly00j1rk-15-1-32-gb-ssd-512-gb-bez-os-83ly00j1rk-152800134/?c=750000000
"Acer Nitro V15 15.6"" / 16 Гб / SSD 1000 Гб / Win 11 Pro / NH.QNDER.002Q";497 353 ₸;/p/acer-nitro-v15-15-6-16-gb-ssd-1000-gb-win-11-pro-nh-qnder-002q-144495322/?c=750000000
"Acer AI PHN16S-71-7749 16"" / 32 Гб / SSD 1000 Гб / Без ОС / NH.QZFER.003";1 549 910 ₸;/p/acer-ai-phn16s-71-7749-16-32-gb-ssd-1000-gb-bez-os-nh-qzfer-003-148942167/?c=750000000
"ASUS Asus ROG Zephyrus 14"" / 32 Гб / SSD 1000 Гб / Win 11 / 90NR0MA4-M004R0";2 999 999 ₸;/p/asus-asus-rog-zephyrus-14-32-gb-ssd-1000-gb-win-11-90nr0ma4-m004r0-140075943/?c=750000000
"ASUS Vivobook X1404V 14"" / 8 Гб / SSD 1000 Гб / Win 11 Pro / 90NB14U1-M00FH0";319 990 ₸;/p/asus-vivobook-x1404v-14-8-gb-ssd-1000-gb-win-11-pro-90nb14u1-m00fh0-165749678/?c=750000000
"ASUS Vivobook R1502VA-BQ1028 15.6"" / 24 Гб / SSD 1000 Гб / Win 11 Pro / 90NB12T1-M0DD0";519 980 ₸;/p/asus-vivobook-r1502va-bq1028-15-6-24-gb-ssd-1000-gb-win-11-pro-90nb12t1-m0dd0-165867791/?c=750000000
"ASUS TUF Gaming F16 FX607VJ-RL047J 16"" / 40 Гб / SSD 2000 Гб / Win 11 Pro / 90NR0MZ6-M15T2P14";869 977 ₸;/p/asus-tuf-gaming-f16-fx607vj-rl047j-16-40-gb-ssd-2000-gb-win-11-pro-90nr0mz6-m15t2p14-166694754/?c=750000000
"Tohom Х15 15.6"" / 16 Гб / SSD 256 Гб / Win 11 / Х015164";625 000 ₸;/p/tohom-h15-15-6-16-gb-ssd-256-gb-win-11-h015164-129287526/?c=750000000
"Acer NX.D76ER.001I 16"" / 8 Гб / SSD 1500 Гб / Win 11 Pro / AL16-54P-55CE";399 888 ₸;/p/acer-nx-d76er-001i-16-8-gb-ssd-1500-gb-win-11-pro-al16-54p-55ce-158135310/?c=750000000
"ASUS ExpertBook B3402FV 14"" / 16 Гб / SSD 512 Гб / Win 11 Pro / 90NH07N1-M02MC0";499 990 ₸;/p/asus-expertbook-b3402fv-14-16-gb-ssd-512-gb-win-11-pro-90nh07n1-m02mc0-169110622/?c=750000000
"ASUS ROG Strix SCAR 18 G834JYR-R6149W 18"" / 64 Гб / SSD 2000 Гб / Без ОС / 90NR0IP2-M00710";3 555 888 ₸;/p/asus-rog-strix-scar-18-g834jyr-r6149w-18-64-gb-ssd-2000-gb-bez-os-90nr0ip2-m00710-123179820/?c=750000000
"DELL 16 Premium DA16250 16.3"" / 16 Гб / SSD 1024 Гб / Win 11 Pro / 210-BRTS_DA16250_ARLH_003";2 158 228 ₸;/p/dell-16-premium-da16250-16-3-16-gb-ssd-1024-gb-win-11-pro-210-brts-da16250-arlh-003-166338573/?c=750000000
"ASUS VivoBook 15.6"" / 8 Гб / SSD 512 Гб / Без ОС / 15X1504ZA-BQ1498 / 90NB1022-M025L0";299 900 ₸;/p/asus-vivobook-15-6-8-gb-ssd-512-gb-bez-os-15x1504za-bq1498-90nb1022-m025l0-123557573/?c=750000000
"Acer A16-54P-39U1 16"" / 32 Гб / SSD 1000 Гб / Win 11 / NX.D75EM.020";449 989 ₸;/p/acer-a16-54p-39u1-16-32-gb-ssd-1000-gb-win-11-nx-d75em-020-166694807/?c=750000000
"HP 15-fc0090pi 15.6"" / 16 Гб / SSD 2000 Гб / Win 11 Pro / B4LK18EA#UUQ";499 900 ₸;/p/hp-15-fc0090pi-15-6-16-gb-ssd-2000-gb-win-11-pro-b4lk18ea-uuq-149553043/?c=750000000
"ASUS ExpertBook B3402FV 14"" / 32 Гб / SSD 2000 Гб / Win 11 Pro / 90NH07N1-M07MD0";729 990 ₸;/p/asus-expertbook-b3402fv-14-32-gb-ssd-2000-gb-win-11-pro-90nh07n1-m07md0-169112043/?c=750000000
"ASUS Vivobook 15 X1504VA-BQ5444U 15.6"" / 16 Гб / SSD 2000 Гб / Win 11 Pro / 90NB13Y2-M006J0";569 989 ₸;/p/asus-vivobook-15-x1504va-bq5444u-15-6-16-gb-ssd-2000-gb-win-11-pro-90nb13y2-m006j0-160049460/?c=750000000
"Asus ExpertBook 15.6"" / 8 Гб / SSD 512 Гб / Win 11 / B1502CVA-BQ0344X";399 990 ₸;/p/asus-expertbook-15-6-8-gb-ssd-512-gb-win-11-b1502cva-bq0344x-161699701/?c=750000000
"ASUS F1504VA-NJ825X 15.6"" / 24 Гб / SSD 2000 Гб / Win 11 / 90NB10J2-M0X020";599 980 ₸;/p/asus-f1504va-nj825x-15-6-24-gb-ssd-2000-gb-win-11-90nb10j2-m0x020-162829965/?c=750000000
"MSI Cyborg 15 B2RWFKG-1051XKZ 15.6"" / 16 Гб / SSD 1000 Гб / Без ОС / 9S7-15Q342-1051";916 874 ₸;/p/msi-cyborg-15-b2rwfkg-1051xkz-15-6-16-gb-ssd-1000-gb-bez-os-9s7-15q342-1051-162448050/?c=750000000
"ASUS FA506NCG-HN191E 15.6"" / 16 Гб / SSD 2000 Гб / Win 11 Pro / 90NR0JF7-M0EMB0";598 113 ₸;/p/asus-fa506ncg-hn191e-15-6-16-gb-ssd-2000-gb-win-11-pro-90nr0jf7-m0emb0-154503528/?c=750000000
"ASUS S3607VA-RP017F 16"" / 16 Гб / SSD 2000 Гб / Win 11 / 90NBB1671-M0F2L0";499 900 ₸;/p/asus-s3607va-rp017f-16-16-gb-ssd-2000-gb-win-11-90nbb1671-m0f2l0-165862992/?c=750000000
"ASUS TUF Gaming F16 FX607VU-RL059E 16"" / 16 Гб / SSD 2000 Гб / Win 11 Pro / 90NR0N06-M0E2R0";699 900 ₸;/p/asus-tuf-gaming-f16-fx607vu-rl059e-16-16-gb-ssd-2000-gb-win-11-pro-90nr0n06-m0e2r0-157406264/?c=750000000
"ASUS X1504VA-BQ982F 15.6"" / 24 Гб / SSD 256 Гб / Win 11 Pro / 90NB10T2-M0FAZ0";399 990 ₸;/p/asus-x1504va-bq982f-15-6-24-gb-ssd-256-gb-win-11-pro-90nb10t2-m0faz0-154166113/?c=750000000
"ASUS TUF Gaming F16 FX607VJ-RL047I 16"" / 24 Гб / SSD 2000 Гб / Win 11 Pro / 90NR0MZ6-M07T2P6";769 978 ₸;/p/asus-tuf-gaming-f16-fx607vj-rl047i-16-24-gb-ssd-2000-gb-win-11-pro-90nr0mz6-m07t2p6-166694257/?c=750000000
"ASUS Vivobook F1504V 15.6"" / 8 Гб / SSD 1000 Гб / Win 11 Pro / 90NB16Y1-M00K0";369 990 ₸;/p/asus-vivobook-f1504v-15-6-8-gb-ssd-1000-gb-win-11-pro-90nb16y1-m00k0-165737119/?c=750000000
"ASUS X1504VA-BQ590S 15.6"" / 12 Гб / SSD 2000 Гб / Win 11 Pro / 90NB13Y1-M0SX70";489 990 ₸;/p/asus-x1504va-bq590s-15-6-12-gb-ssd-2000-gb-win-11-pro-90nb13y1-m0sx70-156907936/?c=750000000
"ASUS TUF Gaming F16 16"" / 16 Гб / SSD 1000 Гб / Win 11 Home / 90NR0KJ3-M00020";999 990 ₸;/p/asus-tuf-gaming-f16-16-16-gb-ssd-1000-gb-win-11-home-90nr0kj3-m00020-165760013/?c=750000000
"HP 15-fc0283wi 15.6"" / 8 Гб / SSD 1000 Гб / Win 11 Pro / D20P3EA#UUQ";379 888 ₸;/p/hp-15-fc0283wi-15-6-8-gb-ssd-1000-gb-win-11-pro-d20p3ea-uuq-160588824/?c=750000000
"ASUS Vivobook R1502VA-BQ1028 15.6"" / 24 Гб / SSD 2000 Гб / Win 11 Pro / 90NB13T1-M0DD0";579 980 ₸;/p/asus-vivobook-r1502va-bq1028-15-6-24-gb-ssd-2000-gb-win-11-pro-90nb13t1-m0dd0-165868293/?c=750000000
"Lenovo ThinkBook 16 G7 ARP 16"" / 16 Гб / SSD 1000 Гб / Без ОС / 21MW00BSRU";488 737 ₸;/p/lenovo-thinkbook-16-g7-arp-16-16-gb-ssd-1000-gb-bez-os-21mw00bsru-164414435/?c=750000000
"ASUS Vivobook R1502VA-BQ1028 15.6"" / 16 Гб / SSD 1000 Гб / Win 11 Pro / 90NB10T1-M01DD0";439 980 ₸;/p/asus-vivobook-r1502va-bq1028-15-6-16-gb-ssd-1000-gb-win-11-pro-90nb10t1-m01dd0-165865790/?c=750000000
"ASUS P1403CVA-S61831E 14"" / 16 Гб / SSD 2000 Гб / Win 11 Pro / 90NX0871-M0E2U0";599 888 ₸;/p/asus-p1403cva-s61831e-14-16-gb-ssd-2000-gb-win-11-pro-90nx0871-m0e2u0-157463978/?c=750000000
"HP 15-fd1130ji 15.6"" / 24 Гб / SSD 2000 Гб / Win 11 Pro / CL6V20EA#UUQ";499 888 ₸;/p/hp-15-fd1130ji-15-6-24-gb-ssd-2000-gb-win-11-pro-cl6v20ea-uuq-152835937/?c=750000000
"ASUS X1704VAP AU1017R 17.3"" / 16 Гб / SSD 1000 Гб / Win 11 / 90NB13X2-M0RJ00";449 900 ₸;/p/asus-x1704vap-au1017r-17-3-16-gb-ssd-1000-gb-win-11-90nb13x2-m0rj00-166919385/?c=750000000
"HP HP 15-fc0154ji 15.6"" / 20 Гб / SSD 1000 Гб / Win 11 Pro / D2GP6EA#UUQ";398 074 ₸;/p/hp-hp-15-fc0154ji-15-6-20-gb-ssd-1000-gb-win-11-pro-d2gp6ea-uuq-157005665/?c=750000000
"ASUS ExpertBook 15.6"" / 8 Гб / SSD 512 Гб / Без ОС / 90NX0801-M033U0";376 201 ₸;/p/asus-expertbook-15-6-8-gb-ssd-512-gb-bez-os-90nx0801-m033u0-139598431/?c=750000000
"HP 15-fd0531fia 15.6"" / 16 Гб / SSD 512 Гб / Win 11 Pro / B93HWEA";299 900 ₸;/p/hp-15-fd0531fia-15-6-16-gb-ssd-512-gb-win-11-pro-b93hwea-160837565/?c=750000000
"HP 15-fd0531pia 15.6"" / 12 Гб / SSD 512 Гб / Win 11 Pro / B90HWEA";289 900 ₸;/p/hp-15-fd0531pia-15-6-12-gb-ssd-512-gb-win-11-pro-b90hwea-160837505/?c=750000000
"HP 15-fd0177di 15.6"" / 16 Гб / SSD 2000 Гб / Win 11 Pro / BD1V17EA#UUQ";549 900 ₸;/p/hp-15-fd0177di-15-6-16-gb-ssd-2000-gb-win-11-pro-bd1v17ea-uuq-154026032/?c=750000000
"HP 15-fd0177zi 15.6"" / 24 Гб / SSD 1000 Гб / Win 11 Pro / BD1V24EA#UUQ";499 900 ₸;/p/hp-15-fd0177zi-15-6-24-gb-ssd-1000-gb-win-11-pro-bd1v24ea-uuq-154026042/?c=750000000
"Acer Aspire Lite 15.6"" / 8 Гб / SSD 1000 Гб / Win 11 / NX.D62ER.001V";299 900 ₸;/p/acer-aspire-lite-15-6-8-gb-ssd-1000-gb-win-11-nx-d62er-001v-162833087/?c=750000000
"ASUS Vivobook X1404VA-EB1183 14"" / 8 Гб / SSD 1000 Гб / Win 11 Pro / 90NB14U2-M00J80";329 990 ₸;/p/asus-vivobook-x1404va-eb1183-14-8-gb-ssd-1000-gb-win-11-pro-90nb14u2-m00j80-165749913/?c=750000000
"ASUS FA506NCG-HN191P 15.6"" / 20 Гб / SSD 4000 Гб / Win 11 Pro / 90NR0JF7-M0PMB0";819 980 ₸;/p/asus-fa506ncg-hn191p-15-6-20-gb-ssd-4000-gb-win-11-pro-90nr0jf7-m0pmb0-154503601/?c=750000000
"ASUS TUF Gaming F16 16"" / 16 Гб / SSD 2000 Гб / Win 11 Pro / FX607JV-N3146HW / 90NR0HV6-M0H8W0";939 990 ₸;/p/asus-tuf-gaming-f16-16-16-gb-ssd-2000-gb-win-11-pro-fx607jv-n3146hw-90nr0hv6-m0h8w0-119213238/?c=750000000
"ASUS Vivobook 15 X1504VA-BQ3122 15.6"" / 16 Гб / M.2 512 Гб / Без ОС / 90NB13Y1-M012H0";309 900 ₸;/p/asus-vivobook-15-x1504va-bq3122-15-6-16-gb-m-2-512-gb-bez-os-90nb13y1-m012h0-144391241/?c=750000000
"DELL Pro 16 PC16250 16"" / 16 Гб / SSD 512 Гб / Win 11 Pro / BTO109_PC16250_EMEA_210-BQHB";778 665 ₸;/p/dell-pro-16-pc16250-16-16-gb-ssd-512-gb-win-11-pro-bto109-pc16250-emea-210-bqhb-150280375/?c=750000000
"HP Laptop 15-fd1003nq 15.6"" / 24 Гб / SSD 2000 Гб / Win 11 Pro / D0BG2EA#AKE";458 255 ₸;/p/hp-laptop-15-fd1003nq-15-6-24-gb-ssd-2000-gb-win-11-pro-d0bg2ea-ake-165526130/?c=750000000
"HP Laptop 15-fd1003nq 15.6"" / 16 Гб / SSD 1000 Гб / Win 11 Pro / D0BR2EA#AKE";363 556 ₸;/p/hp-laptop-15-fd1003nq-15-6-16-gb-ssd-1000-gb-win-11-pro-d0br2ea-ake-165525946/?c=750000000
"ASUS ROG Strix G16 G614JV-N4263J 16"" / 48 Гб / SSD 512 Гб / Win 11 Pro / 90NR0C61-M01050";1 198 807 ₸;/p/asus-rog-strix-g16-g614jv-n4263j-16-48-gb-ssd-512-gb-win-11-pro-90nr0c61-m01050-143040469/?c=750000000
"ASUS ROG Flow X13 13.4"" / 16 Гб / SSD 1000 Гб / Win 11 / GV301RE-LJ128W / 90NR0A21-M007P0";647 597 ₸;/p/asus-rog-flow-x13-13-4-16-gb-ssd-1000-gb-win-11-gv301re-lj128w-90nr0a21-m007p0-105597685/?c=750000000
"ASUS A1605VA-MB2074Q 16"" / 8 Гб / SSD 1000 Гб / Win 11 / 90NB10N3-M0QK10";369 900 ₸;/p/asus-a1605va-mb2074q-16-8-gb-ssd-1000-gb-win-11-90nb10n3-m0qk10-165862842/?c=750000000
"ASUS A1605VA-MB2074Q 16"" / 8 Гб / SSD 1000 Гб / Win 11 / 90NB10N3-M0QK10";369 900 ₸;/p/asus-a1605va-mb2074q-16-8-gb-ssd-1000-gb-win-11-90nb10n3-m0qk10-165862842/?c=750000000
"Gooky HL140S 14"" / 16 Гб / SSD 256 Гб / Win 10 /";315 000 ₸;/p/gooky-hl140s-14-16-gb-ssd-256-gb-win-10--118376158/?c=750000000
"ASUS A1605VA-MB2074N 16"" / 24 Гб / SSD 1000 Гб / Win 11 / 90NB10N3-M0NK10";449 900 ₸;/p/asus-a1605va-mb2074n-16-24-gb-ssd-1000-gb-win-11-90nb10n3-m0nk10-165862752/?c=750000000
"ASUS P1403CVA-S61831A 14"" / 24 Гб / SSD 1000 Гб / Win 11 Pro / 90NX0871-M0A2U0";599 888 ₸;/p/asus-p1403cva-s61831a-14-24-gb-ssd-1000-gb-win-11-pro-90nx0871-m0a2u0-157464258/?c=750000000
"ASUS F1504VA-NJ825Q 15.6"" / 8 Гб / SSD 1000 Гб / Win 11 / 90NB10J2-M0Q020";399 900 ₸;/p/asus-f1504va-nj825q-15-6-8-gb-ssd-1000-gb-win-11-90nb10j2-m0q020-162828469/?c=750000000
"ASUS TUF Gaming A15 15.6"" FA506NFR-HN100U 15.6"" / 32 Гб / SSD 512 Гб / Win 11 Pro / 90NR0JU7-M0U650";679 990 ₸;/p/asus-tuf-gaming-a15-15-6-fa506nfr-hn100u-15-6-32-gb-ssd-512-gb-win-11-pro-90nr0ju7-m0u650-141505640/?c=750000000
"ASUS X1504VA-BQ590T 15.6"" / 12 Гб / SSD 512 Гб / Win 11 Pro / 90NB13Y1-M0TX70";339 990 ₸;/p/asus-x1504va-bq590t-15-6-12-gb-ssd-512-gb-win-11-pro-90nb13y1-m0tx70-156907892/?c=750000000
"HP 15-fd01131gwi 15.6"" / 64 Гб / SSD 1000 Гб / Win 11 Pro / CL6V59EA#UUQ";599 989 ₸;/p/hp-15-fd01131gwi-15-6-64-gb-ssd-1000-gb-win-11-pro-cl6v59ea-uuq-153380239/?c=750000000
"HP 15-fd0213qi 15.6"" 15.6"" / 8 Гб / SSD 256 Гб / Win 11 Pro / BDV21EA#UQQ";299 888 ₸;/p/hp-15-fd0213qi-15-6-15-6-8-gb-ssd-256-gb-win-11-pro-bdv21ea-uqq-153761862/?c=750000000
"KAMESU Work PRO 15.6"" / 16 Гб / SSD 512 Гб / Win 11 Pro / NX15R";279 990 ₸;/p/kamesu-work-pro-15-6-16-gb-ssd-512-gb-win-11-pro-nx15r-166998652/?c=750000000
"Acer A16-54P-39U1 16"" / 8 Гб / SSD 1000 Гб / Win 11 / NX.D75EM.012";309 989 ₸;/p/acer-a16-54p-39u1-16-8-gb-ssd-1000-gb-win-11-nx-d75em-012-166840334/?c=750000000
"ASUS X1704VAP AU1078T 17.3"" / 16 Гб / SSD 2000 Гб / Win 11 / 90NB13X1-M0TL70";599 900 ₸;/p/asus-x1704vap-au1078t-17-3-16-gb-ssd-2000-gb-win-11-90nb13x1-m0tl70-166919714/?c=750000000
"HP HP 15-fc0154ti 15.6"" / 12 Гб / SSD 1000 Гб / Win 11 Pro / D2GP6EA#UUQ";369 899 ₸;/p/hp-hp-15-fc0154ti-15-6-12-gb-ssd-1000-gb-win-11-pro-d2gp6ea-uuq-157006157/?c=750000000
"ASUS TUF Gaming F17 FX707VJ-HX006 17.3"" / 16 Гб / SSD 512 Гб / Без ОС / 90NR0MY5-M00060";499 899 ₸;/p/asus-tuf-gaming-f17-fx707vj-hx006-17-3-16-gb-ssd-512-gb-bez-os-90nr0my5-m00060-154971367/?c=750000000
"HP 15-fc0308ci 15.6"" / 8 Гб / SSD 512 Гб / Без ОС / D10CTEA";249 990 ₸;/p/hp-15-fc0308ci-15-6-8-gb-ssd-512-gb-bez-os-d10ctea-162481667/?c=750000000
"HP ProBook 4 G1i 16"" / 16 Гб / SSD 512 Гб / Win 11 Pro / D40X0ET";796 625 ₸;/p/hp-probook-4-g1i-16-16-gb-ssd-512-gb-win-11-pro-d40x0et-163128572/?c=750000000
"ASUS Vivobook 16X K3604VA-MB267R 16"" / 16 Гб / SSD 2000 Гб / Win 11 Pro / 90NB1071-M00AV0";499 000 ₸;/p/asus-vivobook-16x-k3604va-mb267r-16-16-gb-ssd-2000-gb-win-11-pro-90nb1071-m00av0-137932252/?c=750000000
"HP 15-fd0531yia 15.6"" / 8 Гб / SSD 1000 Гб / Win 11 Pro / B88HWEA";299 900 ₸;/p/hp-15-fd0531yia-15-6-8-gb-ssd-1000-gb-win-11-pro-b88hwea-160837389/?c=750000000
"Lenovo Legion 5 15IRX10 15.3"" / 16 Гб / SSD 512 Гб / Win 11 Pro / 83LY007MRK";1 258 888 ₸;/p/lenovo-legion-5-15irx10-15-3-16-gb-ssd-512-gb-win-11-pro-83ly007mrk-143628696/?c=750000000
"Lenovo 15IAH8 15.6"" / 8 Гб / SSD 2000 Гб / Win 11 Pro / 8ER05KTRK";459 999 ₸;/p/lenovo-15iah8-15-6-8-gb-ssd-2000-gb-win-11-pro-8er05ktrk-138622447/?c=750000000
"DELL Vostro 15 3510 15.6"" / 8 Гб / SSD 256 Гб / Win 11 Pro / 210-AZZU-B10";559 999 ₸;/p/dell-vostro-15-3510-15-6-8-gb-ssd-256-gb-win-11-pro-210-azzu-b10-108238532/?c=750000000
"Azerty RB-1450 14"" / 6 Гб / SSD 1024 Гб / Win 11 Pro / 232846149";220 000 ₸;/p/azerty-rb-1450-14-6-gb-ssd-1024-gb-win-11-pro-232846149-134255973/?c=750000000
"ASUS Vivobook 16 X1605VA-MB694 16"" / 16 Гб / SSD 512 Гб / Без ОС / 90NB10N2-M00WF0";439 990 ₸;/p/asus-vivobook-16-x1605va-mb694-16-16-gb-ssd-512-gb-bez-os-90nb10n2-m00wf0-154850419/?c=750000000
"Acer Nitro Lite NL16-71G-549 16"" / 24 Гб / SSD 2000 Гб / Win 11 / NH.D29ER.001I";749 988 ₸;/p/acer-nitro-lite-nl16-71g-549-16-24-gb-ssd-2000-gb-win-11-nh-d29er-001i-162969574/?c=750000000
"HP 15-fd0107ji 15.6"" / 16 Гб / SSD 2000 Гб / Win 11 Pro / 9U4C8EA#UUQ";429 899 ₸;/p/hp-15-fd0107ji-15-6-16-gb-ssd-2000-gb-win-11-pro-9u4c8ea-uuq-138969005/?c=750000000
"ASUS X1704VAP AU1017T 17.3"" / 16 Гб / SSD 2000 Гб / Win 11 / 90NB13X2-M0TJ0";599 900 ₸;/p/asus-x1704vap-au1017t-17-3-16-gb-ssd-2000-gb-win-11-90nb13x2-m0tj0-166919451/?c=750000000
"Lenovo V15 G5 15.6"" / 16 Гб / SSD 512 Гб / DOS / 83GW009KFW";423 385 ₸;/p/lenovo-v15-g5-15-6-16-gb-ssd-512-gb-dos-83gw009kfw-166729208/?c=750000000
"Acer Aspire A715-59G-78KV 15.6"" / 24 Гб / SSD 512 Гб / Win 11 Pro / NH.QX6SA.006";609 990 ₸;/p/acer-aspire-a715-59g-78kv-15-6-24-gb-ssd-512-gb-win-11-pro-nh-qx6sa-006-169110054/?c=750000000
"Lenovo Legion Pro 5 16ADR10 16"" / 32 Гб / SSD 1000 Гб / Win 11 Home / 83LT000MUS";959 990 ₸;/p/lenovo-legion-pro-5-16adr10-16-32-gb-ssd-1000-gb-win-11-home-83lt000mus-169107932/?c=750000000
"ASUS Vivobook 15 15.6"" / 16 Гб / SSD 512 Гб / Win 11 Home / 90NB1841-M00H70";415 989 ₸;/p/asus-vivobook-15-15-6-16-gb-ssd-512-gb-win-11-home-90nb1841-m00h70-163987139/?c=750000000
"Acer NX.D76ER.001L 16"" / 24 Гб / SSD 1500 Гб / Win 11 Pro / AL16-54P-55CE";469 888 ₸;/p/acer-nx-d76er-001l-16-24-gb-ssd-1500-gb-win-11-pro-al16-54p-55ce-158135197/?c=750000000
"ASUS M1502YA-BQ606Z 15.6"" / 24 Гб / SSD 1000 Гб / Win 11 / 90NB0X21-M0ZX10";449 900 ₸;/p/asus-m1502ya-bq606z-15-6-24-gb-ssd-1000-gb-win-11-90nb0x21-m0zx10-162832401/?c=750000000
"ASUS X1504VA 15.6"" / 8 Гб / SSD 1000 Гб / Win 11 Pro / 90NB10J2-M0RBY0";299 900 ₸;/p/asus-x1504va-15-6-8-gb-ssd-1000-gb-win-11-pro-90nb10j2-m0rby0-154166599/?c=750000000
"ASUS Vivobook X1404V 14"" / 8 Гб / SSD 512 Гб / Win 11 Pro / 90NB13U1-M00FH0";299 990 ₸;/p/asus-vivobook-x1404v-14-8-gb-ssd-512-gb-win-11-pro-90nb13u1-m00fh0-165759824/?c=750000000
"ASUS X1504VA-BQ3122E 15.6"" / 16 Гб / SSD 2000 Гб / Win 11 Pro / 90NB13Y1-M012H0";459 900 ₸;/p/asus-x1504va-bq3122e-15-6-16-gb-ssd-2000-gb-win-11-pro-90nb13y1-m012h0-144511842/?c=750000000
"Acer Aspire 16 16"" / 48 Гб / SSD 1000 Гб / Win 11 Pro / NX.J5RER.002NW";639 988 ₸;/p/acer-aspire-16-16-48-gb-ssd-1000-gb-win-11-pro-nx-j5rer-002nw-140908454/?c=750000000
"Acer Aspire 16 16"" / 48 Гб / SSD 1000 Гб / Win 11 Pro / NX.J5RER.002NW";639 988 ₸;/p/acer-aspire-16-16-48-gb-ssd-1000-gb-win-11-pro-nx-j5rer-002nw-140908454/?c=750000000
"HP 15-fd01131qi 15.6"" / 8 Гб / SSD 256 Гб / Win 11 Pro / CL6V59EA#UUQ";297 498 ₸;/p/hp-15-fd01131qi-15-6-8-gb-ssd-256-gb-win-11-pro-cl6v59ea-uuq-153380140/?c=750000000
"ASUS ExpertBook B3402FV 14"" / 32 Гб / SSD 4000 Гб / Win 11 Pro / 90NH07N1-M08MD0";869 990 ₸;/p/asus-expertbook-b3402fv-14-32-gb-ssd-4000-gb-win-11-pro-90nh07n1-m08md0-169112062/?c=750000000
"MSI Cyborg 17 17.3"" / 16 Гб / SSD 1000 Гб / Без ОС / B2RWEKG-294XKZ";901 306 ₸;/p/msi-cyborg-17-17-3-16-gb-ssd-1000-gb-bez-os-b2rwekg-294xkz-161890344/?c=750000000
"DELL Pro 16 PC16250 16"" / 16 Гб / SSD 512 Гб / Win 11 Pro / 210-BPBF_BTO010";749 999 ₸;/p/dell-pro-16-pc16250-16-16-gb-ssd-512-gb-win-11-pro-210-bpbf-bto010-164729393/?c=750000000
"ASUS M1502YA-BQ606F 15.6"" / 12 Гб / SSD 2000 Гб / Win 11 / 90NB0X21-M0FX10";499 900 ₸;/p/asus-m1502ya-bq606f-15-6-12-gb-ssd-2000-gb-win-11-90nb0x21-m0fx10-162830823/?c=750000000
"ASUS Vivobook 15.6"" / 24 Гб / SSD 1000 Гб / Win 11 Pro / M1502YA-BQ608I/90NB0X22-M00X30";429 900 ₸;/p/asus-vivobook-15-6-24-gb-ssd-1000-gb-win-11-pro-m1502ya-bq608i-90nb0x22-m00x30-144691657/?c=750000000
"Leen Tech Tech Leenbook 14V10 14.1"" / 8 Гб / SSD 256 Гб / Win 10 / LB14V10";424 000 ₸;/p/leen-tech-tech-leenbook-14v10-14-1-8-gb-ssd-256-gb-win-10-lb14v10-103513725/?c=750000000
"ASUS M1502YA-BQ606N 15.6"" / 24 Гб / SSD 2000 Гб / Win 11 / 90NB0X21-M0NX10";549 900 ₸;/p/asus-m1502ya-bq606n-15-6-24-gb-ssd-2000-gb-win-11-90nb0x21-m0nx10-162831461/?c=750000000
"HP 15-fd0531kia 15.6"" / 20 Гб / SSD 1000 Гб / Win 11 Pro / B97HWEA";399 900 ₸;/p/hp-15-fd0531kia-15-6-20-gb-ssd-1000-gb-win-11-pro-b97hwea-160837526/?c=750000000
"Acer Aspire Lite 14"" / 8 Гб / SSD 512 Гб / Win 11 Pro / AL14-31P / NX.KS8ER.02W";269 990 ₸;/p/acer-aspire-lite-14-8-gb-ssd-512-gb-win-11-pro-al14-31p-nx-ks8er-02w-118127319/?c=750000000
"Zentek S03 15.6"" / 16 Гб / SSD 1024 Гб / Win 11 Pro / ZKN95161024";225 000 ₸;/p/zentek-s03-15-6-16-gb-ssd-1024-gb-win-11-pro-zkn95161024-166840920/?c=750000000
"ASUS X1504VA-BQ590W 15.6"" / 8 Гб / SSD 512 Гб / Win 11 Pro / 90NB13Y1-M0WX70";299 900 ₸;/p/asus-x1504va-bq590w-15-6-8-gb-ssd-512-gb-win-11-pro-90nb13y1-m0wx70-156907860/?c=750000000
"Acer A16-54P-39U1 16"" / 16 Гб / SSD 1000 Гб / Win 11 / NX.D75EM.014";339 989 ₸;/p/acer-a16-54p-39u1-16-16-gb-ssd-1000-gb-win-11-nx-d75em-014-166840306/?c=750000000
"Acer Aspire Lite AL16-54P-55CE 16"" / 16 Гб / SSD 2000 Гб / Win 11 Pro / NX.D76ER.001H";449 888 ₸;/p/acer-aspire-lite-al16-54p-55ce-16-16-gb-ssd-2000-gb-win-11-pro-nx-d76er-001h-157750544/?c=750000000
"PWR 7087 16.1"" / 16 Гб / SSD 512 Гб / Win 11 / GLT63PM";381 600 ₸;/p/pwr-7087-16-1-16-gb-ssd-512-gb-win-11-glt63pm-169112123/?c=750000000
"HP 15-fd01131ui 15.6"" / 12 Гб / SSD 1000 Гб / Win 11 Pro / CL6V59EA#UUQ";378 266 ₸;/p/hp-15-fd01131ui-15-6-12-gb-ssd-1000-gb-win-11-pro-cl6v59ea-uuq-153379790/?c=750000000
"Acer Aspire 7 A715-59G-78KV 15.6"" / 32 Гб / SSD 1000 Гб / Win 11 Pro / NH.QX6SA.009";689 990 ₸;/p/acer-aspire-7-a715-59g-78kv-15-6-32-gb-ssd-1000-gb-win-11-pro-nh-qx6sa-009-169110559/?c=750000000
"HP 15-fd0177li 15.6"" / 24 Гб / SSD 512 Гб / Win 11 Pro / BD1V23EA#UUQ";449 888 ₸;/p/hp-15-fd0177li-15-6-24-gb-ssd-512-gb-win-11-pro-bd1v23ea-uuq-154026047/?c=750000000
"ASUS Vivobook 16 16"" / 16 Гб / SSD 512 Гб / DOS / 90NB15A2-M00KJ0";667 999 ₸;/p/asus-vivobook-16-16-16-gb-ssd-512-gb-dos-90nb15a2-m00kj0-163991612/?c=750000000
"TECNO K15S 15.6"" / 8 Гб / SSD 512 Гб / Win 11 Home / 71005000465";329 990 ₸;/p/tecno-k15s-15-6-8-gb-ssd-512-gb-win-11-home-71005000465-158116899/?c=750000000
"MSI Cyborg 15 15.6"" / 16 Гб / SSD 1024 Гб / DOS / 9S7-15T121-061";781 599 ₸;/p/msi-cyborg-15-15-6-16-gb-ssd-1024-gb-dos-9s7-15t121-061-163649739/?c=750000000
"ASUS ROG Strix G16 16"" / 16 Гб / SSD 512 Гб / Без ОС / 90NR0CC1-M012K0";999 000 ₸;/p/asus-rog-strix-g16-16-16-gb-ssd-512-gb-bez-os-90nr0cc1-m012k0-138114976/?c=750000000
"ASUS Vivobook 16 16"" / 24 Гб / SSD 512 Гб / DOS / M1605NAQ-SH322";436 990 ₸;/p/asus-vivobook-16-16-24-gb-ssd-512-gb-dos-m1605naq-sh322-164858514/?c=750000000
"ASUS Vivobook 15 15.6"" / 16 Гб / SSD 512 Гб / Win 11 Home / M1502NAQ-BQ044W";405 990 ₸;/p/asus-vivobook-15-15-6-16-gb-ssd-512-gb-win-11-home-m1502naq-bq044w-164263176/?c=750000000
"ASUS TUF Gaming A15 15.6"" / 24 Гб / SSD 512 Гб / Win 11 Pro / FA506NFR-HN004P / 90NR0JU7-M0P6T0";495 264 ₸;/p/asus-tuf-gaming-a15-15-6-24-gb-ssd-512-gb-win-11-pro-fa506nfr-hn004p-90nr0ju7-m0p6t0-131728374/?c=750000000
"ASUS Asus Zenbook 14 14"" / 16 Гб / SSD 1024 Гб / Win 11 / UM3406KA-QD235";584 980 ₸;/p/asus-asus-zenbook-14-14-16-gb-ssd-1024-gb-win-11-um3406ka-qd235-141250883/?c=750000000
"HP OMEN Gaming Laptop 16"" / 16 Гб / SSD 1000 Гб / Без ОС / C0BN4EA";929 990 ₸;/p/hp-omen-gaming-laptop-16-16-gb-ssd-1000-gb-bez-os-c0bn4ea-155189876/?c=750000000
"MSI Katana 17 HX 17.3"" / 32 Гб / SSD 1000 Гб / DOS / B14WGK-401XKZ";1 189 990 ₸;/p/msi-katana-17-hx-17-3-32-gb-ssd-1000-gb-dos-b14wgk-401xkz-161434315/?c=750000000
"ASUS ROG Strix G16 G615JMR-S5207D 16"" / 64 Гб / SSD 2000 Гб / Win 11 Pro / 90NR0LB1-M00119A0";1 399 980 ₸;/p/asus-rog-strix-g16-g615jmr-s5207d-16-64-gb-ssd-2000-gb-win-11-pro-90nr0lb1-m00119a0-160187239/?c=750000000
"ASUS Ноутбук Asus Vivobook S16 16"" / 32 Гб / SSD 512 Гб / DOS / 90NB16F2-M00EM0";479 990 ₸;/p/asus-noutbuk-asus-vivobook-s16-16-32-gb-ssd-512-gb-dos-90nb16f2-m00em0-165531376/?c=750000000
"FIREBAT 16 Air 16"" / 16 Гб / M.2 512 Гб / Win 11 / F16AH25525";651 000 ₸;/p/firebat-16-air-16-16-gb-m-2-512-gb-win-11-f16ah25525-154272959/?c=750000000
"Apple MacBook Air 13.6"" / 16 Гб / SSD 256 Гб / macOS / MC8J4";577 000 ₸;/p/apple-macbook-air-13-6-16-gb-ssd-256-gb-macos-mc8j4-139293534/?c=750000000
"ASUS ExpertBook P1 P1403CVA-S60310 14"" / 8 Гб / SSD 256 Гб / Без ОС / 90NX0871-M00BU0";269 990 ₸;/p/asus-expertbook-p1-p1403cva-s60310-14-8-gb-ssd-256-gb-bez-os-90nx0871-m00bu0-152847698/?c=750000000
"Acer Nitro V 15 ANV15-51 15.6"" / 24 Гб / SSD 1000 Гб / Win 11 Pro / NH.QNCER.012";698 697 ₸;/p/acer-nitro-v-15-anv15-51-15-6-24-gb-ssd-1000-gb-win-11-pro-nh-qncer-012-133182176/?c=750000000
"HP 15-fd1130hi 15.6"" / 24 Гб / SSD 1000 Гб / Win 11 Pro / CL6V19EA#UUQ";393 409 ₸;/p/hp-15-fd1130hi-15-6-24-gb-ssd-1000-gb-win-11-pro-cl6v19ea-uuq-152836034/?c=750000000
"ARDOR GAMING NEO G17-I5ND303 17.3"" / 16 Гб / SSD 512 Гб / Без ОС / V175RNCQ-RU";655 073 ₸;/p/ardor-gaming-neo-g17-i5nd303-17-3-16-gb-ssd-512-gb-bez-os-v175rncq-ru-115262558/?c=750000000
"Lenovo LOQ 15IRX10 83JE002KUS 2025 15.6"" / 16 Гб / SSD 1000 Гб / Win 11 Home / 83JE002KUS";699 900 ₸;/p/lenovo-loq-15irx10-83je002kus-2025-15-6-16-gb-ssd-1000-gb-win-11-home-83je002kus-150749484/?c=750000000
"Lenovo V15 G4 IRU 15.6"" / 16 Гб / SSD 512 Гб / DOS / 83A100BBRU";379 887 ₸;/p/lenovo-v15-g4-iru-15-6-16-gb-ssd-512-gb-dos-83a100bbru-121868559/?c=750000000
"ASUS Vivobook 15 15.6"" / 24 Гб / SSD 1000 Гб / Win 11 Pro / X1504VA-BQ286ZW / 90NB10J2-M0ZWT0";399 982 ₸;/p/asus-vivobook-15-15-6-24-gb-ssd-1000-gb-win-11-pro-x1504va-bq286zw-90nb10j2-m0zwt0-119275118/?c=750000000
"Apple MacBook Air 15 2024 15.3"" / 16 Гб / SSD 256 Гб / macOS / MC9E4RU/A";999 990 ₸;/p/apple-macbook-air-15-2024-15-3-16-gb-ssd-256-gb-macos-mc9e4ru-a-132107454/?c=750000000
"Lenovo Legion 5 15IRX10 15.1"" / 32 Гб / SSD 1000 Гб / Без ОС / 83LY00JLRK";1 138 000 ₸;/p/lenovo-legion-5-15irx10-15-1-32-gb-ssd-1000-gb-bez-os-83ly00jlrk-146310803/?c=750000000
"Acer Aspire Lite AL15-72P 15.6"" / 16 Гб / SSD 1024 Гб / Без ОС / NX.D5GER.001";329 990 ₸;/p/acer-aspire-lite-al15-72p-15-6-16-gb-ssd-1024-gb-bez-os-nx-d5ger-001-149302452/?c=750000000
"MSI Cyborg 15 A13VE MS-15K1 15.6"" / 16 Гб / SSD 512 Гб / Без ОС / 9S7-15K111-1638";737 951 ₸;/p/msi-cyborg-15-a13ve-ms-15k1-15-6-16-gb-ssd-512-gb-bez-os-9s7-15k111-1638-131019043/?c=750000000
"ASUS TUF Gaming F15 15.6"" / 16 Гб / SSD 512 Гб / DOS / FX507VU-LP280 / 90NR0CJ7-M00L90";649 899 ₸;/p/asus-tuf-gaming-f15-15-6-16-gb-ssd-512-gb-dos-fx507vu-lp280-90nr0cj7-m00l90-118121617/?c=750000000
"ASUS TUF Gaming F15 15.6"" / 16 Гб / SSD 512 Гб / Без ОС / FX506HC-HN006 / 90NR0723-M02580";469 790 ₸;/p/asus-tuf-gaming-f15-15-6-16-gb-ssd-512-gb-bez-os-fx506hc-hn006-90nr0723-m02580-104257611/?c=750000000
"Lenovo V15 G4 AMN 15.6"" / 16 Гб / SSD 512 Гб / Без ОС / 82YU0121RU";446 402 ₸;/p/lenovo-v15-g4-amn-15-6-16-gb-ssd-512-gb-bez-os-82yu0121ru-124349333/?c=750000000
"ASUS ROG Strix G18 G815JMR-S9064 18"" / 16 Гб / M.2 1024 Гб / Без ОС / 90NR0LE1-M00370";1 090 000 ₸;/p/asus-rog-strix-g18-g815jmr-s9064-18-16-gb-m-2-1024-gb-bez-os-90nr0le1-m00370-143511157/?c=750000000
"Lenovo 15IAX9 15.6"" / 16 Гб / SSD 1000 Гб / Win 11 Pro / 83GS11EPRK";655 615 ₸;/p/lenovo-15iax9-15-6-16-gb-ssd-1000-gb-win-11-pro-83gs11eprk-144971919/?c=750000000
"HP VICTUS 15-fa2352TW 15.6"" / 16 Гб / SSD 512 Гб / Win 11 Pro / FGAZ11UA";638 000 ₸;/p/hp-victus-15-fa2352tw-15-6-16-gb-ssd-512-gb-win-11-pro-fgaz11ua-163717281/?c=750000000
"Lenovo ThinkBook 16 G7 ARP 16"" / 16 Гб / SSD 512 Гб / Без ОС / 21MW008FRU";439 990 ₸;/p/lenovo-thinkbook-16-g7-arp-16-16-gb-ssd-512-gb-bez-os-21mw008fru-163620489/?c=750000000
"HP 15-fc0053ci 15.6"" / 16 Гб / SSD 512 Гб / DOS / A9DT6EA#UUQ";329 888 ₸;/p/hp-15-fc0053ci-15-6-16-gb-ssd-512-gb-dos-a9dt6ea-uuq-122032706/?c=750000000
"ASUS TUF Gaming A15 15.6"" FA506NFR-HN100L 15.6"" / 64 Гб / SSD 512 Гб / Win 11 Pro / 90NR0JU7-M0L650";799 990 ₸;/p/asus-tuf-gaming-a15-15-6-fa506nfr-hn100l-15-6-64-gb-ssd-512-gb-win-11-pro-90nr0ju7-m0l650-141505463/?c=750000000
"Lenovo LOQ 15.6"" / 16 Гб / SSD 512 Гб / Без ОС / 15IAX9 / 83GS005NRK";449 900 ₸;/p/lenovo-loq-15-6-16-gb-ssd-512-gb-bez-os-15iax9-83gs005nrk-120335280/?c=750000000
"ASUS TUF Gaming A15 15.6"" / 16 Гб / SSD 512 Гб / DOS / FA507NU-LP031 / 90NR0EB5-M003D0";569 900 ₸;/p/asus-tuf-gaming-a15-15-6-16-gb-ssd-512-gb-dos-fa507nu-lp031-90nr0eb5-m003d0-110085700/?c=750000000
"Acer TMP214-43-TC0-R8NG 14"" / 32 Гб / SSD 1024 Гб / Win 11 Pro / N24Q5";449 999 ₸;/p/acer-tmp214-43-tc0-r8ng-14-32-gb-ssd-1024-gb-win-11-pro-n24q5-133758484/?c=750000000
"HP 15s 15.6"" / 16 Гб / SSD 256 Гб / DOS / 15s-eq2050ur / 4L5U2EA";299 900 ₸;/p/hp-15s-15-6-16-gb-ssd-256-gb-dos-15s-eq2050ur-4l5u2ea-112041198/?c=750000000
"Asus Vivobook 16 16"" / 16 Гб / SSD 512 Гб / DOS / X1607CA-MB262";399 900 ₸;/p/asus-vivobook-16-16-16-gb-ssd-512-gb-dos-x1607ca-mb262-163464197/?c=750000000
"ASUS ROG Strix G16 16"" / 16 Гб / SSD 1000 Гб / DOS / G614JV-N4190 / 90NR0C61-M00YZ0";1 199 921 ₸;/p/asus-rog-strix-g16-16-16-gb-ssd-1000-gb-dos-g614jv-n4190-90nr0c61-m00yz0-118376617/?c=750000000
"ASUS TUF Gaming F17 FX707VUR-HX210A 17.3"" / 24 Гб / SSD 1000 Гб / Win 11 Pro / 90NR0CS5-M0ACJ0";749 790 ₸;/p/asus-tuf-gaming-f17-fx707vur-hx210a-17-3-24-gb-ssd-1000-gb-win-11-pro-90nr0cs5-m0acj0-157404759/?c=750000000
"Zentek Vector 16"" / 32 Гб / SSD 1024 Гб / Win 11 Pro / ZKVECTOR321024KZ";750 000 ₸;/p/zentek-vector-16-32-gb-ssd-1024-gb-win-11-pro-zkvector321024kz-166840903/?c=750000000
"Lenovo IdeaPad Slim 3 15AHP10 15.3"" / 8 Гб / SSD 512 Гб / Без ОС / 83KA000VRK";370 309 ₸;/p/lenovo-ideapad-slim-3-15ahp10-15-3-8-gb-ssd-512-gb-bez-os-83ka000vrk-137737650/?c=750000000
"ASUS ProArt P16 16"" / 32 Гб / SSD 2000 Гб / Win 11 / H7606WW-SE038X";2 099 990 ₸;/p/asus-proart-p16-16-32-gb-ssd-2000-gb-win-11-h7606ww-se038x-154458577/?c=750000000
"ASUS TUF Gaming F15 15.6"" / 16 Гб / SSD 512 Гб / Без ОС / FX506HC-HN004 / 90NR0724-M00LS0";467 790 ₸;/p/asus-tuf-gaming-f15-15-6-16-gb-ssd-512-gb-bez-os-fx506hc-hn004-90nr0724-m00ls0-109198301/?c=750000000
"Apple MacBook Pro 14 2023 14.2"" / 18 Гб / SSD 512 Гб / macOS / MRX63RU/A";1 599 900 ₸;/p/apple-macbook-pro-14-2023-14-2-18-gb-ssd-512-gb-macos-mrx63ru-a-114861343/?c=750000000
"HP 15s 15.6"" / 8 Гб / SSD 512 Гб / Win 11 / 15s-fq5045ci / 6K3C4EA";289 899 ₸;/p/hp-15s-15-6-8-gb-ssd-512-gb-win-11-15s-fq5045ci-6k3c4ea-106825696/?c=750000000
"Lenovo LOQ 15.6"" / 16 Гб / SSD 512 Гб / DOS / 15IRH8 / 82XV00QURK";599 989 ₸;/p/lenovo-loq-15-6-16-gb-ssd-512-gb-dos-15irh8-82xv00qurk-113986961/?c=750000000
"Lenovo IdeaPad 1 15IJL7 15.6"" / 32 Гб / SSD 512 Гб / Win 11 Pro / 82LX16G9RK";318 469 ₸;/p/lenovo-ideapad-1-15ijl7-15-6-32-gb-ssd-512-gb-win-11-pro-82lx16g9rk-144483043/?c=750000000
"HP HP 15-fc0154hi 15.6"" / 20 Гб / SSD 512 Гб / Win 11 Pro / D2GP6EA#UUQ";347 143 ₸;/p/hp-hp-15-fc0154hi-15-6-20-gb-ssd-512-gb-win-11-pro-d2gp6ea-uuq-157005732/?c=750000000
"HP Spectre x360 14-eu0007ci 14"" / 16 Гб / SSD 512 Гб / Win 11 / A1AA3EA";1 058 888 ₸;/p/hp-spectre-x360-14-eu0007ci-14-16-gb-ssd-512-gb-win-11-a1aa3ea-124551853/?c=750000000
"ASUS TUF Gaming 15.6"" / 24 Гб / SSD 2000 Гб / Win 11 Pro / FA506NCR-HN041S / 90NR0JV7-M0S2W0";759 666 ₸;/p/asus-tuf-gaming-15-6-24-gb-ssd-2000-gb-win-11-pro-fa506ncr-hn041s-90nr0jv7-m0s2w0-129551392/?c=750000000
"ASUS TUF GAMING 15.6"" / 48 Гб / SSD 2000 Гб / Win 11 Pro / FA506NFR-HN004Q / 90NR0JU7-M0Q6T0";815 856 ₸;/p/asus-tuf-gaming-15-6-48-gb-ssd-2000-gb-win-11-pro-fa506nfr-hn004q-90nr0ju7-m0q6t0-132428136/?c=750000000
"ASUS TUF Gaming F16 FA607NU-RL086Q 16"" / 32 Гб / SSD 1000 Гб / Win 11 Pro / 90NR0MU3-M0Q4S0";729 887 ₸;/p/asus-tuf-gaming-f16-fa607nu-rl086q-16-32-gb-ssd-1000-gb-win-11-pro-90nr0mu3-m0q4s0-145168078/?c=750000000
"MSI Vector 16 HX A8WIG-074XKZ 16"" / 32 Гб / M.2 1000 Гб / DOS / A8WIG-074XKZ";1 939 000 ₸;/p/msi-vector-16-hx-a8wig-074xkz-16-32-gb-m-2-1000-gb-dos-a8wig-074xkz-160910018/?c=750000000
"MECHREVO Aurora X 16"" / 32 Гб / SSD 1000 Гб / Win 11 Pro / II9149032G000GPNNIGB00";1 039 990 ₸;/p/mechrevo-aurora-x-16-32-gb-ssd-1000-gb-win-11-pro-ii9149032g000gpnnigb00-154170392/?c=750000000
"Acer NL16-71G-526P 16"" / 16 Гб / SSD 1000 Гб / Win 11 Pro / NH.DAEER.001Q";499 899 ₸;/p/acer-nl16-71g-526p-16-16-gb-ssd-1000-gb-win-11-pro-nh-daeer-001q-153727262/?c=750000000
"Lenovo Legion 5 15IRX10 15.1"" / 16 Гб / SSD 1000 Гб / Без ОС / 83LY00GERK";1 053 726 ₸;/p/lenovo-legion-5-15irx10-15-1-16-gb-ssd-1000-gb-bez-os-83ly00gerk-162393375/?c=750000000
"Apple MacBook Air 13 2024 13.6"" / 16 Гб / SSD 256 Гб / macOS / MC8H4RU/A";630 320 ₸;/p/apple-macbook-air-13-2024-13-6-16-gb-ssd-256-gb-macos-mc8h4ru-a-131427506/?c=750000000
"ThundeRobot Hunter 16 16"" / 16 Гб / SSD 512 Гб / Win 11 Home / I713659H406016G512GQ240HMB";749 989 ₸;/p/thunderobot-hunter-16-16-16-gb-ssd-512-gb-win-11-home-i713659h406016g512gq240hmb-120669268/?c=750000000
"ASUS TUF Gaming F15 FX507ZC4-HN14Z 15.6"" / 48 Гб / SSD 1000 Гб / Win 11 Pro / 90NR0GW1-M0ZB60";707 570 ₸;/p/asus-tuf-gaming-f15-fx507zc4-hn14z-15-6-48-gb-ssd-1000-gb-win-11-pro-90nr0gw1-m0zb60-136207008/?c=750000000
"ASUS X1504VA-BQ542L 15.6"" / 40 Гб / SSD 512 Гб / Win 11 Pro / 90NB10J2";454 991 ₸;/p/asus-x1504va-bq542l-15-6-40-gb-ssd-512-gb-win-11-pro-90nb10j2-139481009/?c=750000000
"ASUS TUF Gaming F16 FX608JPR-RV019A 16"" / 20 Гб / SSD 512 Гб / Win 11 Pro / 90NR0NG1-M0R350";969 989 ₸;/p/asus-tuf-gaming-f16-fx608jpr-rv019a-16-20-gb-ssd-512-gb-win-11-pro-90nr0ng1-m0r350-153660852/?c=750000000
"ThundeRobot 911 Plus X 17.3"" / 16 Гб / SSD 512 Гб / Win 11 Pro / 911 Plus X";477 790 ₸;/p/thunderobot-911-plus-x-17-3-16-gb-ssd-512-gb-win-11-pro-911-plus-x-114124040/?c=750000000
"MSI Vector A18 HX 18"" / 32 Гб / SSD 1024 Гб / Win 11 Home / 9S7-182L84-249";1 449 770 ₸;/p/msi-vector-a18-hx-18-32-gb-ssd-1024-gb-win-11-home-9s7-182l84-249-164709985/?c=750000000
"Lenovo LOQ 15AHP10 15.6"" / 16 Гб / SSD 1024 Гб / Без ОС / 83JG000WRK";1 000 000 ₸;/p/lenovo-loq-15ahp10-15-6-16-gb-ssd-1024-gb-bez-os-83jg000wrk-144031024/?c=750000000
"ASUS Zenbook 14 14"" / 16 Гб / M.2 1000 Гб / Win 11 Home / UX3405CA-PP157W";739 000 ₸;/p/asus-zenbook-14-14-16-gb-m-2-1000-gb-win-11-home-ux3405ca-pp157w-154850931/?c=750000000
"Huawei MateBook X Pro VanGoghH-7211TM 14.2"" / 32 Гб / SSD 1000 Гб / Без ОС / 53014NRR";949 990 ₸;/p/huawei-matebook-x-pro-vangoghh-7211tm-14-2-32-gb-ssd-1000-gb-bez-os-53014nrr-157338047/?c=750000000
"ASUS V3607VH-RP075 16"" / 16 Гб / SSD 512 Гб / Без ОС / 90NB16L1-M006K0";567 990 ₸;/p/asus-v3607vh-rp075-16-16-gb-ssd-512-gb-bez-os-90nb16l1-m006k0-153500979/?c=750000000
"MECHREVO JiaoLong 16PRO 16"" / 32 Гб / M.2 1000 Гб / Win 11 Pro / JT07ZT35ETR5AS";979 990 ₸;/p/mechrevo-jiaolong-16pro-16-32-gb-m-2-1000-gb-win-11-pro-jt07zt35etr5as-161387360/?c=750000000
"ASUS TUF Gaming F16 FA607NU-RL086W 16"" / 16 Гб / SSD 512 Гб / Win 11 Pro / 90NR0MU3-M0W4S0";549 900 ₸;/p/asus-tuf-gaming-f16-fa607nu-rl086w-16-16-gb-ssd-512-gb-win-11-pro-90nr0mu3-m0w4s0-145168055/?c=750000000
"Apple MacBook Air 15 2024 15.3"" / 8 Гб / SSD 256 Гб / macOS / MRYP3RU/A";735 190 ₸;/p/apple-macbook-air-15-2024-15-3-8-gb-ssd-256-gb-macos-mryp3ru-a-118170126/?c=750000000
"HP Victus 16.1"" / 16 Гб / SSD 1024 Гб / DOS / 16-d1039ci / 6K316EA";1 099 991 ₸;/p/hp-victus-16-1-16-gb-ssd-1024-gb-dos-16-d1039ci-6k316ea-107676658/?c=750000000
"ThundeRobot R16 16"" / 16 Гб / SSD 1000 Гб / Win 11 Pro / JT009H00J";879 990 ₸;/p/thunderobot-r16-16-16-gb-ssd-1000-gb-win-11-pro-jt009h00j-162088314/?c=750000000
"ASUS Vivobook 17X 17.3"" / 8 Гб / SSD 512 Гб / Без ОС / X1704VA -AU464 / 90NB10V2-M00FM0";328 450 ₸;/p/asus-vivobook-17x-17-3-8-gb-ssd-512-gb-bez-os-x1704va--au464-90nb10v2-m00fm0-130149610/?c=750000000
"ThundeRobot 911PLUS 17.3"" / 16 Гб / SSD 1000 Гб / Win 11 Pro / 911PLUS-I713620H406016GQHD165HZ";899 890 ₸;/p/thunderobot-911plus-17-3-16-gb-ssd-1000-gb-win-11-pro-911plus-i713620h406016gqhd165hz-121594425/?c=750000000
"Machenike L16 Pro 16"" / 16 Гб / SSD 512 Гб / Win 11 /";699 990 ₸;/p/machenike-l16-pro-16-16-gb-ssd-512-gb-win-11--119280797/?c=750000000
"Acer Aspire Lite 16 16"" / 24 Гб / SSD 512 Гб / Win 11 Pro / NX.J5RER.002G";350 072 ₸;/p/acer-aspire-lite-16-16-24-gb-ssd-512-gb-win-11-pro-nx-j5rer-002g-140801613/?c=750000000
"ASUS TUF Gaming A15 15.6"" / 16 Гб / SSD 512 Гб / DOS / FA507NUR-LP044 / 90NR0JP5-M002D0";549 000 ₸;/p/asus-tuf-gaming-a15-15-6-16-gb-ssd-512-gb-dos-fa507nur-lp044-90nr0jp5-m002d0-120622042/?c=750000000
"Apple MacBook Air 15 2023 15.3"" / 8 Гб / SSD 512 Гб / macOS / MQKV3";985 310 ₸;/p/apple-macbook-air-15-2023-15-3-8-gb-ssd-512-gb-macos-mqkv3-114828395/?c=750000000
"DELL Inspiron 15 3520 15.6"" / 8 Гб / SSD 512 Гб / Win 11 Home / 210-BDIF-1";300 000 ₸;/p/dell-inspiron-15-3520-15-6-8-gb-ssd-512-gb-win-11-home-210-bdif-1-116529523/?c=750000000
"ASUS Vivobook F1504V 15.6"" / 16 Гб / SSD 1000 Гб / Win 11 Pro / 90NB17Y1-M00K0";399 990 ₸;/p/asus-vivobook-f1504v-15-6-16-gb-ssd-1000-gb-win-11-pro-90nb17y1-m00k0-165737146/?c=750000000
"Apple MacBook Pro 16 2023 16.2"" / 18 Гб / SSD 512 Гб / macOS / MRW13";1 343 690 ₸;/p/apple-macbook-pro-16-2023-16-2-18-gb-ssd-512-gb-macos-mrw13-114863282/?c=750000000
"ASUS ROG STRIX G16 G614PP-WH94 16"" / 16 Гб / SSD 2000 Гб / Win 11 Pro / 90NR0L68-M004S0";1 139 990 ₸;/p/asus-rog-strix-g16-g614pp-wh94-16-16-gb-ssd-2000-gb-win-11-pro-90nr0l68-m004s0-165936887/?c=750000000
"ASUS ROG STRIX G16 G614PP-WH94 16"" / 24 Гб / SSD 2000 Гб / Win 11 Pro / 90NR0L66-M004S0";1 189 990 ₸;/p/asus-rog-strix-g16-g614pp-wh94-16-24-gb-ssd-2000-gb-win-11-pro-90nr0l66-m004s0-165936921/?c=750000000
"Lenovo LOQ 15IRX10 15.6"" / 32 Гб / SSD 1000 Гб / Без ОС / 83JE00R6RK";889 990 ₸;/p/lenovo-loq-15irx10-15-6-32-gb-ssd-1000-gb-bez-os-83je00r6rk-164989269/?c=750000000
"Acer Nitro V 16S ANV16S-71-97BE 16"" / 16 Гб / M.2 1024 Гб / Win 11 Pro / NH.U29EM.003";869 989 ₸;/p/acer-nitro-v-16s-anv16s-71-97be-16-16-gb-m-2-1024-gb-win-11-pro-nh-u29em-003-162268929/?c=750000000
"ASUS VivoBook 16 X1605VA-MB1713N 16"" / 40 Гб / SSD 1000 Гб / Win 11 Pro / 90NB10N2-M0N4T0";569 990 ₸;/p/asus-vivobook-16-x1605va-mb1713n-16-40-gb-ssd-1000-gb-win-11-pro-90nb10n2-m0n4t0-146871578/?c=750000000
"Lenovo IdeaPad Slim 3 15IRH10 15.3"" / 16 Гб / SSD 512 Гб / Без ОС / 83K1002ERK";309 888 ₸;/p/lenovo-ideapad-slim-3-15irh10-15-3-16-gb-ssd-512-gb-bez-os-83k1002erk-144393087/?c=750000000
"ASUS TUF Gaming A17 FA707NU-DS53HW 17.3"" / 16 Гб / SSD 2000 Гб / Win 11 Pro / 90NR0EF-M2N7RO";719 990 ₸;/p/asus-tuf-gaming-a17-fa707nu-ds53hw-17-3-16-gb-ssd-2000-gb-win-11-pro-90nr0ef-m2n7ro-145925442/?c=750000000
"Asus ExpertBook 14"" / 8 Гб / SSD 512 Гб / Win 11 Pro / B3404CVA-Q50224X";443 990 ₸;/p/asus-expertbook-14-8-gb-ssd-512-gb-win-11-pro-b3404cva-q50224x-161699718/?c=750000000
"ASUS Zenbook 14 14"" / 16 Гб / SSD 1024 Гб / Win 11 / 90NB14W2-M00LP0";749 900 ₸;/p/asus-zenbook-14-14-16-gb-ssd-1024-gb-win-11-90nb14w2-m00lp0-137444380/?c=750000000
"ASUS TUF Gaming F16 15.6"" / 16 Гб / SSD 1000 Гб / Win 11 Pro / 90NR0MZ6-M0Q5K0";497 702 ₸;/p/asus-tuf-gaming-f16-15-6-16-gb-ssd-1000-gb-win-11-pro-90nr0mz6-m0q5k0-156794271/?c=750000000
"Great Asia TK-E156E 15.6"" / 16 Гб / SSD 512 Гб / Win 11 Pro / TK-E156E-06689";200 129 ₸;/p/great-asia-tk-e156e-15-6-16-gb-ssd-512-gb-win-11-pro-tk-e156e-06689-117323245/?c=750000000
"Apple MacBook Pro 14 2024 14"" / 16 Гб / SSD 1000 Гб / macOS / MXE13";820 000 ₸;/p/apple-macbook-pro-14-2024-14-16-gb-ssd-1000-gb-macos-mxe13-130149698/?c=750000000
"ASUS ROG Strix G16 16"" / 16 Гб / SSD 1000 Гб / DOS / G614JU-N3170";999 000 ₸;/p/asus-rog-strix-g16-16-16-gb-ssd-1000-gb-dos-g614ju-n3170-112101738/?c=750000000
"ASUS TUF Gaming A15 15.6"" / 16 Гб / SSD 512 Гб / Без ОС / FA507RE-HN021 / 90NR08Y2-M00150";499 900 ₸;/p/asus-tuf-gaming-a15-15-6-16-gb-ssd-512-gb-bez-os-fa507re-hn021-90nr08y2-m00150-106195370/?c=750000000
"HP ENVY x360 13.3"" / 16 Гб / SSD 512 Гб / Win 11 / 13-bf0026ci / 809P4EA";999 999 ₸;/p/hp-envy-x360-13-3-16-gb-ssd-512-gb-win-11-13-bf0026ci-809p4ea-114483216/?c=750000000
"Machenike L16 16"" / 16 Гб / SSD 1000 Гб / Win 11 Pro / L16-i713650HX468Q165HGXX";859 875 ₸;/p/machenike-l16-16-16-gb-ssd-1000-gb-win-11-pro-l16-i713650hx468q165hgxx-121568099/?c=750000000
"HP 15-fc0149ci 15.6"" / 16 Гб / SSD 1000 Гб / Без ОС / BL1N4EA";359 899 ₸;/p/hp-15-fc0149ci-15-6-16-gb-ssd-1000-gb-bez-os-bl1n4ea-138988041/?c=750000000
"Acer Nitro V ANV15-41-R6KT 15.6"" / 16 Гб / SSD 512 Гб / DOS / NH.QSHER.001";459 989 ₸;/p/acer-nitro-v-anv15-41-r6kt-15-6-16-gb-ssd-512-gb-dos-nh-qsher-001-122336842/?c=750000000
"Apple MacBook Air 13 2024 13.6"" / 16 Гб / SSD 512 Гб / macOS / MXCT3";800 000 ₸;/p/apple-macbook-air-13-2024-13-6-16-gb-ssd-512-gb-macos-mxct3-137228009/?c=750000000
"ASUS Vivobook 16 16"" / 16 Гб / SSD 1000 Гб / Без ОС / X1605VA-MB1698 / 90NB10N2-M02470";429 888 ₸;/p/asus-vivobook-16-16-16-gb-ssd-1000-gb-bez-os-x1605va-mb1698-90nb10n2-m02470-135637714/?c=750000000
"ASUS Vivobook 15 15.6"" / 8 Гб / SSD 256 Гб / DOS / X1504ZA-BQ084 / 90NB1021-M003H0";265 989 ₸;/p/asus-vivobook-15-15-6-8-gb-ssd-256-gb-dos-x1504za-bq084-90nb1021-m003h0-110246141/?c=750000000
"ASUS Vivobook 16 16"" / 8 Гб / SSD 512 Гб / Без ОС / X1605VA-MB318 / 90NB10N3-M00DF0";326 093 ₸;/p/asus-vivobook-16-16-8-gb-ssd-512-gb-bez-os-x1605va-mb318-90nb10n3-m00df0-117303606/?c=750000000
"Great Asia TK-E156S 15.6"" / 8 Гб / SSD 512 Гб / Win 10 Pro / Great Asia TK-E156S";164 996 ₸;/p/great-asia-tk-e156s-15-6-8-gb-ssd-512-gb-win-10-pro-great-asia-tk-e156s-108203504/?c=750000000
"Lenovo IdeaPad Slim 3 16ABR8 16"" / 16 Гб / SSD 512 Гб / Без ОС / 82XR0098RK";369 999 ₸;/p/lenovo-ideapad-slim-3-16abr8-16-16-gb-ssd-512-gb-bez-os-82xr0098rk-132137922/?c=750000000
"ASUS ROG Strix G16 16"" / 16 Гб / SSD 1000 Гб / Без ОС / G614FR-S5056 / 90NR0NK8-M002K0";1 459 990 ₸;/p/asus-rog-strix-g16-16-16-gb-ssd-1000-gb-bez-os-g614fr-s5056-90nr0nk8-m002k0-139972388/?c=750000000
"ASUS Vivobook 17 17.3"" / 16 Гб / SSD 512 Гб / Без ОС / 90NB13X2-M00A40";399 900 ₸;/p/asus-vivobook-17-17-3-16-gb-ssd-512-gb-bez-os-90nb13x2-m00a40-147769362/?c=750000000
"ASUS Vivobook Go E1504F 15.6"" / 16 Гб / SSD 512 Гб / Win 11 Home / 90NB0ZR1-M04660";339 990 ₸;/p/asus-vivobook-go-e1504f-15-6-16-gb-ssd-512-gb-win-11-home-90nb0zr1-m04660-154635060/?c=750000000
"MSI Vector 18 HX AI A2XWHG-1029XKZ 18"" / 32 Гб / SSD 1000 Гб / Без ОС / 9S7-1824B4-1029";1 831 384 ₸;/p/msi-vector-18-hx-ai-a2xwhg-1029xkz-18-32-gb-ssd-1000-gb-bez-os-9s7-1824b4-1029-162393095/?c=750000000
"ASUS TUF Gaming F16 15.6"" / 32 Гб / SSD 2000 Гб / Win 11 Pro / 90NR0MZ6-M0H5K0";729 990 ₸;/p/asus-tuf-gaming-f16-15-6-32-gb-ssd-2000-gb-win-11-pro-90nr0mz6-m0h5k0-156794273/?c=750000000
"Lenovo LOQ 15AHP10 15.6"" / 24 Гб / SSD 512 Гб / Win 11 Pro / 83JG007VRK";639 990 ₸;/p/lenovo-loq-15ahp10-15-6-24-gb-ssd-512-gb-win-11-pro-83jg007vrk-152089314/?c=750000000
"HP Victus 15-fa2081ci 15.6"" / 16 Гб / SSD 512 Гб / Без ОС / BZ2X5EA";699 990 ₸;/p/hp-victus-15-fa2081ci-15-6-16-gb-ssd-512-gb-bez-os-bz2x5ea-162393049/?c=750000000
"ASUS Vivobook S16 S3607VA-RP011 16"" / 16 Гб / SSD 1000 Гб / Без ОС / 90NB1671-M004V0";459 990 ₸;/p/asus-vivobook-s16-s3607va-rp011-16-16-gb-ssd-1000-gb-bez-os-90nb1671-m004v0-156135919/?c=750000000
"ASUS Rog Strix G18 18"" / 32 Гб / SSD 1000 Гб / Без ОС / G815LR-S9085";1 989 888 ₸;/p/asus-rog-strix-g18-18-32-gb-ssd-1000-gb-bez-os-g815lr-s9085-139254988/?c=750000000
"Lenovo ThinkBook 16 G8 IRL 16"" / 16 Гб / SSD 512 Гб / Без ОС / 21SH00G7RT";499 900 ₸;/p/lenovo-thinkbook-16-g8-irl-16-16-gb-ssd-512-gb-bez-os-21sh00g7rt-144482527/?c=750000000
"Acer Aspire 3 A315-59-52X6 15.6"" / 24 Гб / SSD 512 Гб / Win 11 Pro / NX.K6TER.14W";399 888 ₸;/p/acer-aspire-3-a315-59-52x6-15-6-24-gb-ssd-512-gb-win-11-pro-nx-k6ter-14w-132845545/?c=750000000
"TECNO Megabook K15S RA 15.6"" / 16 Гб / M.2 1000 Гб / Win 11 Home / 71003300513";489 999 ₸;/p/tecno-megabook-k15s-ra-15-6-16-gb-m-2-1000-gb-win-11-home-71003300513-141251634/?c=750000000
"Lenovo IdeaPad Slim 3 15"" / 8 Гб / SSD 512 Гб / Без ОС / 15IAH8 / 83ER00DJRK";308 999 ₸;/p/lenovo-ideapad-slim-3-15-8-gb-ssd-512-gb-bez-os-15iah8-83er00djrk-120629213/?c=750000000
"Lenovo V15 G4 IRU 15.6"" / 8 Гб / SSD 256 Гб / Без ОС / 83A10050RU";239 388 ₸;/p/lenovo-v15-g4-iru-15-6-8-gb-ssd-256-gb-bez-os-83a10050ru-121128569/?c=750000000
"ThundeRobot Hunter R16 16"" / 16 Гб / SSD 512 Гб / Win 11 Pro / I7137HX406016G512GQ165HRG";719 990 ₸;/p/thunderobot-hunter-r16-16-16-gb-ssd-512-gb-win-11-pro-i7137hx406016g512gq165hrg-136133701/?c=750000000
"ASUS TUF Gaming 15.6"" / 16 Гб / SSD 2000 Гб / Win 11 Pro / FA506NCR-HN044IW 90NR0JV7-MQ02W0";575 588 ₸;/p/asus-tuf-gaming-15-6-16-gb-ssd-2000-gb-win-11-pro-fa506ncr-hn044iw-90nr0jv7-mq02w0-129825370/?c=750000000
"ASUS Vivobook S 16 S3607VA 16"" / 16 Гб / SSD 1000 Гб / Без ОС / 90NB1671-M005C0";499 900 ₸;/p/asus-vivobook-s-16-s3607va-16-16-gb-ssd-1000-gb-bez-os-90nb1671-m005c0-139219431/?c=750000000
"ASUS ExpertBook P1403CVA-S61785W 14"" / 8 Гб / SSD 512 Гб / Win 11 Pro / 90NX0871-M0W2T0";349 888 ₸;/p/asus-expertbook-p1403cva-s61785w-14-8-gb-ssd-512-gb-win-11-pro-90nx0871-m0w2t0-154133350/?c=750000000
"HP 15s 15.6"" / 8 Гб / SSD 512 Гб / Win 10 / 15s-fq2074ur / 4A793EA";287 031 ₸;/p/hp-15s-15-6-8-gb-ssd-512-gb-win-10-15s-fq2074ur-4a793ea-102073038/?c=750000000
"Lenovo LOQ 15IAX9 15.6"" / 32 Гб / SSD 1024 Гб / Без ОС / 83GS005NRK";649 900 ₸;/p/lenovo-loq-15iax9-15-6-32-gb-ssd-1024-gb-bez-os-83gs005nrk-137941389/?c=750000000
"ThundeRobot Zero G3 Pro 7 16"" / 16 Гб / SSD 512 Гб / Win 11 / Zero G3 Pro 7";1 459 931 ₸;/p/thunderobot-zero-g3-pro-7-16-16-gb-ssd-512-gb-win-11-zero-g3-pro-7-114123722/?c=750000000
"ASUS TUF Gaming A15 15.6"" / 24 Гб / SSD 2000 Гб / Win 11 Pro / FA506NFR-HN004F / 90NR0JU7-M0F6T0";681 409 ₸;/p/asus-tuf-gaming-a15-15-6-24-gb-ssd-2000-gb-win-11-pro-fa506nfr-hn004f-90nr0ju7-m0f6t0-131725050/?c=750000000
"ASUS TUF Gaming A15 15.6"" / 16 Гб / SSD 512 Гб / Без ОС / FA507NUR-LP026 / 90NR0JP5-M002L0";569 000 ₸;/p/asus-tuf-gaming-a15-15-6-16-gb-ssd-512-gb-bez-os-fa507nur-lp026-90nr0jp5-m002l0-132471921/?c=750000000
"HP 15-fd0107ai 15.6"" / 12 Гб / SSD 2000 Гб / Win 11 Pro / 9U4C8EA#UUQ";492 489 ₸;/p/hp-15-fd0107ai-15-6-12-gb-ssd-2000-gb-win-11-pro-9u4c8ea-uuq-138844459/?c=750000000
"HP HP 15-fd0230rm 15.6"" / 8 Гб / SSD 512 Гб / Win 11 / C71GJUA#ABA";257 800 ₸;/p/hp-hp-15-fd0230rm-15-6-8-gb-ssd-512-gb-win-11-c71gjua-aba-162779594/?c=750000000
"ASUS TUF Gaming 15.6"" / 64 Гб / SSD 1000 Гб / Win 11 Pro / FA506NCR-HN044PRO 90NR0JV7-M0R2W0";799 990 ₸;/p/asus-tuf-gaming-15-6-64-gb-ssd-1000-gb-win-11-pro-fa506ncr-hn044pro-90nr0jv7-m0r2w0-129825392/?c=750000000
"Lenovo Ideapad Slim 3 15IRH8 15.6"" / 8 Гб / SSD 512 Гб / Без ОС / 83EM00HKSA";289 999 ₸;/p/lenovo-ideapad-slim-3-15irh8-15-6-8-gb-ssd-512-gb-bez-os-83em00hksa-146996093/?c=750000000
"ASUS ROG Strix G18 G814PM-S9027 18"" / 32 Гб / SSD 1000 Гб / Win 11 Pro / 90NR0L28";1 149 000 ₸;/p/asus-rog-strix-g18-g814pm-s9027-18-32-gb-ssd-1000-gb-win-11-pro-90nr0l28-162439286/?c=750000000
"ASUS TUF Gaming F16 FX607VU-RL059T 16"" / 24 Гб / SSD 512 Гб / Win 11 Pro / 90NR0N06-M0T2R0";649 649 ₸;/p/asus-tuf-gaming-f16-fx607vu-rl059t-16-24-gb-ssd-512-gb-win-11-pro-90nr0n06-m0t2r0-157407930/?c=750000000
"ASUS X1504ZA-BQ1104IW 15.6"" / 24 Гб / SSD 1000 Гб / Win 11 Pro / 90NB1022-MI1MW0";399 990 ₸;/p/asus-x1504za-bq1104iw-15-6-24-gb-ssd-1000-gb-win-11-pro-90nb1022-mi1mw0-121640669/?c=750000000
"ASUS FA506NCQ-HN031F 15.6"" / 16 Гб / SSD 2000 Гб / Win 11 / 90NR0QE7-M0F1A0";598 997 ₸;/p/asus-fa506ncq-hn031f-15-6-16-gb-ssd-2000-gb-win-11-90nr0qe7-m0f1a0-162830170/?c=750000000
"HP 15-fc0283zi 15.6"" / 32 Гб / SSD 512 Гб / Win 11 Pro / D29P3EA#UUQ";449 888 ₸;/p/hp-15-fc0283zi-15-6-32-gb-ssd-512-gb-win-11-pro-d29p3ea-uuq-160588964/?c=750000000
"ASUS VivoBook 15 X1504ZA-BQ1144 15.6"" / 16 Гб / SSD 512 Гб / Без ОС / 90NB1021-M020A0";275 333 ₸;/p/asus-vivobook-15-x1504za-bq1144-15-6-16-gb-ssd-512-gb-bez-os-90nb1021-m020a0-123238824/?c=750000000
"HP OmniBook 7 13-bg1008ci 13.3"" / 16 Гб / SSD 1000 Гб / Win 11 Home / D2GN2EA";633 290 ₸;/p/hp-omnibook-7-13-bg1008ci-13-3-16-gb-ssd-1000-gb-win-11-home-d2gn2ea-157336549/?c=750000000
"Machenike Light 16 Pro 16"" / 16 Гб / M.2 1000 Гб / Win 11 Pro / JJ00GV00F0045QCRS8XU";739 990 ₸;/p/machenike-light-16-pro-16-16-gb-m-2-1000-gb-win-11-pro-jj00gv00f0045qcrs8xu-144955583/?c=750000000
"HP OmniBook 5 Flip 14-fp0023ox 14"" / 16 Гб / SSD 1000 Гб / Win 11 / B51R7UA";499 900 ₸;/p/hp-omnibook-5-flip-14-fp0023ox-14-16-gb-ssd-1000-gb-win-11-b51r7ua-162991103/?c=750000000
"Lenovo Legion Pro 7 16IAX10H 16"" / 32 Гб / SSD 1000 Гб / Win 11 Home / 83F50053US";1 799 985 ₸;/p/lenovo-legion-pro-7-16iax10h-16-32-gb-ssd-1000-gb-win-11-home-83f50053us-157488218/?c=750000000
"Chuwi CoreBook X 14"" / 16 Гб / SSD 1000 Гб / Win 11 / CWI570-I9";333 580 ₸;/p/chuwi-corebook-x-14-16-gb-ssd-1000-gb-win-11-cwi570-i9-164415060/?c=750000000
"Apple MacBook Air 15 2024 15.3"" / 16 Гб / SSD 256 Гб / macOS / MC9E4";1 570 094 ₸;/p/apple-macbook-air-15-2024-15-3-16-gb-ssd-256-gb-macos-mc9e4-137230645/?c=750000000
"ASUS Vivobook 15 15.6"" / 16 Гб / SSD 1024 Гб / DOS / X1504ZA-BQ793 / 90NB1021-M014F0";447 107 ₸;/p/asus-vivobook-15-15-6-16-gb-ssd-1024-gb-dos-x1504za-bq793-90nb1021-m014f0-117936978/?c=750000000
"Acer OSI5165SUN 17.3"" / 16 Гб / SSD 512 Гб / Без ОС / NX.KHNER.001";439 990 ₸;/p/acer-osi5165sun-17-3-16-gb-ssd-512-gb-bez-os-nx-khner-001-146099565/?c=750000000
"ASUS M1502YA-BQ579P 15.6"" / 24 Гб / SSD 256 Гб / Win 11 Pro / 90NB0X21-M0PVR0";359 900 ₸;/p/asus-m1502ya-bq579p-15-6-24-gb-ssd-256-gb-win-11-pro-90nb0x21-m0pvr0-156282125/?c=750000000
"ASUS Vivobook 15 17.3"" / 24 Гб / SSD 2000 Гб / Win 11 Pro / X1704VA-AU615G / 90NB10V2-M0GPC0";699 900 ₸;/p/asus-vivobook-15-17-3-24-gb-ssd-2000-gb-win-11-pro-x1704va-au615g-90nb10v2-m0gpc0-139585213/?c=750000000
"Apple MacBook Air 15 2024 15.3"" / 16 Гб / SSD 256 Гб / macOS / MC9D4RU/A";949 990 ₸;/p/apple-macbook-air-15-2024-15-3-16-gb-ssd-256-gb-macos-mc9d4ru-a-132430115/?c=750000000
"ASUS Zenbook A14 14"" / 16 Гб / SSD 512 Гб / Win 11 / 90NB1501-M00RL0";589 990 ₸;/p/asus-zenbook-a14-14-16-gb-ssd-512-gb-win-11-90nb1501-m00rl0-148368402/?c=750000000
"ThundeRobot Hunter R16 16"" / 16 Гб / SSD 1000 Гб / Win 11 Pro / I7146HX407016G1TGQ240HRG";849 989 ₸;/p/thunderobot-hunter-r16-16-16-gb-ssd-1000-gb-win-11-pro-i7146hx407016g1tgq240hrg-136133756/?c=750000000
"HP Victus 15-fb3070ci 15.6"" / 16 Гб / SSD 512 Гб / Без ОС / CW2U4EA";459 990 ₸;/p/hp-victus-15-fb3070ci-15-6-16-gb-ssd-512-gb-bez-os-cw2u4ea-152361335/?c=750000000
"ASUS TUF Gaming A16 FA607NU-RL064 16"" / 16 Гб / SSD 512 Гб / Без ОС / 90NR0MU3-M00330";549 900 ₸;/p/asus-tuf-gaming-a16-fa607nu-rl064-16-16-gb-ssd-512-gb-bez-os-90nr0mu3-m00330-139347397/?c=750000000
"ASUS TUF F16 FX608JM-RV049 16"" / 16 Гб / SSD 512 Гб / Без ОС / 90NR0MI1-M002X0";699 800 ₸;/p/asus-tuf-f16-fx608jm-rv049-16-16-gb-ssd-512-gb-bez-os-90nr0mi1-m002x0-144258548/?c=750000000
"DELL Latitude 5540 15.6"" / 16 Гб / SSD 1000 Гб / Win 11 Pro / 6DGQPX3";694 875 ₸;/p/dell-latitude-5540-15-6-16-gb-ssd-1000-gb-win-11-pro-6dgqpx3-149294491/?c=750000000
"ASUS TUF Gaming F16 16"" / 16 Гб / SSD 512 Гб / Без ОС / 90NR0MZ6-M002M0";459 799 ₸;/p/asus-tuf-gaming-f16-16-16-gb-ssd-512-gb-bez-os-90nr0mz6-m002m0-145130876/?c=750000000
"ASUS ExpertBook B1 15.6"" / 8 Гб / SSD 512 Гб / Без ОС / B1502CVA-BQ0343 / 90NX06X1-M00CC0";346 498 ₸;/p/asus-expertbook-b1-15-6-8-gb-ssd-512-gb-bez-os-b1502cva-bq0343-90nx06x1-m00cc0-114353099/?c=750000000
"ASUS TUF Gaming F15 15.6"" / 16 Гб / SSD 1000 Гб / Win 11 Pro / FX507VU-LP280HW / 90NR0CJ7-M0HL90";697 999 ₸;/p/asus-tuf-gaming-f15-15-6-16-gb-ssd-1000-gb-win-11-pro-fx507vu-lp280hw-90nr0cj7-m0hl90-119937186/?c=750000000
"ASUS Rog Strix G16 G615LR-S5162 16"" / 16 Гб / SSD 1000 Гб / Без ОС / G615LR-S5162";1 399 908 ₸;/p/asus-rog-strix-g16-g615lr-s5162-16-16-gb-ssd-1000-gb-bez-os-g615lr-s5162-139898993/?c=750000000
"Acer Nitro V ANV15-41-R51M 15.6"" / 16 Гб / SSD 512 Гб / Без ОС / NH.QSGER.001";599 970 ₸;/p/acer-nitro-v-anv15-41-r51m-15-6-16-gb-ssd-512-gb-bez-os-nh-qsger-001-123949499/?c=750000000
"Lenovo V15 G4 AMN 15.6"" / 8 Гб / SSD 512 Гб / Без ОС / 82YU00VDRU";269 997 ₸;/p/lenovo-v15-g4-amn-15-6-8-gb-ssd-512-gb-bez-os-82yu00vdru-116906519/?c=750000000
"ASUS TUF Gaming A15 15.6"" / 32 Гб / SSD 1000 Гб / Win 11 Pro / FA506NFR-HN004D / 90NR0JU7-M0D6T0";619 459 ₸;/p/asus-tuf-gaming-a15-15-6-32-gb-ssd-1000-gb-win-11-pro-fa506nfr-hn004d-90nr0ju7-m0d6t0-131724998/?c=750000000
"Lenovo Legion 5 15IRX10 15.1"" / 16 Гб / SSD 1000 Гб / Win 11 / 83LY000MUS";997 360 ₸;/p/lenovo-legion-5-15irx10-15-1-16-gb-ssd-1000-gb-win-11-83ly000mus-164292417/?c=750000000
"Apple MacBook Air 15 2024 15.3"" / 8 Гб / SSD 512 Гб / macOS / MRYT3";645 000 ₸;/p/apple-macbook-air-15-2024-15-3-8-gb-ssd-512-gb-macos-mryt3-121742597/?c=750000000
"Acer Nitro V 15 15.6"" / 16 Гб / SSD 512 Гб / Без ОС / NH.QZ7ER.001";529 983 ₸;/p/acer-nitro-v-15-15-6-16-gb-ssd-512-gb-bez-os-nh-qz7er-001-149033176/?c=750000000
"HP 15-fc0084ci 15.6"" / 8 Гб / SSD 512 Гб / Без ОС / B4ND1EA";269 568 ₸;/p/hp-15-fc0084ci-15-6-8-gb-ssd-512-gb-bez-os-b4nd1ea-134924735/?c=750000000
"ThundeRobot Hunter Blade RS 16 16"" / 16 Гб / M.2 1000 Гб / Win 11 Pro / JT009L00K0045R6SSAM";809 978 ₸;/p/thunderobot-hunter-blade-rs-16-16-16-gb-m-2-1000-gb-win-11-pro-jt009l00k0045r6ssam-162167683/?c=750000000
"Great Asia E140C 14"" / 16 Гб / SSD 512 Гб / Win 11 / E140C-06678";211 000 ₸;/p/great-asia-e140c-14-16-gb-ssd-512-gb-win-11-e140c-06678-120203885/?c=750000000
"Lenovo V15 15.6"" / 8 Гб / SSD 512 Гб / Без ОС / 82YU016XRU";269 898 ₸;/p/lenovo-v15-15-6-8-gb-ssd-512-gb-bez-os-82yu016xru-148440677/?c=750000000
"Colorful G16 Pro Prestige 16"" / 32 Гб / M.2 1000 Гб / Win 11 Pro / I7A100032800";1 129 784 ₸;/p/colorful-g16-pro-prestige-16-32-gb-m-2-1000-gb-win-11-pro-i7a100032800-154785086/?c=750000000
"ASUS V16 V3607VH-RP017 16"" / 16 Гб / SSD 1000 Гб / Без ОС / 90NB16L1-M003E0";876 485 ₸;/p/asus-v16-v3607vh-rp017-16-16-gb-ssd-1000-gb-bez-os-90nb16l1-m003e0-142720004/?c=750000000
"ThundeRobot ThundeRobot 911X Wild Hunter 15.6"" / 32 Гб / SSD 1000 Гб / Win 11 Pro / JT00MGGTZ267TD";794 990 ₸;/p/thunderobot-thunderobot-911x-wild-hunter-15-6-32-gb-ssd-1000-gb-win-11-pro-jt00mggtz267td-141392082/?c=750000000
"Great Asia TK-E156 15.6"" / 8 Гб / SSD 128 Гб / Win 10 / 8 128GB";229 000 ₸;/p/great-asia-tk-e156-15-6-8-gb-ssd-128-gb-win-10-8-128gb-122236332/?c=750000000
"ASUS TUF Gaming F17 /FX707VJ-HX006P 17.3"" / 32 Гб / SSD 1000 Гб / Win 11 Pro / 90NR0MYS-M00060";629 887 ₸;/p/asus-tuf-gaming-f17-fx707vj-hx006p-17-3-32-gb-ssd-1000-gb-win-11-pro-90nr0mys-m00060-143568918/?c=750000000
"Lenovo IdeaPad Slim 3 15IRH10 15.3"" / 40 Гб / SSD 1000 Гб / Win 11 Pro / 83K2502WRK";599 989 ₸;/p/lenovo-ideapad-slim-3-15irh10-15-3-40-gb-ssd-1000-gb-win-11-pro-83k2502wrk-134802399/?c=750000000
"ASUS ExpertBook B1 15.6"" / 16 Гб / SSD 1024 Гб / Win 11 Pro / B1502CVA-BQ0899X / 90NX06X1-M01170";476 999 ₸;/p/asus-expertbook-b1-15-6-16-gb-ssd-1024-gb-win-11-pro-b1502cva-bq0899x-90nx06x1-m01170-118745419/?c=750000000
"ASUS FA506NCG-HN191H 15.6"" / 28 Гб / SSD 1000 Гб / Win 11 Pro / 90NR0JF7-M0HMB0";686 746 ₸;/p/asus-fa506ncg-hn191h-15-6-28-gb-ssd-1000-gb-win-11-pro-90nr0jf7-m0hmb0-154504193/?c=750000000
"Acer Aspire 16 16"" / 64 Гб / SSD 1000 Гб / Win 11 Pro / NX.J5RER.002RX";676 247 ₸;/p/acer-aspire-16-16-64-gb-ssd-1000-gb-win-11-pro-nx-j5rer-002rx-140911563/?c=750000000
"ASUS Vivobook 15 M1502YA-BQ579 15.6"" / 16 Гб / SSD 512 Гб / Без ОС / 90NB0X21-M00VR0";309 899 ₸;/p/asus-vivobook-15-m1502ya-bq579-15-6-16-gb-ssd-512-gb-bez-os-90nb0x21-m00vr0-141624501/?c=750000000
"Acer Aspire Lite 16"" / 16 Гб / SSD 256 Гб / Win 11 Pro / AL16-54P-778G / NX.D76ER.002Q";349 900 ₸;/p/acer-aspire-lite-16-16-gb-ssd-256-gb-win-11-pro-al16-54p-778g-nx-d76er-002q-152875200/?c=750000000
"ASUS TUF Gaming F15 15.6"" / 16 Гб / SSD 1024 Гб / Без ОС / FX507ZU4-LP053 / 90NR0FG7-M006R0";829 527 ₸;/p/asus-tuf-gaming-f15-15-6-16-gb-ssd-1024-gb-bez-os-fx507zu4-lp053-90nr0fg7-m006r0-112845897/?c=750000000
"Lenovo IdeaPad 15.6"" / 8 Гб / SSD 512 Гб / Без ОС / 82VG00UURK";260 000 ₸;/p/lenovo-ideapad-15-6-8-gb-ssd-512-gb-bez-os-82vg00uurk-133914285/?c=750000000
"ASUS TUF Gaming F15 15.6"" / 32 Гб / SSD 1000 Гб / DOS / FX507ZC4-HX144 / 90NR0GW1-M00BX0";625 613 ₸;/p/asus-tuf-gaming-f15-15-6-32-gb-ssd-1000-gb-dos-fx507zc4-hx144-90nr0gw1-m00bx0-115937421/?c=750000000
"ASUS TUF Gaming 15.6"" / 16 Гб / SSD 2000 Гб / Win 11 Pro / FA506NCR-HN041IW / 90NR0JV7-MQ02W0";588 679 ₸;/p/asus-tuf-gaming-15-6-16-gb-ssd-2000-gb-win-11-pro-fa506ncr-hn041iw-90nr0jv7-mq02w0-129550910/?c=750000000
"ASUS TUF Gaming F16 FX607VU-RL059W 16"" / 16 Гб / SSD 512 Гб / Win 11 Pro / 90NR0N06-M0W2R0";549 900 ₸;/p/asus-tuf-gaming-f16-fx607vu-rl059w-16-16-gb-ssd-512-gb-win-11-pro-90nr0n06-m0w2r0-157407399/?c=750000000
"Lenovo 15IAU7 15.6"" / 12 Гб / SSD 512 Гб / Win 11 Pro / 83RK0199RK";299 898 ₸;/p/lenovo-15iau7-15-6-12-gb-ssd-512-gb-win-11-pro-83rk0199rk-156636564/?c=750000000
"GIGABYTE Gaming A16 3THK3KZ893SD 16"" / 16 Гб / SSD 512 Гб / Без ОС / 9RGA6AB5THKHIK0KZ000";840 890 ₸;/p/gigabyte-gaming-a16-3thk3kz893sd-16-16-gb-ssd-512-gb-bez-os-9rga6ab5thkhik0kz000-161087458/?c=750000000
"ASUS Tuf Gaming 16 FX608JMR-RV167P 16"" / 24 Гб / SSD 2000 Гб / Win 11 Pro / 90NR0NB1-M0P9A0";990 000 ₸;/p/asus-tuf-gaming-16-fx608jmr-rv167p-16-24-gb-ssd-2000-gb-win-11-pro-90nr0nb1-m0p9a0-157391686/?c=750000000
"YAMI Notebook R19 16"" / 16 Гб / SSD 512 Гб / Win 11 / 0200186840838";339 990 ₸;/p/yami-notebook-r19-16-16-gb-ssd-512-gb-win-11-0200186840838-165770114/?c=750000000
"ASUS TUF Gaming F17 / FX707VJ-HX006J 17.3"" / 48 Гб / SSD 1000 Гб / Win 11 Pro / 90NR0MYS-M00060";779 999 ₸;/p/asus-tuf-gaming-f17-fx707vj-hx006j-17-3-48-gb-ssd-1000-gb-win-11-pro-90nr0mys-m00060-143568747/?c=750000000
"HP HP 15-fc0163ci 15.6"" / 16 Гб / SSD 1000 Гб / Без ОС / BK4Z7EA";349 899 ₸;/p/hp-hp-15-fc0163ci-15-6-16-gb-ssd-1000-gb-bez-os-bk4z7ea-141048888/?c=750000000
"Lenovo V15 IGL 15.6"" / 4 Гб / SSD 256 Гб / Без ОС / 82C3001NUE";198 989 ₸;/p/lenovo-v15-igl-15-6-4-gb-ssd-256-gb-bez-os-82c3001nue-115739774/?c=750000000
"Lenovo LOQ 15.6"" / 16 Гб / SSD 1024 Гб / Без ОС / 15IRX9 / 83DV005GRK";699 990 ₸;/p/lenovo-loq-15-6-16-gb-ssd-1024-gb-bez-os-15irx9-83dv005grk-116187834/?c=750000000
"ASUS Tuf Gaming 16 FX608JHR-RV171W 16"" / 16 Гб / SSD 512 Гб / Win 11 Pro / OFFICIAL STORE";748 888 ₸;/p/asus-tuf-gaming-16-fx608jhr-rv171w-16-16-gb-ssd-512-gb-win-11-pro-official-store-158317402/?c=750000000
"Apple MacBook Air 15 2023 15.3"" / 8 Гб / SSD 256 Гб / macOS / MQKP3";612 980 ₸;/p/apple-macbook-air-15-2023-15-3-8-gb-ssd-256-gb-macos-mqkp3-137242137/?c=750000000
"ASUS Vivobook 15 15.6"" / 16 Гб / SSD 512 Гб / Win 11 / X1504ZA-BQ029IW / 90NB1021-M01WJ0";309 999 ₸;/p/asus-vivobook-15-15-6-16-gb-ssd-512-gb-win-11-x1504za-bq029iw-90nb1021-m01wj0-116969041/?c=750000000
"ASUS Zenbook 14 14"" / 16 Гб / SSD 1024 Гб / Без ОС / 90NB14U1-M00E50";569 990 ₸;/p/asus-zenbook-14-14-16-gb-ssd-1024-gb-bez-os-90nb14u1-m00e50-143485570/?c=750000000
"ASUS VIVOBOOK F1504VAP-WH56 CORE5 15.6"" / 16 Гб / SSD 512 Гб / Win 11 / 90NB13Y2-M01D40";309 900 ₸;/p/asus-vivobook-f1504vap-wh56-core5-15-6-16-gb-ssd-512-gb-win-11-90nb13y2-m01d40-163415030/?c=750000000
"ThundeRobot 911 Plus G3 Pro 17.3"" / 16 Гб / SSD 512 Гб / Win 11 Pro /";969 990 ₸;/p/thunderobot-911-plus-g3-pro-17-3-16-gb-ssd-512-gb-win-11-pro--114123909/?c=750000000
"ASUS Vivobook 15 15.6"" / 16 Гб / SSD 512 Гб / Win 11 / 90NB0VX1-M03AU0";308 989 ₸;/p/asus-vivobook-15-15-6-16-gb-ssd-512-gb-win-11-90nb0vx1-m03au0-130162394/?c=750000000
"ASUS ROG Strix G16 16"" / 32 Гб / SSD 1000 Гб / DOS / G614JI-N4181 / 90NR0D41-M00V20";999 000 ₸;/p/asus-rog-strix-g16-16-32-gb-ssd-1000-gb-dos-g614ji-n4181-90nr0d41-m00v20-118060952/?c=750000000
"HP 240 G9 14"" / 8 Гб / SSD 512 Гб / Без ОС / 6S6U3EA";249 000 ₸;/p/hp-240-g9-14-8-gb-ssd-512-gb-bez-os-6s6u3ea-110054429/?c=750000000
"Lenovo IdeaPad Slim 3 15IRH8 15.6"" / 8 Гб / SSD 512 Гб / Без ОС / 83EM007FLK";318 417 ₸;/p/lenovo-ideapad-slim-3-15irh8-15-6-8-gb-ssd-512-gb-bez-os-83em007flk-150515574/?c=750000000
"ASUS TUF Gaming F16 FX608JPR-RV019 16"" / 16 Гб / SSD 1000 Гб / Без ОС / 90NR0NG1-M00350";938 989 ₸;/p/asus-tuf-gaming-f16-fx608jpr-rv019-16-16-gb-ssd-1000-gb-bez-os-90nr0ng1-m00350-154971278/?c=750000000
"Apple MacBook Air 15 2023 15.3"" / 8 Гб / SSD 256 Гб / macOS / MQKW3RU/A";856 790 ₸;/p/apple-macbook-air-15-2023-15-3-8-gb-ssd-256-gb-macos-mqkw3ru-a-111217728/?c=750000000
"ASUS Vivobook 15 15.6"" / 16 Гб / SSD 512 Гб / DOS / X1504VA-BQ449 / 90NB10J2-M00MF0";374 180 ₸;/p/asus-vivobook-15-15-6-16-gb-ssd-512-gb-dos-x1504va-bq449-90nb10j2-m00mf0-115751232/?c=750000000
"ASUS ROG Strix G16 G615JMR-S5207H 16"" / 64 Гб / SSD 4000 Гб / Win 11 Pro / 90NR0LB1-M00129A0";1 629 989 ₸;/p/asus-rog-strix-g16-g615jmr-s5207h-16-64-gb-ssd-4000-gb-win-11-pro-90nr0lb1-m00129a0-160187168/?c=750000000
"ASUS ROG Strix G16 G615JMR-S5324 16"" / 16 Гб / SSD 1000 Гб / Без ОС / 90NR0LB1-M00EF0";1 019 990 ₸;/p/asus-rog-strix-g16-g615jmr-s5324-16-16-gb-ssd-1000-gb-bez-os-90nr0lb1-m00ef0-161441321/?c=750000000
"Lenovo IdeaPad 3 15.6"" / 24 Гб / SSD 1000 Гб / Win 11 Pro / 15IAU7 / 82KD0024RK";389 990 ₸;/p/lenovo-ideapad-3-15-6-24-gb-ssd-1000-gb-win-11-pro-15iau7-82kd0024rk-119274906/?c=750000000
"Ноутбук ASUS Vivobook 15.6&#34; / 32 Гб / SSD 2000 Гб / Win 11 Pro / 90NB10T2-M0J440 / X1504VA-BQ827J";649 999 ₸;/p/noutbuk-asus-vivobook-15-6-34-32-gb-ssd-2000-gb-win-11-pro-90nb10t2-m0j440-x1504va-bq827j-157710681/?c=750000000
"ASUS TUF Gaming F16 16"" / 32 Гб / SSD 2000 Гб / Win 11 Home / 90NR0KJ4-M00020";1 199 990 ₸;/p/asus-tuf-gaming-f16-16-32-gb-ssd-2000-gb-win-11-home-90nr0kj4-m00020-165760068/?c=750000000
"HP 16-as0013dx 16"" / 16 Гб / M.2 512 Гб / Win 11 Home / B5UH0UA";565 000 ₸;/p/hp-16-as0013dx-16-16-gb-m-2-512-gb-win-11-home-b5uh0ua-148295648/?c=750000000
"Apple MacBook Pro 14 2024 14.2"" / 16 Гб / SSD 1024 Гб / macOS / MXE13RU/A";945 000 ₸;/p/apple-macbook-pro-14-2024-14-2-16-gb-ssd-1024-gb-macos-mxe13ru-a-118213470/?c=750000000
"Lenovo Legion Pro 7 16"" / 32 Гб / SSD 2000 Гб / Win 11 Home / 83F50014US";2 199 900 ₸;/p/lenovo-legion-pro-7-16-32-gb-ssd-2000-gb-win-11-home-83f50014us-156241303/?c=750000000
"ASUS TUF Gaming F16 15.6"" / 24 Гб / SSD 512 Гб / Win 11 Pro / 90NR0MZ6-M0T5K0";518 973 ₸;/p/asus-tuf-gaming-f16-15-6-24-gb-ssd-512-gb-win-11-pro-90nr0mz6-m0t5k0-156794256/?c=750000000
"ASUS Tuf Gaming 16 FX608JHR-RV171G 16"" / 24 Гб / SSD 512 Гб / Win 11 Pro / 90NR0NA1-M0G9E0";799 888 ₸;/p/asus-tuf-gaming-16-fx608jhr-rv171g-16-24-gb-ssd-512-gb-win-11-pro-90nr0na1-m0g9e0-158317665/?c=750000000
"Great Asia TK-E156 N5095 15.6"" / 16 Гб / SSD 512 Гб / Win 10 / TK-E156";260 890 ₸;/p/great-asia-tk-e156-n5095-15-6-16-gb-ssd-512-gb-win-10-tk-e156-111086092/?c=750000000
"FIREBAT T6AD-6R7D 16"" / 16 Гб / SSD 512 Гб / Win 11 / T6AD-6R7D16Q8";789 990 ₸;/p/firebat-t6ad-6r7d-16-16-gb-ssd-512-gb-win-11-t6ad-6r7d16q8-123600097/?c=750000000
"Acer Aspire 5 15.6"" / 8 Гб / SSD 512 Гб / DOS / A515-57 / NX.K3KER.00D";279 670 ₸;/p/acer-aspire-5-15-6-8-gb-ssd-512-gb-dos-a515-57-nx-k3ker-00d-108194829/?c=750000000
"Lenovo LOQ 15IRX10 15.6"" / 32 Гб / SSD 1000 Гб / Win 11 Pro / 83JE013BRK";817 714 ₸;/p/lenovo-loq-15irx10-15-6-32-gb-ssd-1000-gb-win-11-pro-83je013brk-148241060/?c=750000000
"MSI Vector A16 HX A8WIG-074XKZ 16"" / 32 Гб / SSD 1000 Гб / Без ОС / 9S7-15MM72-074";2 499 999 ₸;/p/msi-vector-a16-hx-a8wig-074xkz-16-32-gb-ssd-1000-gb-bez-os-9s7-15mm72-074-163620563/?c=750000000
"Lenovo V14 G5 IRL 14"" / 16 Гб / SSD 512 Гб / Без ОС / 83GU0083FW";369 900 ₸;/p/lenovo-v14-g5-irl-14-16-gb-ssd-512-gb-bez-os-83gu0083fw-149102229/?c=750000000
"Acer Aspire 3 15.6"" / 16 Гб / SSD 512 Гб / DOS / A315-44P-R7K7 / NX.KSJER.005";319 987 ₸;/p/acer-aspire-3-15-6-16-gb-ssd-512-gb-dos-a315-44p-r7k7-nx-ksjer-005-119705491/?c=750000000
"Apple MacBook Air 15 2024 15.3"" / 24 Гб / SSD 512 Гб / macOS / MC9H4RU/A";879 890 ₸;/p/apple-macbook-air-15-2024-15-3-24-gb-ssd-512-gb-macos-mc9h4ru-a-132084446/?c=750000000
"Lenovo ThinkBook 16 G7 QOY 16"" / 32 Гб / SSD 1024 Гб / Win 11 Pro / 21NH000GRU";629 930 ₸;/p/lenovo-thinkbook-16-g7-qoy-16-32-gb-ssd-1024-gb-win-11-pro-21nh000gru-134074552/?c=750000000
"ASUS Vivobook 16 16"" / 8 Гб / SSD 512 Гб / Win 11 Home / X1605ZA-MB240W / 90NB0ZA2-M01250";349 990 ₸;/p/asus-vivobook-16-16-8-gb-ssd-512-gb-win-11-home-x1605za-mb240w-90nb0za2-m01250-115768049/?c=750000000
"Tohom TK-E140C 14"" / 16 Гб / SSD 128 Гб / Win 11 / E-0694";159 000 ₸;/p/tohom-tk-e140c-14-16-gb-ssd-128-gb-win-11-e-0694-129037970/?c=750000000
"ASUS Tuf Gaming 16 FX608JHR-RV171H 16"" / 24 Гб / SSD 1000 Гб / Win 11 Pro / 90NR0NA1-M0H9E0";859 888 ₸;/p/asus-tuf-gaming-16-fx608jhr-rv171h-16-24-gb-ssd-1000-gb-win-11-pro-90nr0na1-m0h9e0-158317614/?c=750000000
"ASUS Vivobook X1404VA-EB271 14"" / 16 Гб / SSD 1000 Гб / Win 11 Pro / 90NB13U1-M00FD0";349 990 ₸;/p/asus-vivobook-x1404va-eb271-14-16-gb-ssd-1000-gb-win-11-pro-90nb13u1-m00fd0-165759897/?c=750000000
"ASUS TUF Gaming 15.6"" / 32 Гб / SSD 1000 Гб / Win 11 Pro / FA506NCR-HN044PW 90NR0JV7-M0P2W0";614 225 ₸;/p/asus-tuf-gaming-15-6-32-gb-ssd-1000-gb-win-11-pro-fa506ncr-hn044pw-90nr0jv7-m0p2w0-129825412/?c=750000000
"Lenovo Legion 7 16IAX10 16"" / 32 Гб / SSD 1000 Гб / Без ОС / 83KY0054RK";1 518 672 ₸;/p/lenovo-legion-7-16iax10-16-32-gb-ssd-1000-gb-bez-os-83ky0054rk-150645068/?c=750000000
"Lenovo IdeaPad 1 15AMN7 15.6"" / 8 Гб / SSD 512 Гб / Win 11 Home / 82VG00TNRK";269 998 ₸;/p/lenovo-ideapad-1-15amn7-15-6-8-gb-ssd-512-gb-win-11-home-82vg00tnrk-151228099/?c=750000000
"Apple MacBook Air 15 2024 15.3"" / 16 Гб / SSD 512 Гб / macOS / MXD43";885 338 ₸;/p/apple-macbook-air-15-2024-15-3-16-gb-ssd-512-gb-macos-mxd43-119975059/?c=750000000
"ASUS TUF Gaming F15 FX507ZC4-HN14U 15.6"" / 32 Гб / SSD 1000 Гб / Win 11 Pro / 90NR0GW1-M0UB60";643 026 ₸;/p/asus-tuf-gaming-f15-fx507zc4-hn14u-15-6-32-gb-ssd-1000-gb-win-11-pro-90nr0gw1-m0ub60-136205506/?c=750000000
"Lenovo IdeaPad Slim 3 15AMN8 15.6"" / 8 Гб / SSD 256 Гб / Win 11 / 82XR00D8RK";258 000 ₸;/p/lenovo-ideapad-slim-3-15amn8-15-6-8-gb-ssd-256-gb-win-11-82xr00d8rk-141544448/?c=750000000
"ASUS Vivobook 15 E1504GA-BQ560W 15.6"" / 8 Гб / SSD 256 Гб / Win 11 Pro / 90NB0ZT1-M00XZ0";239 890 ₸;/p/asus-vivobook-15-e1504ga-bq560w-15-6-8-gb-ssd-256-gb-win-11-pro-90nb0zt1-m00xz0-138007209/?c=750000000
"ASUS FX608JPR-QT093Z 16"" / 32 Гб / SSD 512 Гб / Win 11 Pro / 90NR0NG1-M0Z690";1 059 989 ₸;/p/asus-fx608jpr-qt093z-16-32-gb-ssd-512-gb-win-11-pro-90nr0ng1-m0z690-159386592/?c=750000000
"Lenovo IdeaPad Slim 3 15IRH8 15.6"" / 16 Гб / SSD 2000 Гб / Win 11 Pro / 83EM0717RK";499 999 ₸;/p/lenovo-ideapad-slim-3-15irh8-15-6-16-gb-ssd-2000-gb-win-11-pro-83em0717rk-131367035/?c=750000000
"ELERON SmartBook 15.6"" / 16 Гб / M.2 512 Гб / Win 11 / S.PF01R.04T";269 880 ₸;/p/eleron-smartbook-15-6-16-gb-m-2-512-gb-win-11-s-pf01r-04t-153379495/?c=750000000
"Ninkear A15 AIR 15.6"" / 8 Гб / SSD 512 Гб / Win 11 / A15 Air";229 300 ₸;/p/ninkear-a15-air-15-6-8-gb-ssd-512-gb-win-11-a15-air-161063226/?c=750000000
"HP EliteBook 840 G11 (Core Ultra 5 125H/512GB SSD/8GB/14.0&quot WUXGA IPS/Win 11 Pro), A26S8EA 14"" / 8 Гб / SSD 512 Гб / Win 11 Pro / A26S8EA";579 895 ₸;/p/hp-elitebook-840-g11-core-ultra-5-125h-512gb-ssd-8gb-14-0-quot-wuxga-ips-win-11-pro-a26s8ea-14-8-gb-ssd-512-gb-win-11-pro-a26s8ea-133847489/?c=750000000
"ASUS Vivobook S14 S3407CA-LY010 14"" / 16 Гб / M.2 1024 Гб / Без ОС / 90NB16J1-M006F0";625 986 ₸;/p/asus-vivobook-s14-s3407ca-ly010-14-16-gb-m-2-1024-gb-bez-os-90nb16j1-m006f0-143566478/?c=750000000
"Ноутбук ASUS Vivobook 15.6&#34; / 16 Гб / SSD 1000 Гб / Win 11 Pro / 90NB10T2-M0Q440 / X1504VA-BQ827Q";449 989 ₸;/p/noutbuk-asus-vivobook-15-6-34-16-gb-ssd-1000-gb-win-11-pro-90nb10t2-m0q440-x1504va-bq827q-157710660/?c=750000000
"ASUS TUF Gaming F15 FX507ZC4-HN14K 15.6"" / 48 Гб / SSD 512 Гб / Win 11 Pro / 90NR0GW1-M0KB60";663 673 ₸;/p/asus-tuf-gaming-f15-fx507zc4-hn14k-15-6-48-gb-ssd-512-gb-win-11-pro-90nr0gw1-m0kb60-136204297/?c=750000000
"Apple MacBook Pro 14 2024 14.2"" / 16 Гб / SSD 1000 Гб / macOS / MXE03";820 000 ₸;/p/apple-macbook-pro-14-2024-14-2-16-gb-ssd-1000-gb-macos-mxe03-130152957/?c=750000000
"Lenovo LOQ 15ARP9 15.6"" / 16 Гб / SSD 1000 Гб / Win 11 Pro / 83JG00LYUS";592 760 ₸;/p/lenovo-loq-15arp9-15-6-16-gb-ssd-1000-gb-win-11-pro-83jg00lyus-165611889/?c=750000000
"ASUS TUF Gaming F16 FX607VJ-RL049M 16"" / 64 Гб / SSD 4000 Гб / Win 11 Pro / 90NR0MZ6-M0M2P0";1 199 989 ₸;/p/asus-tuf-gaming-f16-fx607vj-rl049m-16-64-gb-ssd-4000-gb-win-11-pro-90nr0mz6-m0m2p0-145167812/?c=750000000
"ASUS ROG Strix G16 16"" / 32 Гб / SSD 1000 Гб / DOS / G614PP-S5040";1 289 990 ₸;/p/asus-rog-strix-g16-16-32-gb-ssd-1000-gb-dos-g614pp-s5040-163100347/?c=750000000
"HP 15-fd0230wm 15.6"" / 8 Гб / SSD 512 Гб / Без ОС / 920WQE#UUQ";284 469 ₸;/p/hp-15-fd0230wm-15-6-8-gb-ssd-512-gb-bez-os-920wqe-uuq-161436289/?c=750000000
"Lenovo LOQ 15AHP10 15.6"" / 20 Гб / SSD 512 Гб / Win 11 Pro / 83JG004VRK";639 990 ₸;/p/lenovo-loq-15ahp10-15-6-20-gb-ssd-512-gb-win-11-pro-83jg004vrk-152089361/?c=750000000
"HP 15-fd0323ci 15.6"" / 16 Гб / SSD 512 Гб / Без ОС / D06L7EA";319 988 ₸;/p/hp-15-fd0323ci-15-6-16-gb-ssd-512-gb-bez-os-d06l7ea-161889376/?c=750000000
"Tohom ToHoM Elio 14.1"" / 8 Гб / SSD 128 Гб / Win 11 / ToHoM Elio";95 800 ₸;/p/tohom-tohom-elio-14-1-8-gb-ssd-128-gb-win-11-tohom-elio-163425874/?c=750000000
"HP 15-fd0118ri 15.6"" / 12 Гб / SSD 1000 Гб / Win 11 Pro / A2LR25EA#UQQ";357 643 ₸;/p/hp-15-fd0118ri-15-6-12-gb-ssd-1000-gb-win-11-pro-a2lr25ea-uqq-141287848/?c=750000000
"MSI Vector 17 HX AI A2XWHG-087XKZ 17"" / 32 Гб / SSD 1000 Гб / Без ОС / 9S7-17S372-087";1 449 990 ₸;/p/msi-vector-17-hx-ai-a2xwhg-087xkz-17-32-gb-ssd-1000-gb-bez-os-9s7-17s372-087-140216223/?c=750000000
"ASUS VivoBook S 16 S3607VA 16"" / 16 Гб / SSD 512 Гб / Win 11 / 90NB1671-M00560";399 900 ₸;/p/asus-vivobook-s-16-s3607va-16-16-gb-ssd-512-gb-win-11-90nb1671-m00560-139219409/?c=750000000
"Lenovo ThinkBook 16 Gen 7 16"" / 16 Гб / SSD 512 Гб / Win 11 Pro / 21MS0045RU";598 755 ₸;/p/lenovo-thinkbook-16-gen-7-16-16-gb-ssd-512-gb-win-11-pro-21ms0045ru-121494287/?c=750000000
"ASUS Vivobook X1504VA-BQ2383R 15.6"" / 16 Гб / SSD 512 Гб / Win 11 Pro / 90NB10J2";299 900 ₸;/p/asus-vivobook-x1504va-bq2383r-15-6-16-gb-ssd-512-gb-win-11-pro-90nb10j2-137073227/?c=750000000
"GIGABYTE AERO X16 COPILOT+ PC 16"" / 32 Гб / M.2 1000 Гб / Без ОС / 1VH93KZC64AD";1 200 000 ₸;/p/gigabyte-aero-x16-copilot-pc-16-32-gb-m-2-1000-gb-bez-os-1vh93kzc64ad-141405447/?c=750000000
"Lenovo 100e Chromebook Gen 3 11.6"" / 4 Гб / SSD 32 Гб / Chrome OS / 82J8S01U00";122 888 ₸;/p/lenovo-100e-chromebook-gen-3-11-6-4-gb-ssd-32-gb-chrome-os-82j8s01u00-110295452/?c=750000000
"ASUS Vivobook S14 14"" / 16 Гб / SSD 512 Гб / Win 11 / S3407VA-LY088W";499 900 ₸;/p/asus-vivobook-s14-14-16-gb-ssd-512-gb-win-11-s3407va-ly088w-154378813/?c=750000000
"ASUS ROG Strix G18 18"" / 16 Гб / SSD 1024 Гб / DOS / G814JV-N6172 / 90NR0CM1-M00BM0";898 888 ₸;/p/asus-rog-strix-g18-18-16-gb-ssd-1024-gb-dos-g814jv-n6172-90nr0cm1-m00bm0-119277358/?c=750000000
"Lenovo V14 G5 IRL 14"" / 16 Гб / SSD 512 Гб / Без ОС / 83GU0085FW";450 000 ₸;/p/lenovo-v14-g5-irl-14-16-gb-ssd-512-gb-bez-os-83gu0085fw-149031813/?c=750000000
"ASUS ROG Strix G16 16"" / 16 Гб / M.2 1024 Гб / Win 11 Home / M00JM0";979 990 ₸;/p/asus-rog-strix-g16-16-16-gb-m-2-1024-gb-win-11-home-m00jm0-151799560/?c=750000000
"HP HP 15-fc0154di 15.6"" / 16 Гб / SSD 1000 Гб / Win 11 Pro / D2GP6EA#UUQ";368 362 ₸;/p/hp-hp-15-fc0154di-15-6-16-gb-ssd-1000-gb-win-11-pro-d2gp6ea-uuq-157005959/?c=750000000
"ASUS ROG Strix G18 18"" / 16 Гб / SSD 1000 Гб / Win 11 / G814JV-N5042W / 90NR0CM1-M003V0";899 900 ₸;/p/asus-rog-strix-g18-18-16-gb-ssd-1000-gb-win-11-g814jv-n5042w-90nr0cm1-m003v0-110644187/?c=750000000
"HONOR X 14 GDG-X 14"" / 16 Гб / SSD 512 Гб / Win 11 / 5301ALWU";394 990 ₸;/p/honor-x-14-gdg-x-14-16-gb-ssd-512-gb-win-11-5301alwu-135985169/?c=750000000
"ASUS Zenbook 14 UX3405CA-PP590 14"" / 16 Гб / SSD 1000 Гб / Без ОС / 90NB14W2-M00VA0";749 000 ₸;/p/asus-zenbook-14-ux3405ca-pp590-14-16-gb-ssd-1000-gb-bez-os-90nb14w2-m00va0-154213898/?c=750000000
"ASUS FX608JMR-RV118S 16"" / 24 Гб / SSD 1000 Гб / Win 11 Pro / 90NR0NB1-M0S6W0";889 000 ₸;/p/asus-fx608jmr-rv118s-16-24-gb-ssd-1000-gb-win-11-pro-90nr0nb1-m0s6w0-154903120/?c=750000000
"Acer AG15-21PT-R5GQ 15.6"" / 8 Гб / SSD 512 Гб / Win 11 / NX.JJJAA.004";248 899 ₸;/p/acer-ag15-21pt-r5gq-15-6-8-gb-ssd-512-gb-win-11-nx-jjjaa-004-154026218/?c=750000000
"ALFA-STORE TK-E156E 15.6"" / 8 Гб / SSD 512 Гб / Win 11 / TK-E156E";150 000 ₸;/p/alfa-store-tk-e156e-15-6-8-gb-ssd-512-gb-win-11-tk-e156e-143975414/?c=750000000
"ASUS 90NB15L1-M009M0 16"" / 32 Гб / SSD 2000 Гб / Win 11 / 90NB15L1-M009M0";1 598 989 ₸;/p/asus-90nb15l1-m009m0-16-32-gb-ssd-2000-gb-win-11-90nb15l1-m009m0-166024771/?c=750000000
"Apple MacBook Air 15 2024 15.3"" / 8 Гб / SSD 512 Гб / macOS / MRYV3";671 470 ₸;/p/apple-macbook-air-15-2024-15-3-8-gb-ssd-512-gb-macos-mryv3-118519795/?c=750000000
"HP 15-fd0122ci 15.6"" / 8 Гб / SSD 512 Гб / Без ОС / AF6D2EA#UUQ";260 044 ₸;/p/hp-15-fd0122ci-15-6-8-gb-ssd-512-gb-bez-os-af6d2ea-uuq-128650578/?c=750000000
"ASUS ROG Strix G16 16"" / 16 Гб / SSD 512 Гб / Без ОС / G614JU-N3186 / 90NR0CC1-M00Y20";799 990 ₸;/p/asus-rog-strix-g16-16-16-gb-ssd-512-gb-bez-os-g614ju-n3186-90nr0cc1-m00y20-117251822/?c=750000000
"ASUS Zenbook 14 14"" / 16 Гб / SSD 512 Гб / Win 11 / UM3406KA-QD152";639 900 ₸;/p/asus-zenbook-14-14-16-gb-ssd-512-gb-win-11-um3406ka-qd152-141159391/?c=750000000
"Lenovo Legion 7 16IAX10 16"" / 32 Гб / SSD 1000 Гб / Без ОС / 83KY0054RK";1 469 990 ₸;/p/lenovo-legion-7-16iax10-16-32-gb-ssd-1000-gb-bez-os-83ky0054rk-163564928/?c=750000000
"HP OMEN MAX 16-ah0021ci 16"" / 32 Гб / SSD 1024 Гб / Без ОС / D02E4EA";2 599 999 ₸;/p/hp-omen-max-16-ah0021ci-16-32-gb-ssd-1024-gb-bez-os-d02e4ea-154746722/?c=750000000
"Huawei MateBook D16 16"" / 8 Гб / SSD 512 Гб / Win 11 Home / MCLF-X / 53013WXD";379 990 ₸;/p/huawei-matebook-d16-16-8-gb-ssd-512-gb-win-11-home-mclf-x-53013wxd-116309486/?c=750000000
"ASUS TUF Gaming A15 15.6"" / 16 Гб / SSD 512 Гб / Без ОС / FA506NF-HN061 / 90NR0JE7-M00560";449 899 ₸;/p/asus-tuf-gaming-a15-15-6-16-gb-ssd-512-gb-bez-os-fa506nf-hn061-90nr0je7-m00560-117946339/?c=750000000
"Lenovo LOQ 15IRX10 15.6"" / 16 Гб / SSD 512 Гб / Без ОС / 83JE002BRK";608 651 ₸;/p/lenovo-loq-15irx10-15-6-16-gb-ssd-512-gb-bez-os-83je002brk-142317286/?c=750000000
"Acer Aspire Lite 16"" / 16 Гб / SSD 1000 Гб / Win 11 Pro / NX.J5RER.002A";346 369 ₸;/p/acer-aspire-lite-16-16-gb-ssd-1000-gb-win-11-pro-nx-j5rer-002a-140590217/?c=750000000
"ASUS Vivobook 15 X1504ZA-BQ1301S 15.6"" / 24 Гб / SSD 1000 Гб / Win 11 / 90NB1021-MS1XA0";399 557 ₸;/p/asus-vivobook-15-x1504za-bq1301s-15-6-24-gb-ssd-1000-gb-win-11-90nb1021-ms1xa0-135625648/?c=750000000
"Castom E180 15.6"" / 16 Гб / SSD 512 Гб / Win 11 Pro / 141491963";219 900 ₸;/p/castom-e180-15-6-16-gb-ssd-512-gb-win-11-pro-141491963-149753473/?c=750000000
"ASUS TUF Gaming F16 FX608JPR-QT092 16"" / 32 Гб / SSD 1000 Гб / Без ОС / 90NR0NG1-M00680";1 149 944 ₸;/p/asus-tuf-gaming-f16-fx608jpr-qt092-16-32-gb-ssd-1000-gb-bez-os-90nr0ng1-m00680-153183260/?c=750000000
"Apple MacBook Pro 14 2023 14.2"" / 8 Гб / SSD 1024 Гб / macOS / MTL83";919 030 ₸;/p/apple-macbook-pro-14-2023-14-2-8-gb-ssd-1024-gb-macos-mtl83-137242351/?c=750000000
"ASUS FA506NF-HN061W 15.6"" / 16 Гб / SSD 512 Гб / Win 11 Pro / 90NR0JE7-M0W560";441 788 ₸;/p/asus-fa506nf-hn061w-15-6-16-gb-ssd-512-gb-win-11-pro-90nr0je7-m0w560-121596433/?c=750000000
"Lenovo Legion Pro 5 16IAX10 16"" / 32 Гб / SSD 1000 Гб / Без ОС / 83F30010RK";1 099 990 ₸;/p/lenovo-legion-pro-5-16iax10-16-32-gb-ssd-1000-gb-bez-os-83f30010rk-141540526/?c=750000000
"Lenovo LOQ 15IRX10 15.6"" / 24 Гб / SSD 512 Гб / Win 11 Pro / 83JE006BRK";692 700 ₸;/p/lenovo-loq-15irx10-15-6-24-gb-ssd-512-gb-win-11-pro-83je006brk-148241344/?c=750000000
"Lenovo IdeaPad Slim 5 14"" / 16 Гб / SSD 512 Гб / Win 11 Home / 83HL004ERK";459 900 ₸;/p/lenovo-ideapad-slim-5-14-16-gb-ssd-512-gb-win-11-home-83hl004erk-141567857/?c=750000000
"ASUS TUF Gaming A15 15.6"" / 16 Гб / SSD 512 Гб / DOS / FA507NU-LP055 / 90NR0EB5-M006E0";569 900 ₸;/p/asus-tuf-gaming-a15-15-6-16-gb-ssd-512-gb-dos-fa507nu-lp055-90nr0eb5-m006e0-112211707/?c=750000000
"Liman Yoga 7 14"" / 16 Гб / SSD 512 Гб / Win 11 Pro / 1453140Y0003";275 000 ₸;/p/liman-yoga-7-14-16-gb-ssd-512-gb-win-11-pro-1453140y0003-150969610/?c=750000000
"Acer Aspire AL15-72P-57BW 15.6"" / 16 Гб / SSD 1000 Гб / Win 11 Pro / NX.D5HER.001E";399 990 ₸;/p/acer-aspire-al15-72p-57bw-15-6-16-gb-ssd-1000-gb-win-11-pro-nx-d5her-001e-152100549/?c=750000000
"MSI Crosshair 16 HX 16"" / 32 Гб / SSD 1000 Гб / Без ОС / 9S7-15P223-816";1 499 999 ₸;/p/msi-crosshair-16-hx-16-32-gb-ssd-1000-gb-bez-os-9s7-15p223-816-128355119/?c=750000000
"ASUS Vivobook 15 15.6"" / 16 Гб / SSD 512 Гб / Win 11 Pro / X1504ZA-BQ316W / 90NB1022-M00JW0";389 551 ₸;/p/asus-vivobook-15-15-6-16-gb-ssd-512-gb-win-11-pro-x1504za-bq316w-90nb1022-m00jw0-120654652/?c=750000000
"Lenovo V15 IGL 15.6"" / 4 Гб / SSD 256 Гб / DOS / 82C30053IH";197 291 ₸;/p/lenovo-v15-igl-15-6-4-gb-ssd-256-gb-dos-82c30053ih-107575991/?c=750000000
"ASUS TUF Gaming A17 FA707NU-DS53PW 17.3"" / 32 Гб / SSD 2000 Гб / Win 11 Pro / 90NR0EF-M5N7RO";829 900 ₸;/p/asus-tuf-gaming-a17-fa707nu-ds53pw-17-3-32-gb-ssd-2000-gb-win-11-pro-90nr0ef-m5n7ro-145925455/?c=750000000
"ThundeRobot Hunter R16 16"" / 32 Гб / M.2 1000 Гб / Win 11 Pro / I7146HX407016G1TGQ240HRG";919 989 ₸;/p/thunderobot-hunter-r16-16-32-gb-m-2-1000-gb-win-11-pro-i7146hx407016g1tgq240hrg-154138912/?c=750000000
"Lenovo Yoga 7 2-in-1 14ILL10 14"" / 16 Гб / SSD 1000 Гб / Без ОС / 83JQ003FRK";603 651 ₸;/p/lenovo-yoga-7-2-in-1-14ill10-14-16-gb-ssd-1000-gb-bez-os-83jq003frk-137862854/?c=750000000
"HP OMEN Gaming Laptop 16-am0052ci 16"" / 16 Гб / SSD 512 Гб / Без ОС / C0BN6EA";679 990 ₸;/p/hp-omen-gaming-laptop-16-am0052ci-16-16-gb-ssd-512-gb-bez-os-c0bn6ea-157714208/?c=750000000
"ASUS TUF Gaming F17 17.3"" / 8 Гб / SSD 512 Гб / Win 10 / FX706HM-HX009T / 90NR0743-M02210";499 900 ₸;/p/asus-tuf-gaming-f17-17-3-8-gb-ssd-512-gb-win-10-fx706hm-hx009t-90nr0743-m02210-103553988/?c=750000000
"Lenovo Legion 5 15IRX10 15.1"" / 16 Гб / SSD 512 Гб / Без ОС / 83LY000RRK";1 089 990 ₸;/p/lenovo-legion-5-15irx10-15-1-16-gb-ssd-512-gb-bez-os-83ly000rrk-142639919/?c=750000000
"HP 15-fd0230wm 15.6"" / 8 Гб / M.2 256 Гб / Win 11 / C68GJUA#ABA";225 793 ₸;/p/hp-15-fd0230wm-15-6-8-gb-m-2-256-gb-win-11-c68gjua-aba-162268796/?c=750000000
"Lenovo LOQ 16"" / 16 Гб / SSD 1024 Гб / DOS / 16IRH8 / 82XW004LRK";738 999 ₸;/p/lenovo-loq-16-16-gb-ssd-1024-gb-dos-16irh8-82xw004lrk-113461628/?c=750000000
"ASUS TUF Gaming A17 17.3"" / 16 Гб / SSD 1000 Гб / DOS / FA707NU-HX052 / 90NR0EF5-M00380";599 899 ₸;/p/asus-tuf-gaming-a17-17-3-16-gb-ssd-1000-gb-dos-fa707nu-hx052-90nr0ef5-m00380-118187807/?c=750000000
"HP Victus 15.6"" / 16 Гб / SSD 512 Гб / Без ОС / 15-fa0091ci / A1XP7EA";449 900 ₸;/p/hp-victus-15-6-16-gb-ssd-512-gb-bez-os-15-fa0091ci-a1xp7ea-119248281/?c=750000000
"ASUS TUF Gaming F16 FA607NU-RL086X 16"" / 32 Гб / SSD 512 Гб / Win 11 Pro / 90NR0MU3-M0X4S0";669 889 ₸;/p/asus-tuf-gaming-f16-fa607nu-rl086x-16-32-gb-ssd-512-gb-win-11-pro-90nr0mu3-m0x4s0-145168029/?c=750000000
"Apple MacBook Air 15 2024 15.3"" / 8 Гб / SSD 256 Гб / macOS / MRYR3";739 118 ₸;/p/apple-macbook-air-15-2024-15-3-8-gb-ssd-256-gb-macos-mryr3-118519774/?c=750000000
"FIREBAT T5A-5R66 15.6"" / 16 Гб / SSD 512 Гб / Win 11 / T5A-5R6616Q9";769 890 ₸;/p/firebat-t5a-5r66-15-6-16-gb-ssd-512-gb-win-11-t5a-5r6616q9-120122984/?c=750000000
"ASUS ExpertBook B1 B1502CVA-BQ0347X 15.6"" / 16 Гб / SSD 512 Гб / Win 11 Pro / 90NX06X1-M00CH0";449 999 ₸;/p/asus-expertbook-b1-b1502cva-bq0347x-15-6-16-gb-ssd-512-gb-win-11-pro-90nx06x1-m00ch0-115020867/?c=750000000
"Lenovo LOQ 15IRX10 15.6"" / 24 Гб / SSD 1000 Гб / Win 11 / 83JEOOOWUS";809 989 ₸;/p/lenovo-loq-15irx10-15-6-24-gb-ssd-1000-gb-win-11-83jeooowus-152329659/?c=750000000
"HP 15-fc0140awi 15.6"" / 32 Гб / SSD 1000 Гб / Win 11 Pro / BM0B033EA#UUQ";449 899 ₸;/p/hp-15-fc0140awi-15-6-32-gb-ssd-1000-gb-win-11-pro-bm0b033ea-uuq-145061889/?c=750000000
"ASUS TUF Gaming A15 15.6"" / 16 Гб / SSD 512 Гб / DOS / FA507NV-LP039 / 90NR0E85-M004W0";800 000 ₸;/p/asus-tuf-gaming-a15-15-6-16-gb-ssd-512-gb-dos-fa507nv-lp039-90nr0e85-m004w0-115736802/?c=750000000
"HP 15-fd0177ni 15.6"" 15.6"" / 32 Гб / SSD 1000 Гб / Win 11 Pro / BD1V28EA#UUQ";599 900 ₸;/p/hp-15-fd0177ni-15-6-15-6-32-gb-ssd-1000-gb-win-11-pro-bd1v28ea-uuq-154027999/?c=750000000
"Lenovo Legion Pro 5 16ADR10 16"" / 24 Гб / SSD 1000 Гб / Win 11 Pro / 83LT0015RK";959 990 ₸;/p/lenovo-legion-pro-5-16adr10-16-24-gb-ssd-1000-gb-win-11-pro-83lt0015rk-154219149/?c=750000000
"Lenovo Legion 5 15 IRX10 15.1"" / 16 Гб / SSD 2000 Гб / Win 11 Pro / 83LY002NUS";1 149 990 ₸;/p/lenovo-legion-5-15-irx10-15-1-16-gb-ssd-2000-gb-win-11-pro-83ly002nus-157509261/?c=750000000
"Apple MacBook Air 13 2024 13.6"" / 8 Гб / SSD 256 Гб / macOS / MRXT3";649 990 ₸;/p/apple-macbook-air-13-2024-13-6-8-gb-ssd-256-gb-macos-mrxt3-118723338/?c=750000000
"Lenovo V15 IGL 15.6"" / 4 Гб / SSD 256 Гб / DOS / 82C3001NAK";198 999 ₸;/p/lenovo-v15-igl-15-6-4-gb-ssd-256-gb-dos-82c3001nak-109041055/?c=750000000
"ASUS Vivobook 15 15.6"" / 16 Гб / SSD 512 Гб / DOS / 90NB13Y1-M02750";279 990 ₸;/p/asus-vivobook-15-15-6-16-gb-ssd-512-gb-dos-90nb13y1-m02750-159644421/?c=750000000
"Lenovo Legion 5 15IRX10 15.1"" / 24 Гб / SSD 512 Гб / Win 11 Pro / 83LY103RRK";1 099 990 ₸;/p/lenovo-legion-5-15irx10-15-1-24-gb-ssd-512-gb-win-11-pro-83ly103rrk-144971113/?c=750000000
"ASUS VIVOBOOK 15.6"" / 8 Гб / SSD 128 Гб / Win 11 Home / E1504GA-WS31";228 649 ₸;/p/asus-vivobook-15-6-8-gb-ssd-128-gb-win-11-home-e1504ga-ws31-123885902/?c=750000000
"ThundeRobot Range 17 Pro 17"" / 32 Гб / M.2 1000 Гб / Win 11 Pro / JT09600HZ";1 019 990 ₸;/p/thunderobot-range-17-pro-17-32-gb-m-2-1000-gb-win-11-pro-jt09600hz-151638146/?c=750000000
"ASUS Vivobook Go 15 15.6"" / 16 Гб / SSD 512 Гб / DOS / E1504FA-BQ534 / 90NB0ZR1-M01LY0";299 990 ₸;/p/asus-vivobook-go-15-15-6-16-gb-ssd-512-gb-dos-e1504fa-bq534-90nb0zr1-m01ly0-117006039/?c=750000000
"Lenovo LOQ 15.6"" / 16 Гб / SSD 1024 Гб / Без ОС / 15IRX9 / 83DV005LRK";698 503 ₸;/p/lenovo-loq-15-6-16-gb-ssd-1024-gb-bez-os-15irx9-83dv005lrk-116187807/?c=750000000
"Lenovo Legion 9 16IRX8 16"" / 32 Гб / SSD 2000 Гб / Без ОС / 83AG001ARK";2 988 888 ₸;/p/lenovo-legion-9-16irx8-16-32-gb-ssd-2000-gb-bez-os-83ag001ark-115508681/?c=750000000
"Lenovo IdeaPad 1 15.6"" / 12 Гб / SSD 512 Гб / Win 11 Pro / 83B41US";299 903 ₸;/p/lenovo-ideapad-1-15-6-12-gb-ssd-512-gb-win-11-pro-83b41us-160975974/?c=750000000
"Lenovo IdeaPad Slim 3 16ABR8 16"" / 8 Гб / SSD 256 Гб / Без ОС / 82XR009ARK";299 987 ₸;/p/lenovo-ideapad-slim-3-16abr8-16-8-gb-ssd-256-gb-bez-os-82xr009ark-138883603/?c=750000000
"ASUS Vivobook Go 15 15.6"" / 8 Гб / SSD 256 Гб / Без ОС / 90NB0ZT2-M01XR0";259 999 ₸;/p/asus-vivobook-go-15-15-6-8-gb-ssd-256-gb-bez-os-90nb0zt2-m01xr0-147546106/?c=750000000
"HP OmniBook X Flip 2-in-1 Next Gen AI 16-as0008ci 16"" / 16 Гб / SSD 1000 Гб / Win 11 Home / C1UP1EA";589 990 ₸;/p/hp-omnibook-x-flip-2-in-1-next-gen-ai-16-as0008ci-16-16-gb-ssd-1000-gb-win-11-home-c1up1ea-148974907/?c=750000000
"Acer Nitro Lite 16"" / 16 Гб / SSD 512 Гб / Win 11 Pro / NH.DAAER.001";430 000 ₸;/p/acer-nitro-lite-16-16-gb-ssd-512-gb-win-11-pro-nh-daaer-001-160870200/?c=750000000
"Huawei MitchellF-W5651 16"" / 16 Гб / SSD 512 Гб / Win 11 / 53013WXF";369 989 ₸;/p/huawei-mitchellf-w5651-16-16-gb-ssd-512-gb-win-11-53013wxf-122854952/?c=750000000
"ASUS TUF Gaming A15 FA506NCR-HN044 15.6"" / 16 Гб / SSD 512 Гб / DOS / 90NR0JV7-M002W0";449 897 ₸;/p/asus-tuf-gaming-a15-fa506ncr-hn044-15-6-16-gb-ssd-512-gb-dos-90nr0jv7-m002w0-121779938/?c=750000000
"ASUS Vivobook Pro 15 15.6"" / 24 Гб / SSD 1000 Гб / Без ОС / N6506CU-MA057 / 90NB15E3-M003S0";859 990 ₸;/p/asus-vivobook-pro-15-15-6-24-gb-ssd-1000-gb-bez-os-n6506cu-ma057-90nb15e3-m003s0-134727136/?c=750000000
ASUS Vivobook 17X K3704VA-AU051 17.3 16 Гб SSD 512 Гб DOS 90NB1091-M00210;453 990 ₸;/p/asus-vivobook-17x-k3704va-au051-17-3-16-gb-ssd-512-gb-dos-90nb1091-m00210-114267974/?c=750000000
"SNEL Snelbook Vision PRO 16"" / 16 Гб / SSD 512 Гб / Win 11 Pro / VSPRO-2105";999 990 ₸;/p/snel-snelbook-vision-pro-16-16-gb-ssd-512-gb-win-11-pro-vspro-2105-141035820/?c=750000000
"ASUS Vivobook Go 15 15.6"" / 16 Гб / SSD 512 Гб / DOS / E1504FA-BQ847 / 90NB0ZR1-M01DA0";299 900 ₸;/p/asus-vivobook-go-15-15-6-16-gb-ssd-512-gb-dos-e1504fa-bq847-90nb0zr1-m01da0-121205071/?c=750000000
"ASUS TUF Gaming A15 15.6"" / 16 Гб / SSD 512 Гб / DOS / FA507NU-LP141 / 90NR0EB5-M00FN0";555 951 ₸;/p/asus-tuf-gaming-a15-15-6-16-gb-ssd-512-gb-dos-fa507nu-lp141-90nr0eb5-m00fn0-117507185/?c=750000000
"ThundeRobot Zero Ultra 16"" / 32 Гб / SSD 1000 Гб / Win 11 Pro /";1 190 628 ₸;/p/thunderobot-zero-ultra-16-32-gb-ssd-1000-gb-win-11-pro--117440707/?c=750000000
"Acer Aspire Lite AL15-72P-57BW 15.6"" / 8 Гб / SSD 512 Гб / Win 11 Pro / NX.D5HER.001W";289 000 ₸;/p/acer-aspire-lite-al15-72p-57bw-15-6-8-gb-ssd-512-gb-win-11-pro-nx-d5her-001w-152090659/?c=750000000
"HP OMEN Gaming Laptop 16-am0048ci 16"" / 16 Гб / SSD 512 Гб / Без ОС / C0BN5EA";739 990 ₸;/p/hp-omen-gaming-laptop-16-am0048ci-16-16-gb-ssd-512-gb-bez-os-c0bn5ea-157714149/?c=750000000
"Lenovo IdeaPad 1 15.6"" / 24 Гб / SSD 1000 Гб / Win 11 Pro / 83B4000US";389 899 ₸;/p/lenovo-ideapad-1-15-6-24-gb-ssd-1000-gb-win-11-pro-83b4000us-160976011/?c=750000000
"MSI Cyborg 15 15.6"" / 16 Гб / SSD 1000 Гб / DOS / C2WF-011XKZ";905 598 ₸;/p/msi-cyborg-15-15-6-16-gb-ssd-1000-gb-dos-c2wf-011xkz-166654143/?c=750000000
"Lenovo 15IAX9 15.6"" / 16 Гб / SSD 512 Гб / Win 11 Pro / 83GS10EPRK";599 990 ₸;/p/lenovo-15iax9-15-6-16-gb-ssd-512-gb-win-11-pro-83gs10eprk-144972025/?c=750000000
"Acer Aspire Lite 16"" / 64 Гб / SSD 2000 Гб / Win 11 Pro / NX.J5RER.002AX";777 736 ₸;/p/acer-aspire-lite-16-64-gb-ssd-2000-gb-win-11-pro-nx-j5rer-002ax-140590294/?c=750000000
"ASUS ROG Strix G16 G615JMR-S5207W 16"" / 16 Гб / SSD 512 Гб / Win 11 Pro / 90NR0LB1-M0019A0";1 099 980 ₸;/p/asus-rog-strix-g16-g615jmr-s5207w-16-16-gb-ssd-512-gb-win-11-pro-90nr0lb1-m0019a0-160187438/?c=750000000
"HP ProBook 440 G11 UMA (Core Ultra 5 125U/512GB SSD/8GB/14.0&quot WUXGA IPS/Win 11 Pro), A23H1EA 14"" / 8 Гб / SSD 512 Гб / Win 11 Pro / A23H1EA";495 902 ₸;/p/hp-probook-440-g11-uma-core-ultra-5-125u-512gb-ssd-8gb-14-0-quot-wuxga-ips-win-11-pro-a23h1ea-14-8-gb-ssd-512-gb-win-11-pro-a23h1ea-133847486/?c=750000000
"ASUS TUF Gaming F16 FX608JPR-RV019A 16"" / 20 Гб / SSD 2000 Гб / Win 11 Pro / 90NR0NG1-M0Y350";1 188 710 ₸;/p/asus-tuf-gaming-f16-fx608jpr-rv019a-16-20-gb-ssd-2000-gb-win-11-pro-90nr0ng1-m0y350-153720581/?c=750000000
"ASUS VivoBook 15 X1504VA-BQ4468 15.6"" / 16 Гб / SSD 512 Гб / DOS / 90NB13Y2-M02600";309 900 ₸;/p/asus-vivobook-15-x1504va-bq4468-15-6-16-gb-ssd-512-gb-dos-90nb13y2-m02600-157710517/?c=750000000
"Acer Nitro V 15 15.6"" / 8 Гб / SSD 512 Гб / Без ОС / ANV15-51 / NH.QNDER.001";399 899 ₸;/p/acer-nitro-v-15-15-6-8-gb-ssd-512-gb-bez-os-anv15-51-nh-qnder-001-116792669/?c=750000000
"Acer Nitro V 15 15.6"" / 16 Гб / SSD 512 Гб / DOS / ANV15-51-76ER / NH.QNBEM.005";527 900 ₸;/p/acer-nitro-v-15-15-6-16-gb-ssd-512-gb-dos-anv15-51-76er-nh-qnbem-005-120235613/?c=750000000
"ASUS ROG Strix G16 G615JMR-S5207Y 16"" / 32 Гб / SSD 512 Гб / Win 11 Pro / 90NR0LB1-M0059A0";1 149 989 ₸;/p/asus-rog-strix-g16-g615jmr-s5207y-16-32-gb-ssd-512-gb-win-11-pro-90nr0lb1-m0059a0-160187275/?c=750000000
"ASUS TUF Gaming F16 FX607VU-RL112 16"" / 16 Гб / SSD 1000 Гб / DOS / 90NR0N06-M007E0";699 899 ₸;/p/asus-tuf-gaming-f16-fx607vu-rl112-16-16-gb-ssd-1000-gb-dos-90nr0n06-m007e0-160256135/?c=750000000
"ZFR TK-E157 15.6"" / 8 Гб / SSD 256 Гб / Win 11 / ZFR-TK-E157-8-256";198 000 ₸;/p/zfr-tk-e157-15-6-8-gb-ssd-256-gb-win-11-zfr-tk-e157-8-256-129221912/?c=750000000
"HP 15-fc0253ci 15.6"" / 16 Гб / SSD 512 Гб / Без ОС / CL6V0EA";299 900 ₸;/p/hp-15-fc0253ci-15-6-16-gb-ssd-512-gb-bez-os-cl6v0ea-152331858/?c=750000000
"ASUS ROG STRIX G16 G614FM-WS94 16"" / 16 Гб / SSD 1000 Гб / Win 11 Home / T5NRSG00B035194";1 000 000 ₸;/p/asus-rog-strix-g16-g614fm-ws94-16-16-gb-ssd-1000-gb-win-11-home-t5nrsg00b035194-150539931/?c=750000000
"YAMI Notebook HX16 14.1"" / 8 Гб / SSD 256 Гб / Win 11 / Notebook HX16";122 990 ₸;/p/yami-notebook-hx16-14-1-8-gb-ssd-256-gb-win-11-notebook-hx16-150626490/?c=750000000
"Acer Nitro V 15 15.6"" / 16 Гб / SSD 1000 Гб / Win 11 Pro / ANV15-51 / NH.QNBER.08W";656 834 ₸;/p/acer-nitro-v-15-15-6-16-gb-ssd-1000-gb-win-11-pro-anv15-51-nh-qnber-08w-120626079/?c=750000000
"HP 15-fc 15.6"" / 16 Гб / SSD 256 Гб / Без ОС / CH4N2EA";269 671 ₸;/p/hp-15-fc-15-6-16-gb-ssd-256-gb-bez-os-ch4n2ea-152087682/?c=750000000
"Oyan Book Y14 14.1"" / 16 Гб / SSD 512 Гб / Win 11 / OY-B-Y14";199 000 ₸;/p/oyan-book-y14-14-1-16-gb-ssd-512-gb-win-11-oy-b-y14-140754910/?c=750000000
"ASUS TUF Gaming A15 15.6"" FA506NFR-HN100Q 15.6"" / 16 Гб / SSD 2000 Гб / Win 11 Pro / 90NR0JU7-M0Q650";591 373 ₸;/p/asus-tuf-gaming-a15-15-6-fa506nfr-hn100q-15-6-16-gb-ssd-2000-gb-win-11-pro-90nr0ju7-m0q650-141505565/?c=750000000
"ASUS Vivobook 15 M1502NAQ-BQ048 15.6"" / 16 Гб / SSD 512 Гб / DOS / 90NB1841-M001W0";389 990 ₸;/p/asus-vivobook-15-m1502naq-bq048-15-6-16-gb-ssd-512-gb-dos-90nb1841-m001w0-156781562/?c=750000000
"MSI Cyborg 17.3"" / 16 Гб / SSD 512 Гб / Без ОС / 9S7-17U332-207";716 985 ₸;/p/msi-cyborg-17-3-16-gb-ssd-512-gb-bez-os-9s7-17u332-207-148527565/?c=750000000
"Lenovo V15 G5 IRL 15.6"" / 8 Гб / SSD 512 Гб / Без ОС / 83GW009JFW";329 989 ₸;/p/lenovo-v15-g5-irl-15-6-8-gb-ssd-512-gb-bez-os-83gw009jfw-149003350/?c=750000000
"ASUS TUF Gaming F15 15.6"" / 16 Гб / SSD 512 Гб / Win 11 Home / FX507 / 90NR0FA7-M009E0";799 429 ₸;/p/asus-tuf-gaming-f15-15-6-16-gb-ssd-512-gb-win-11-home-fx507-90nr0fa7-m009e0-116792760/?c=750000000
"ThundeRobot R16 16"" / 16 Гб / SSD 1000 Гб / Win 11 Pro / I9139HX406016G1TQ240HRG";817 729 ₸;/p/thunderobot-r16-16-16-gb-ssd-1000-gb-win-11-pro-i9139hx406016g1tq240hrg-135045024/?c=750000000
"ASUS TUF Gaming 15.6"" / 64 Гб / SSD 2000 Гб / Win 11 Pro / FA506NCR-HN044MAX 90NR0JV7-M0M2W0";813 435 ₸;/p/asus-tuf-gaming-15-6-64-gb-ssd-2000-gb-win-11-pro-fa506ncr-hn044max-90nr0jv7-m0m2w0-129825377/?c=750000000
"ASUS TUF Gaming F16 16"" / 16 Гб / SSD 512 Гб / Без ОС / 90NR0NB1-M009D0";699 888 ₸;/p/asus-tuf-gaming-f16-16-16-gb-ssd-512-gb-bez-os-90nr0nb1-m009d0-149785209/?c=750000000
"ASUS TUF Gaming A15 15.6"" / 40 Гб / SSD 2000 Гб / Win 11 Pro / FA506NFR-HN004A / 90NR0JU7-M0A6T0";779 129 ₸;/p/asus-tuf-gaming-a15-15-6-40-gb-ssd-2000-gb-win-11-pro-fa506nfr-hn004a-90nr0ju7-m0a6t0-131724429/?c=750000000
"Maibenben M17A 17.3"" / 16 Гб / SSD 512 Гб / Win 11 Home / M17A-R758UMF1SHURE1";385 990 ₸;/p/maibenben-m17a-17-3-16-gb-ssd-512-gb-win-11-home-m17a-r758umf1shure1-155612116/?c=750000000
"ASUS ROG Zephyrus G14 GA403WR-QS104 14"" / 32 Гб / SSD 1000 Гб / Без ОС / 90NR0M54-M005D0";1 999 971 ₸;/p/asus-rog-zephyrus-g14-ga403wr-qs104-14-32-gb-ssd-1000-gb-bez-os-90nr0m54-m005d0-141552011/?c=750000000
"Acer Aspire 3 15.6"" / 8 Гб / SSD 512 Гб / Endless OS / A315-56-399N / NX.HS5ER.02E";235 789 ₸;/p/acer-aspire-3-15-6-8-gb-ssd-512-gb-endless-os-a315-56-399n-nx-hs5er-02e-107970889/?c=750000000
"ThundeRobot Hunter Blade R16 16"" / 16 Гб / SSD 1000 Гб / Win 11 Pro / JBOBN800000J0QA511E7";789 764 ₸;/p/thunderobot-hunter-blade-r16-16-16-gb-ssd-1000-gb-win-11-pro-jbobn800000j0qa511e7-141074181/?c=750000000
"HP 15-fc0081ci 15.6"" / 16 Гб / SSD 512 Гб / Без ОС / B4LK8EA";311 338 ₸;/p/hp-15-fc0081ci-15-6-16-gb-ssd-512-gb-bez-os-b4lk8ea-131316795/?c=750000000
"Lenovo Yoga Pro 7 14.5"" / 32 Гб / SSD 1000 Гб / Win 11 Home / 14IMH9 / 83E2004BRU";1 122 888 ₸;/p/lenovo-yoga-pro-7-14-5-32-gb-ssd-1000-gb-win-11-home-14imh9-83e2004bru-120865712/?c=750000000
"ThundeRobot 911 Plus G3 X 17.3"" / 16 Гб / SSD 512 Гб / Win 11 Pro / 911 Plus G3 X";800 000 ₸;/p/thunderobot-911-plus-g3-x-17-3-16-gb-ssd-512-gb-win-11-pro-911-plus-g3-x-114123404/?c=750000000
"ASUS Zenbook A16 16"" / 48 Гб / SSD 1000 Гб / Win 11 / 90NB17W1-M00390";999 990 ₸;/p/asus-zenbook-a16-16-48-gb-ssd-1000-gb-win-11-90nb17w1-m00390-164310047/?c=750000000
"HP HP 15-fd0531yia 15.6"" 15.6"" / 32 Гб / SSD 1000 Гб / Win 11 Pro / B88HWEA";399 888 ₸;/p/hp-hp-15-fd0531yia-15-6-15-6-32-gb-ssd-1000-gb-win-11-pro-b88hwea-160537936/?c=750000000
"ThundeRobot 911S Core 15.6"" / 16 Гб / SSD 512 Гб / Win 11 Pro / JT009F00F";700 000 ₸;/p/thunderobot-911s-core-15-6-16-gb-ssd-512-gb-win-11-pro-jt009f00f-117046486/?c=750000000
"DELL Pro 16 PC16250 16"" / 16 Гб / SSD 512 Гб / Win 11 Pro / 210-BPBF_BTO015";589 990 ₸;/p/dell-pro-16-pc16250-16-16-gb-ssd-512-gb-win-11-pro-210-bpbf-bto015-164727549/?c=750000000
"ASUS ROG Strix G18 G815JMR-S9050A 18"" / 32 Гб / SSD 2000 Гб / Win 11 Pro / 90NR0LE1-M00ZC0";1 490 000 ₸;/p/asus-rog-strix-g18-g815jmr-s9050a-18-32-gb-ssd-2000-gb-win-11-pro-90nr0le1-m00zc0-153720881/?c=750000000
"HP Victus 15-fa2013tx 15.6"" / 16 Гб / M.2 512 Гб / Win 11 Pro / B04WHUA#ABA";469 900 ₸;/p/hp-victus-15-fa2013tx-15-6-16-gb-m-2-512-gb-win-11-pro-b04whua-aba-162347696/?c=750000000
"ASUS ROG Strix G18 G814PM-S9027 18"" / 16 Гб / M.2 1000 Гб / Win 11 Pro / 90NR0L28-M001N0";999 000 ₸;/p/asus-rog-strix-g18-g814pm-s9027-18-16-gb-m-2-1000-gb-win-11-pro-90nr0l28-m001n0-162268502/?c=750000000
"Chuwi GemiBook XPro 14.1"" / 8 Гб / SSD 256 Гб / Win 11 Home / CWI574";144 400 ₸;/p/chuwi-gemibook-xpro-14-1-8-gb-ssd-256-gb-win-11-home-cwi574-165532187/?c=750000000
"MSI Katana 15 HX 15.6"" / 16 Гб / SSD 1000 Гб / DOS / B14WFK-1027XKZ";919 990 ₸;/p/msi-katana-15-hx-15-6-16-gb-ssd-1000-gb-dos-b14wfk-1027xkz-161434380/?c=750000000
"ASUS TUF Gaming A15 15.6"" / 32 Гб / SSD 2000 Гб / Win 11 Pro / FA506NCR-HN041FW / 90NR0JV7-M0F2W0";759 989 ₸;/p/asus-tuf-gaming-a15-15-6-32-gb-ssd-2000-gb-win-11-pro-fa506ncr-hn041fw-90nr0jv7-m0f2w0-129550604/?c=750000000
"HP 15-fd0230wm 15.6"" / 16 Гб / SSD 512 Гб / Без ОС / 920WOE#UUF";301 381 ₸;/p/hp-15-fd0230wm-15-6-16-gb-ssd-512-gb-bez-os-920woe-uuf-161436643/?c=750000000
"Lenovo LOQ 15IRX10 15.6"" / 32 Гб / SSD 2000 Гб / Win 11 Pro / 83JF00R5RK";939 990 ₸;/p/lenovo-loq-15irx10-15-6-32-gb-ssd-2000-gb-win-11-pro-83jf00r5rk-165039874/?c=750000000
"ASUS Vivobook S14 14"" / 16 Гб / SSD 512 Гб / DOS / S3407CA-LY094";434 990 ₸;/p/asus-vivobook-s14-14-16-gb-ssd-512-gb-dos-s3407ca-ly094-164263203/?c=750000000
"Lenovo IdeaPad 15.6"" / 4 Гб / HDD 1000 Гб / Win 10 / S145-15IIL / 81W800KNRK";227 989 ₸;/p/lenovo-ideapad-15-6-4-gb-hdd-1000-gb-win-10-s145-15iil-81w800knrk-100328831/?c=750000000
"ASUS Vivobook 15 15.6"" / 16 Гб / SSD 512 Гб / DOS / X1504ZA-BQ297 / 90NB1021-M00DL0";308 669 ₸;/p/asus-vivobook-15-15-6-16-gb-ssd-512-gb-dos-x1504za-bq297-90nb1021-m00dl0-113290185/?c=750000000
"ASUS ROG Strix G18 18"" / 32 Гб / SSD 1024 Гб / Без ОС / 90NR0LE1-M00450";1 149 000 ₸;/p/asus-rog-strix-g18-18-32-gb-ssd-1024-gb-bez-os-90nr0le1-m00450-143376669/?c=750000000
"Acer Aspire 3 A315-59 15.6"" / 12 Гб / SSD 768 Гб / Win 11 Pro / NX.K6TEM.006";499 900 ₸;/p/acer-aspire-3-a315-59-15-6-12-gb-ssd-768-gb-win-11-pro-nx-k6tem-006-132993209/?c=750000000
"Lenovo IdeaPad Gaming 3 16"" / 16 Гб / SSD 512 Гб / DOS / 16IAH7 / 82SA00FARK";599 990 ₸;/p/lenovo-ideapad-gaming-3-16-16-gb-ssd-512-gb-dos-16iah7-82sa00fark-109295609/?c=750000000
"ASUS TUF Gaming A15 15.6"" / 8 Гб / SSD 512 Гб / DOS / FA506IHRB-HN084 / 90NR07G7-M008C0";499 800 ₸;/p/asus-tuf-gaming-a15-15-6-8-gb-ssd-512-gb-dos-fa506ihrb-hn084-90nr07g7-m008c0-106255184/?c=750000000
"ASUS Zenbook 14 UM3402YA-KP811W 14"" / 16 Гб / SSD 1000 Гб / Win 11 Home / 90NB0W95-M01JM0";599 970 ₸;/p/asus-zenbook-14-um3402ya-kp811w-14-16-gb-ssd-1000-gb-win-11-home-90nb0w95-m01jm0-121794698/?c=750000000
"MECHREVO YaoShi 16 Ultra 16"" / 32 Гб / M.2 1000 Гб / Win 11 Pro / FGMX6AR57TY0113201";1 299 559 ₸;/p/mechrevo-yaoshi-16-ultra-16-32-gb-m-2-1000-gb-win-11-pro-fgmx6ar57ty0113201-154740025/?c=750000000
"HP 15s-eq2004ci 15.6"" / 8 Гб / SSD 512 Гб / Без ОС / A27S8EA";279 000 ₸;/p/hp-15s-eq2004ci-15-6-8-gb-ssd-512-gb-bez-os-a27s8ea-124350535/?c=750000000
"Huawei Huawei MateBook 14 14"" / 32 Гб / SSD 1000 Гб / DOS / FlemingH-W5211T/DOS";589 990 ₸;/p/huawei-huawei-matebook-14-14-32-gb-ssd-1000-gb-dos-flemingh-w5211t-dos-157597532/?c=750000000
"ASUS TUF Gaming A15 15.6"" / 16 Гб / SSD 512 Гб / Без ОС / FA506IHRB-HN082 / 90NR07G7-M008E0";499 000 ₸;/p/asus-tuf-gaming-a15-15-6-16-gb-ssd-512-gb-bez-os-fa506ihrb-hn082-90nr07g7-m008e0-105681649/?c=750000000
"ASUS Vivobook 16X 16"" / 8 Гб / SSD 512 Гб / Win 11 / M1603QA-MB167W / 90NB0Y81-M009C0";1 000 000 ₸;/p/asus-vivobook-16x-16-8-gb-ssd-512-gb-win-11-m1603qa-mb167w-90nb0y81-m009c0-107072197/?c=750000000
"ASUS Vivobook F1605VA-WS74 16"" / 16 Гб / M.2 512 Гб / Win 11 / 90NB10N3-M01AV0";448 900 ₸;/p/asus-vivobook-f1605va-ws74-16-16-gb-m-2-512-gb-win-11-90nb10n3-m01av0-161585183/?c=750000000
"Lenovo IdeaPad 3 15.6"" / 16 Гб / SSD 512 Гб / Win 11 Pro / 15IAU7 / 82RK00RWRK";329 990 ₸;/p/lenovo-ideapad-3-15-6-16-gb-ssd-512-gb-win-11-pro-15iau7-82rk00rwrk-117183119/?c=750000000
"HP 15-fd0107wpi 15.6"" / 40 Гб / SSD 2000 Гб / Win 11 Pro / 9U4C8EA#UUQ";549 989 ₸;/p/hp-15-fd0107wpi-15-6-40-gb-ssd-2000-gb-win-11-pro-9u4c8ea-uuq-139107360/?c=750000000
"ASUS V16 V3607VH-RP080 16"" / 16 Гб / SSD 512 Гб / DOS / 90NB16L1-M006M0";649 634 ₸;/p/asus-v16-v3607vh-rp080-16-16-gb-ssd-512-gb-dos-90nb16l1-m006m0-163545691/?c=750000000
"ASUS TUF Gaming 15.6"" / 24 Гб / SSD 2000 Гб / Win 11 Pro / FA506NCR-HN044S 90NR0JV7-M0S2W0";687 150 ₸;/p/asus-tuf-gaming-15-6-24-gb-ssd-2000-gb-win-11-pro-fa506ncr-hn044s-90nr0jv7-m0s2w0-129825424/?c=750000000
"ASUS ProArt P16 16"" / 32 Гб / SSD 2000 Гб / Win 11 Pro / H7606WM-SR118X";1 644 990 ₸;/p/asus-proart-p16-16-32-gb-ssd-2000-gb-win-11-pro-h7606wm-sr118x-163100423/?c=750000000
"ASUS TUF Gaming 15.6"" / 64 Гб / SSD 1000 Гб / Win 11 Pro / FA506NCR-HN041PRO / 90NR0JV7-M0R2W0";823 608 ₸;/p/asus-tuf-gaming-15-6-64-gb-ssd-1000-gb-win-11-pro-fa506ncr-hn041pro-90nr0jv7-m0r2w0-129551100/?c=750000000
"ASUS ROG Strix G18 18"" / 16 Гб / SSD 1000 Гб / DOS / G814JV-N6035 / 90NR0CM1-M00B80";898 800 ₸;/p/asus-rog-strix-g18-18-16-gb-ssd-1000-gb-dos-g814jv-n6035-90nr0cm1-m00b80-118040867/?c=750000000
"Apple MacBook Air M5 2026 15.3"" / 16 Гб / SSD 512 Гб / macOS / MDV94";871 709 ₸;/p/apple-macbook-air-m5-2026-15-3-16-gb-ssd-512-gb-macos-mdv94-164717648/?c=750000000
"Dream Machines RG3050-15KZ70 15.6"" / 16 Гб / SSD 512 Гб / Без ОС / RG3050-15KZ70";459 990 ₸;/p/dream-machines-rg3050-15kz70-15-6-16-gb-ssd-512-gb-bez-os-rg3050-15kz70-154028683/?c=750000000
"ASUS TUF Gaming F15 15.6"" / 16 Гб / SSD 512 Гб / Win 11 Pro / FX507VU-LP280W / 90NR0CJ7-M0WL90";648 999 ₸;/p/asus-tuf-gaming-f15-15-6-16-gb-ssd-512-gb-win-11-pro-fx507vu-lp280w-90nr0cj7-m0wl90-119861937/?c=750000000
"Lenovo Legion 5 15IRX10 15.3"" / 16 Гб / SSD 1000 Гб / Без ОС / 83LY00GCRK";799 890 ₸;/p/lenovo-legion-5-15irx10-15-3-16-gb-ssd-1000-gb-bez-os-83ly00gcrk-162481710/?c=750000000
"ASUS ROG Strix G16 16"" / 16 Гб / SSD 512 Гб / Win 11 / G614JU-N3092W / 90NR0CC1-M00BC0";976 741 ₸;/p/asus-rog-strix-g16-16-16-gb-ssd-512-gb-win-11-g614ju-n3092w-90nr0cc1-m00bc0-112210001/?c=750000000
"HP 15-fc0140fi 15.6"" / 16 Гб / SSD 512 Гб / Win 11 Pro / BM0B013EA#UUQ";299 800 ₸;/p/hp-15-fc0140fi-15-6-16-gb-ssd-512-gb-win-11-pro-bm0b013ea-uuq-145061594/?c=750000000
"ASUS Vivobook 15 15.6"" / 16 Гб / SSD 1000 Гб / Без ОС / X1504ZA-BQ792 / 90NB1022-M014E0";394 394 ₸;/p/asus-vivobook-15-15-6-16-gb-ssd-1000-gb-bez-os-x1504za-bq792-90nb1022-m014e0-117081119/?c=750000000
"Acer Aspire Go 15 AG15-51P 15.6"" / 16 Гб / SSD 512 Гб / Без ОС / NX.J4ZER.005";319 640 ₸;/p/acer-aspire-go-15-ag15-51p-15-6-16-gb-ssd-512-gb-bez-os-nx-j4zer-005-133470709/?c=750000000
"Acer Nitro V 15 15.6"" / 8 Гб / SSD 512 Гб / Без ОС / ANV15-51 / NH.QNCER.001";478 993 ₸;/p/acer-nitro-v-15-15-6-8-gb-ssd-512-gb-bez-os-anv15-51-nh-qncer-001-116792696/?c=750000000
"YAMI Phantom X 15.9"" / 16 Гб / SSD 512 Гб / Win 11 Pro / 2000000015101";389 990 ₸;/p/yami-phantom-x-15-9-16-gb-ssd-512-gb-win-11-pro-2000000015101-145559427/?c=750000000
"Lenovo V15 G4 IRU 15.6"" / 16 Гб / SSD 512 Гб / Без ОС / 83A100BVRU";350 000 ₸;/p/lenovo-v15-g4-iru-15-6-16-gb-ssd-512-gb-bez-os-83a100bvru-143295974/?c=750000000
"Lenovo IdeaPad Slim 3 15IRH8 15.6"" / 16 Гб / SSD 1000 Гб / Win 11 Pro / 83EM0627RK";399 788 ₸;/p/lenovo-ideapad-slim-3-15irh8-15-6-16-gb-ssd-1000-gb-win-11-pro-83em0627rk-131366947/?c=750000000
"HP 15-fc0165ci 15.6"" / 16 Гб / SSD 512 Гб / Без ОС / BK4Z9EA";298 505 ₸;/p/hp-15-fc0165ci-15-6-16-gb-ssd-512-gb-bez-os-bk4z9ea-138881739/?c=750000000
"ASUS Vivobook S14 14"" / 16 Гб / SSD 1024 Гб / Без ОС / 90NB16J1-M006F0";459 990 ₸;/p/asus-vivobook-s14-14-16-gb-ssd-1024-gb-bez-os-90nb16j1-m006f0-143868072/?c=750000000
"ASUS Vivobook 15 15.6"" / 8 Гб / SSD 512 Гб / DOS / X1504ZA-BQ1103 / 90NB1021-M01MA0";295 265 ₸;/p/asus-vivobook-15-15-6-8-gb-ssd-512-gb-dos-x1504za-bq1103-90nb1021-m01ma0-117937001/?c=750000000
"Lenovo IdeaPad Slim 3 15IRH8 15.6"" / 16 Гб / SSD 512 Гб / Без ОС / 83EM009VRK";399 998 ₸;/p/lenovo-ideapad-slim-3-15irh8-15-6-16-gb-ssd-512-gb-bez-os-83em009vrk-124350553/?c=750000000
"Lenovo Legion 5 15IRX10 15.3"" / 16 Гб / SSD 1000 Гб / Без ОС / 83LY00GCRK";799 890 ₸;/p/lenovo-legion-5-15irx10-15-3-16-gb-ssd-1000-gb-bez-os-83ly00gcrk-162481710/?c=750000000
"ASUS Expertbook B5605CVA-MB0061 16"" / 16 Гб / SSD 1000 Гб / Без ОС / 90NX08H1-M00210";499 990 ₸;/p/asus-expertbook-b5605cva-mb0061-16-16-gb-ssd-1000-gb-bez-os-90nx08h1-m00210-160801824/?c=750000000
"ASUS ROG Strix G18 18"" / 32 Гб / SSD 1000 Гб / DOS / 90NR0LM1-M00210";1 309 990 ₸;/p/asus-rog-strix-g18-18-32-gb-ssd-1000-gb-dos-90nr0lm1-m00210-161600388/?c=750000000
"ASUS ROG Strix G16 16"" / 16 Гб / SSD 512 Гб / DOS / G614JU-N3231 / 90NR0CC1-M00DS0";999 000 ₸;/p/asus-rog-strix-g16-16-16-gb-ssd-512-gb-dos-g614ju-n3231-90nr0cc1-m00ds0-115736786/?c=750000000
"ASUS Zenbook Duo 14"" / 32 Гб / SSD 2000 Гб / Win 11 / 90NB16V1-M00JZ0";2 121 888 ₸;/p/asus-zenbook-duo-14-32-gb-ssd-2000-gb-win-11-90nb16v1-m00jz0-164293649/?c=750000000
"Lenovo IdeaPad 14"" / 4 Гб / HDD 1000 Гб / Win 10 / S145-14IKB / 81VB000XRK";199 999 ₸;/p/lenovo-ideapad-14-4-gb-hdd-1000-gb-win-10-s145-14ikb-81vb000xrk-100561103/?c=750000000
"Acer Aspire 3 15.6"" / 4 Гб / SSD 256 Гб / Без ОС / A315-56-38W0 / NX.HS5ER.00W";199 990 ₸;/p/acer-aspire-3-15-6-4-gb-ssd-256-gb-bez-os-a315-56-38w0-nx-hs5er-00w-103584137/?c=750000000
"ASUS Vivobook 15 15.6"" / 16 Гб / SSD 512 Гб / DOS / X1504ZA-BQ088 / 90NB1022-M008J0";299 800 ₸;/p/asus-vivobook-15-15-6-16-gb-ssd-512-gb-dos-x1504za-bq088-90nb1022-m008j0-116299089/?c=750000000
"ASUS TUF Gaming F17 17.3"" / 16 Гб / SSD 2000 Гб / Win 11 Pro / FX707ZC4-HX095IW/90NR0GX1-MI06F0";783 098 ₸;/p/asus-tuf-gaming-f17-17-3-16-gb-ssd-2000-gb-win-11-pro-fx707zc4-hx095iw-90nr0gx1-mi06f0-124066332/?c=750000000
"ASUS Rog Strix G18 18"" / 32 Гб / SSD 1024 Гб / Без ОС / 90NR0LT1-M00390";2 137 960 ₸;/p/asus-rog-strix-g18-18-32-gb-ssd-1024-gb-bez-os-90nr0lt1-m00390-140116264/?c=750000000
"Huawei MateBook D16 16"" / 16 Гб / SSD 1024 Гб / Win 11 Home / MitchellG-W9611";599 990 ₸;/p/huawei-matebook-d16-16-16-gb-ssd-1024-gb-win-11-home-mitchellg-w9611-116480692/?c=750000000
"Apple MacBook Air 13 2024 13.6"" / 24 Гб / SSD 512 Гб / macOS / MC8M4RU/A";1 049 990 ₸;/p/apple-macbook-air-13-2024-13-6-24-gb-ssd-512-gb-macos-mc8m4ru-a-131309054/?c=750000000
"Lenovo Legion Pro 7 16IAX10H 16"" / 32 Гб / SSD 1000 Гб / Без ОС / 83F50025RK";2 089 990 ₸;/p/lenovo-legion-pro-7-16iax10h-16-32-gb-ssd-1000-gb-bez-os-83f50025rk-138883591/?c=750000000
"Apple MacBook Air 15 2024 15.3"" / 8 Гб / SSD 256 Гб / macOS / MRYM3";631 190 ₸;/p/apple-macbook-air-15-2024-15-3-8-gb-ssd-256-gb-macos-mrym3-119181072/?c=750000000
"HONOR MagicBook X 14 14"" / 16 Гб / SSD 512 Гб / Win 11 Home / 5301ALWG";439 990 ₸;/p/honor-magicbook-x-14-14-16-gb-ssd-512-gb-win-11-home-5301alwg-134056868/?c=750000000
"ASUS Vivobook 14 14"" / 16 Гб / M.2 1000 Гб / DOS / M1407GA-LY030";449 990 ₸;/p/asus-vivobook-14-14-16-gb-m-2-1000-gb-dos-m1407ga-ly030-154851020/?c=750000000
"Lenovo 15IRX10 15.6"" / 24 Гб / SSD 512 Гб / Win 11 Pro / 83JE13RRRK";799 990 ₸;/p/lenovo-15irx10-15-6-24-gb-ssd-512-gb-win-11-pro-83je13rrrk-153392071/?c=750000000
"Machenike L16 Premium 16"" / 32 Гб / M.2 1000 Гб / Win 11 Pro / JT994GTZ6344";859 990 ₸;/p/machenike-l16-premium-16-32-gb-m-2-1000-gb-win-11-pro-jt994gtz6344-151638001/?c=750000000
"ASUS ROG Strix G16 G615JMR-S5207I 16"" / 32 Гб / SSD 2000 Гб / Win 11 Pro / 90NR0LB1-M0079A0";1 299 989 ₸;/p/asus-rog-strix-g16-g615jmr-s5207i-16-32-gb-ssd-2000-gb-win-11-pro-90nr0lb1-m0079a0-160186971/?c=750000000
"HP OMEN 016 16"" / 16 Гб / M.2 1024 Гб / Win 11 / BM7T1PA#AB2";900 000 ₸;/p/hp-omen-016-16-16-gb-m-2-1024-gb-win-11-bm7t1pa-ab2-154170715/?c=750000000
"Acer Predator Helios 16 16"" / 32 Гб / SSD 1000 Гб / Win 11 Home / PH16-71-948L / NH.QJSAA.002";1 574 999 ₸;/p/acer-predator-helios-16-16-32-gb-ssd-1000-gb-win-11-home-ph16-71-948l-nh-qjsaa-002-116272207/?c=750000000
"HP OmniBook 5 Flip 14-fp0024ci 14"" / 8 Гб / SSD 512 Гб / Без ОС / C0EE4EA";379 990 ₸;/p/hp-omnibook-5-flip-14-fp0024ci-14-8-gb-ssd-512-gb-bez-os-c0ee4ea-154256709/?c=750000000
"HP ProBook 440 G11 UMA 14"" / 8 Гб / SSD 512 Гб / Win 11 Pro / A23H1EA";545 002 ₸;/p/hp-probook-440-g11-uma-14-8-gb-ssd-512-gb-win-11-pro-a23h1ea-133764997/?c=750000000
"Lenovo LOQ 17IRX10 17.3"" / 32 Гб / SSD 1000 Гб / Без ОС / 83JH0048RK";958 990 ₸;/p/lenovo-loq-17irx10-17-3-32-gb-ssd-1000-gb-bez-os-83jh0048rk-163548811/?c=750000000
"TECNO Megabook K15SRA 15.6"" / 16 Гб / SSD 1000 Гб / Win 11 Home / 71003300513";376 990 ₸;/p/tecno-megabook-k15sra-15-6-16-gb-ssd-1000-gb-win-11-home-71003300513-146496605/?c=750000000
"ASUS ROG Strix G16 16"" / 16 Гб / SSD 1024 Гб / DOS / G614JV-N4195 / 90NR0C61-M00CW0";1 325 809 ₸;/p/asus-rog-strix-g16-16-16-gb-ssd-1024-gb-dos-g614jv-n4195-90nr0c61-m00cw0-113362288/?c=750000000
"ASUS X409FA-BV606 14"" / 8 Гб / SSD 256 Гб / Без ОС / X409FA-BV606 / 90NB0MS1-M09600";225 500 ₸;/p/asus-x409fa-bv606-14-8-gb-ssd-256-gb-bez-os-x409fa-bv606-90nb0ms1-m09600-106694344/?c=750000000
"ACERTON intel celeron 15.6"" / 8 Гб / SSD 256 Гб / Win 11 Pro / 11068007_945790248";144 990 ₸;/p/acerton-intel-celeron-15-6-8-gb-ssd-256-gb-win-11-pro-11068007-945790248-147768993/?c=750000000
"ThundeRobot 911 X Wild Hunter G3 XD 15.6"" / 16 Гб / SSD 512 Гб / DOS / JT009P00BRU";678 990 ₸;/p/thunderobot-911-x-wild-hunter-g3-xd-15-6-16-gb-ssd-512-gb-dos-jt009p00bru-111400257/?c=750000000
"ASUS E1504FA-BQ1379 15.6"" / 8 Гб / SSD 256 Гб / Без ОС / 90NB0ZR1-M02DN0";218 297 ₸;/p/asus-e1504fa-bq1379-15-6-8-gb-ssd-256-gb-bez-os-90nb0zr1-m02dn0-134115678/?c=750000000
"HP Victus 16.1"" / 16 Гб / SSD 512 Гб / DOS / 16-d1073ci / 6X7Q6EA";657 590 ₸;/p/hp-victus-16-1-16-gb-ssd-512-gb-dos-16-d1073ci-6x7q6ea-108698292/?c=750000000
"ASUS TUF A18 18"" / 16 Гб / SSD 512 Гб / Без ОС / 90NR0NM1-M002H0";740 313 ₸;/p/asus-tuf-a18-18-16-gb-ssd-512-gb-bez-os-90nr0nm1-m002h0-144337750/?c=750000000
"MECHREVO KuangShi X Pro 16"" / 32 Гб / SSD 1000 Гб / Win 11 Pro / I913900HX32G1T000GQHD300HZ";1 159 934 ₸;/p/mechrevo-kuangshi-x-pro-16-32-gb-ssd-1000-gb-win-11-pro-i913900hx32g1t000gqhd300hz-140613332/?c=750000000
"Lenovo IdeaPad Slim 3 16"" / 24 Гб / SSD 750 Гб / Win 11 Pro / 16IRH10 / 83K20610RK";478 999 ₸;/p/lenovo-ideapad-slim-3-16-24-gb-ssd-750-gb-win-11-pro-16irh10-83k20610rk-136301320/?c=750000000
"ASUS Zenbook 14 14"" / 16 Гб / SSD 1000 Гб / Без ОС / UX3405MA-QD622 / 90NB11R1-M010S0";599 970 ₸;/p/asus-zenbook-14-14-16-gb-ssd-1000-gb-bez-os-ux3405ma-qd622-90nb11r1-m010s0-117304562/?c=750000000
"SENKE Sk-SHX14T 14"" / 32 Гб / SSD 512 Гб / Win 11 Pro / Sk-SHX14T";889 917 ₸;/p/senke-sk-shx14t-14-32-gb-ssd-512-gb-win-11-pro-sk-shx14t-135044992/?c=750000000
"Acer NL16-71G-526P 16"" / 24 Гб / SSD 1000 Гб / Win 11 Pro / NH.DAEER.001DNL16-71G-526P";643 253 ₸;/p/acer-nl16-71g-526p-16-24-gb-ssd-1000-gb-win-11-pro-nh-daeer-001dnl16-71g-526p-153727379/?c=750000000
"HP OMEN 16.1"" / 16 Гб / SSD 512 Гб / DOS / 16-wd0009ci / 81C38EA";595 665 ₸;/p/hp-omen-16-1-16-gb-ssd-512-gb-dos-16-wd0009ci-81c38ea-112846056/?c=750000000
"Great Asia TK-E140J3 14"" / 6 Гб / SSD 256 Гб / Win 10 Pro /";168 000 ₸;/p/great-asia-tk-e140j3-14-6-gb-ssd-256-gb-win-10-pro--108203364/?c=750000000
"Huawei MateBook D 14 14"" / 16 Гб / SSD 512 Гб / Без ОС / MendelF-W5651D 53013XET";419 990 ₸;/p/huawei-matebook-d-14-14-16-gb-ssd-512-gb-bez-os-mendelf-w5651d-53013xet-137444115/?c=750000000
"Acer Aspire 5 15.6"" / 8 Гб / SSD 512 Гб / Win 11 / A515-45-R7V5 / NX.A84ER.00M";349 987 ₸;/p/acer-aspire-5-15-6-8-gb-ssd-512-gb-win-11-a515-45-r7v5-nx-a84er-00m-106485112/?c=750000000
"Lenovo V15 G4 IRU 15.6"" / 8 Гб / SSD 512 Гб / Без ОС / 83A100LSPB";999 357 ₸;/p/lenovo-v15-g4-iru-15-6-8-gb-ssd-512-gb-bez-os-83a100lspb-150515402/?c=750000000
"Lenovo IdeaPad 3 15.6"" / 12 Гб / SSD 256 Гб / Без ОС / 15ITL6 / 82H8028JRE";279 790 ₸;/p/lenovo-ideapad-3-15-6-12-gb-ssd-256-gb-bez-os-15itl6-82h8028jre-106727784/?c=750000000
"Lenovo Legion 5 15 IRX10 15.1"" / 16 Гб / SSD 512 Гб / Win 11 Pro / 83LY000NUS";799 899 ₸;/p/lenovo-legion-5-15-irx10-15-1-16-gb-ssd-512-gb-win-11-pro-83ly000nus-157509265/?c=750000000
"Lenovo IdeaPad 3 15.6"" / 8 Гб / SSD 256 Гб / Без ОС / 15IAU7 / 82RK00B2RK";229 900 ₸;/p/lenovo-ideapad-3-15-6-8-gb-ssd-256-gb-bez-os-15iau7-82rk00b2rk-106652388/?c=750000000
"MSI Thin A15 B7V 15.6"" / 16 Гб / SSD 512 Гб / DOS / 9S7-16RK11-272";749 999 ₸;/p/msi-thin-a15-b7v-15-6-16-gb-ssd-512-gb-dos-9s7-16rk11-272-121986852/?c=750000000
"ASUS TUF Gaming F15 FX506HC-HN040 15.6"" / 16 Гб / SSD 512 Гб / Без ОС / 90NR0724-M00ZS0";465 790 ₸;/p/asus-tuf-gaming-f15-fx506hc-hn040-15-6-16-gb-ssd-512-gb-bez-os-90nr0724-m00zs0-114694062/?c=750000000
"ASUS TUF Gaming F15 FX507ZC4-HN14W 15.6"" / 16 Гб / SSD 512 Гб / Win 11 Pro / 90NR0GW1-M0WB60";490 795 ₸;/p/asus-tuf-gaming-f15-fx507zc4-hn14w-15-6-16-gb-ssd-512-gb-win-11-pro-90nr0gw1-m0wb60-136205607/?c=750000000
"ASUS TUF Gaming F15 FX507ZC4-HN14W 15.6"" / 16 Гб / SSD 512 Гб / Win 11 Pro / 90NR0GW1-M0WB60";490 795 ₸;/p/asus-tuf-gaming-f15-fx507zc4-hn14w-15-6-16-gb-ssd-512-gb-win-11-pro-90nr0gw1-m0wb60-136205607/?c=750000000
"Lenovo IdeaPad 3 15.6"" / 8 Гб / SSD 512 Гб / Без ОС / 15IAU7 / 82RK00AHRK";286 447 ₸;/p/lenovo-ideapad-3-15-6-8-gb-ssd-512-gb-bez-os-15iau7-82rk00ahrk-106944609/?c=750000000
"ASUS Vivobook 16 16"" / 8 Гб / SSD 512 Гб / Без ОС / X1605ZA-MB321 / 90NB0ZA3-M00K80";283 045 ₸;/p/asus-vivobook-16-16-8-gb-ssd-512-gb-bez-os-x1605za-mb321-90nb0za3-m00k80-111559740/?c=750000000
"Gooky OE14 14.1"" / 32 Гб / SSD 512 Гб / Win 10 / GOOE14-32/512-WIN10";498 000 ₸;/p/gooky-oe14-14-1-32-gb-ssd-512-gb-win-10-gooe14-32-512-win10-118411354/?c=750000000
"Acer Nitro V 15 15.6"" / 8 Гб / SSD 512 Гб / Без ОС / ANV15-51-5030 / NH.QNBER.001";639 982 ₸;/p/acer-nitro-v-15-15-6-8-gb-ssd-512-gb-bez-os-anv15-51-5030-nh-qnber-001-119709948/?c=750000000
"Lenovo IdeaPad 1 15.6"" / 4 Гб / eMMC 128 Гб / Без ОС / 15IGL7 / 82V7001ARK";185 597 ₸;/p/lenovo-ideapad-1-15-6-4-gb-emmc-128-gb-bez-os-15igl7-82v7001ark-109432766/?c=750000000
"Acer Nitro NH.U1PAA.004Z 15.6"" / 32 Гб / SSD 512 Гб / Win 11 / ANV15-52-57BB";589 992 ₸;/p/acer-nitro-nh-u1paa-004z-15-6-32-gb-ssd-512-gb-win-11-anv15-52-57bb-166031406/?c=750000000
"ASUS Vivobook 15 15.6"" / 8 Гб / SSD 512 Гб / DOS / X1504ZA-BQ1141";290 904 ₸;/p/asus-vivobook-15-15-6-8-gb-ssd-512-gb-dos-x1504za-bq1141-120455014/?c=750000000
"MSI Thin 15 15.6"" / 16 Гб / SSD 512 Гб / DOS / B13VE-2048XKZ / 9S7-16R831-2048";588 450 ₸;/p/msi-thin-15-15-6-16-gb-ssd-512-gb-dos-b13ve-2048xkz-9s7-16r831-2048-118717170/?c=750000000
Apple MacBook Air 13 2025 / 16 Гб / SSD 256 Гб / macOS / MC6T4 + подарок;735 000 ₸;/p/apple-macbook-air-13-2025-16-gb-ssd-256-gb-macos-mc6t4-podarok-154669646/?c=750000000
"ASUS Vivobook 16X 16"" / 16 Гб / SSD 512 Гб / Без ОС / K3604VA-MB235 / 90NB1072-M009N0";399 880 ₸;/p/asus-vivobook-16x-16-16-gb-ssd-512-gb-bez-os-k3604va-mb235-90nb1072-m009n0-120557076/?c=750000000
"Acer Predator Helios 18 AI PHN18-72-9165 18"" / 16 Гб / SSD 1024 Гб / Без ОС / NH.QVJER.003";1 399 900 ₸;/p/acer-predator-helios-18-ai-phn18-72-9165-18-16-gb-ssd-1024-gb-bez-os-nh-qvjer-003-163530930/?c=750000000
"ASUS TUF Gaming F15 15.6"" / 16 Гб / SSD 512 Гб / DOS / FX506HC-HN105 / 90NR0724-M02760";496 176 ₸;/p/asus-tuf-gaming-f15-15-6-16-gb-ssd-512-gb-dos-fx506hc-hn105-90nr0724-m02760-102018884/?c=750000000
"HP 15-fc0055ci 15.6"" / 16 Гб / SSD 512 Гб / Win 11 / B49DREA";310 477 ₸;/p/hp-15-fc0055ci-15-6-16-gb-ssd-512-gb-win-11-b49drea-131142305/?c=750000000
"Acer Nitro 5 15.6"" / 16 Гб / SSD 512 Гб / DOS / AN515-58-52C7 / NH.QLZER.007";799 977 ₸;/p/acer-nitro-5-15-6-16-gb-ssd-512-gb-dos-an515-58-52c7-nh-qlzer-007-114302021/?c=750000000
"MECHREVO JiaoLong 16 Pro 16"" / 32 Гб / M.2 1000 Гб / Win 11 Pro / FGMX6DR55610081203";869 949 ₸;/p/mechrevo-jiaolong-16-pro-16-32-gb-m-2-1000-gb-win-11-pro-fgmx6dr55610081203-164295595/?c=750000000
"ASUS Zenbook 14 14"" / 16 Гб / SSD 512 Гб / Без ОС / UM3406KA-QD154 / 90NB14U1-M008K0";621 383 ₸;/p/asus-zenbook-14-14-16-gb-ssd-512-gb-bez-os-um3406ka-qd154-90nb14u1-m008k0-137130736/?c=750000000
"Great Asia E156S 15.6"" / 8 Гб / SSD 1024 Гб / Win 10 Pro / TK-E156S";378 000 ₸;/p/great-asia-e156s-15-6-8-gb-ssd-1024-gb-win-10-pro-tk-e156s-109363604/?c=750000000
"Great Asia TK-E140J3 14"" / 6 Гб / SSD 512 Гб / Win 10 Pro /";195 000 ₸;/p/great-asia-tk-e140j3-14-6-gb-ssd-512-gb-win-10-pro--108784495/?c=750000000
"Acer Aspire 7 15.6"" / 16 Гб / SSD 512 Гб / Без ОС / A715-76G / NH.QMFER.002";459 990 ₸;/p/acer-aspire-7-15-6-16-gb-ssd-512-gb-bez-os-a715-76g-nh-qmfer-002-116324392/?c=750000000
"ASUS Vivobook 17 17.3"" / 8 Гб / SSD 512 Гб / DOS / X1704ZA-AU115 / 90NB10F2-M004L0";358 995 ₸;/p/asus-vivobook-17-17-3-8-gb-ssd-512-gb-dos-x1704za-au115-90nb10f2-m004l0-114334564/?c=750000000
"Huawei MateBook D16 MitchellF-W5611 16"" / 16 Гб / SSD 1000 Гб / Без ОС / 53013YLY";428 879 ₸;/p/huawei-matebook-d16-mitchellf-w5611-16-16-gb-ssd-1000-gb-bez-os-53013yly-137387031/?c=750000000
"ASUS TUF Gaming F15 15.6"" / 16 Гб / SSD 512 Гб / Без ОС / FX507VU-LP150 / 90NR0CJ7-M00B10";649 899 ₸;/p/asus-tuf-gaming-f15-15-6-16-gb-ssd-512-gb-bez-os-fx507vu-lp150-90nr0cj7-m00b10-117024687/?c=750000000
"Acer Aspire Lite 14"" / 8 Гб / SSD 512 Гб / Без ОС / AL14-51M-55N2 / NX.KTWER.001";299 987 ₸;/p/acer-aspire-lite-14-8-gb-ssd-512-gb-bez-os-al14-51m-55n2-nx-ktwer-001-118540284/?c=750000000
"ASUS Vivobook 17 17.3"" / 8 Гб / SSD 512 Гб / Win 11 / X1702ZA-AU154W / 90NB0WZ1-M00630";399 900 ₸;/p/asus-vivobook-17-17-3-8-gb-ssd-512-gb-win-11-x1702za-au154w-90nb0wz1-m00630-108120815/?c=750000000
"ThundeRobot Gravity 16 Max 16"" / 32 Гб / SSD 1000 Гб / Win 11 Pro / JT009300G";1 037 916 ₸;/p/thunderobot-gravity-16-max-16-32-gb-ssd-1000-gb-win-11-pro-jt009300g-121721542/?c=750000000
"ASUS Vivobook 17X 17.3"" / 8 Гб / SSD 512 Гб / Win 11 / K1703ZA-AU134W / 90NB0WN1-M005E0";399 900 ₸;/p/asus-vivobook-17x-17-3-8-gb-ssd-512-gb-win-11-k1703za-au134w-90nb0wn1-m005e0-107933778/?c=750000000
"Lenovo ThinkBook 14 G7 14"" / 16 Гб / SSD 512 Гб / Без ОС / 21MR0098RK";649 999 ₸;/p/lenovo-thinkbook-14-g7-14-16-gb-ssd-512-gb-bez-os-21mr0098rk-133167501/?c=750000000
"ASUS TUF Gaming A15 15.6"" / 16 Гб / SSD 512 Гб / Без ОС / FA506NFR-HN100 / 90NR0JU7-M00650";442 253 ₸;/p/asus-tuf-gaming-a15-15-6-16-gb-ssd-512-gb-bez-os-fa506nfr-hn100-90nr0ju7-m00650-138114714/?c=750000000
"Lenovo IdeaPad Slim 3 15.6"" / 16 Гб / SSD 1000 Гб / Без ОС / 15IAH8 / 83ER001URK";379 888 ₸;/p/lenovo-ideapad-slim-3-15-6-16-gb-ssd-1000-gb-bez-os-15iah8-83er001urk-115972553/?c=750000000
"ASUS Vivobook 15 15.6"" / 8 Гб / SSD 512 Гб / Без ОС / X1504ZA-BQ1104 / 90NB1022-M01MB0";259 900 ₸;/p/asus-vivobook-15-15-6-8-gb-ssd-512-gb-bez-os-x1504za-bq1104-90nb1022-m01mb0-117945657/?c=750000000
"Lenovo Legion Pro 5 16"" / 16 Гб / SSD 1000 Гб / Без ОС / 16IRX9 / 83DF009URK";929 990 ₸;/p/lenovo-legion-pro-5-16-16-gb-ssd-1000-gb-bez-os-16irx9-83df009urk-117568123/?c=750000000
"ASUS Vivobook Pro 15 15.6"" / 24 Гб / SSD 1000 Гб / DOS / N6506MV-MA078 / 90NB12Y3-M004F0";1 099 999 ₸;/p/asus-vivobook-pro-15-15-6-24-gb-ssd-1000-gb-dos-n6506mv-ma078-90nb12y3-m004f0-117413368/?c=750000000
"HP 15s 15.6"" / 8 Гб / SSD 512 Гб / Без ОС / 15s-fq5073ci / 7Z812EA";297 436 ₸;/p/hp-15s-15-6-8-gb-ssd-512-gb-bez-os-15s-fq5073ci-7z812ea-115792723/?c=750000000
"ASUS TUF Gaming F17 17.3"" / 32 Гб / SSD 2000 Гб / Win 11 Pro / FX707ZC4-HX076PW 90NR0GX1-M0P610";921 238 ₸;/p/asus-tuf-gaming-f17-17-3-32-gb-ssd-2000-gb-win-11-pro-fx707zc4-hx076pw-90nr0gx1-m0p610-128828674/?c=750000000
"FIREBAT T5A 15.6"" / 16 Гб / SSD 512 Гб / Win 11 / 5R7D16F8";469 999 ₸;/p/firebat-t5a-15-6-16-gb-ssd-512-gb-win-11-5r7d16f8-141059736/?c=750000000
"ASUS TUF Gaming F17 17.3"" / 16 Гб / SSD 512 Гб / DOS / FX706HF-HX014 / 90NR0HC4-M001M0";599 900 ₸;/p/asus-tuf-gaming-f17-17-3-16-gb-ssd-512-gb-dos-fx706hf-hx014-90nr0hc4-m001m0-110559937/?c=750000000
"ASUS TUF F16 16"" / 16 Гб / SSD 512 Гб / Без ОС / 90NR0MH1-M003T0";621 490 ₸;/p/asus-tuf-f16-16-16-gb-ssd-512-gb-bez-os-90nr0mh1-m003t0-144404444/?c=750000000
"Lenovo V15 G2 ALC 15.6"" / 8 Гб / SSD 256 Гб / Без ОС / 82KD002XRU";334 656 ₸;/p/lenovo-v15-g2-alc-15-6-8-gb-ssd-256-gb-bez-os-82kd002xru-105135833/?c=750000000
"Lenovo V15 G3 IAP 15.6"" / 8 Гб / SSD 512 Гб / Без ОС / 82TT0047RU";349 999 ₸;/p/lenovo-v15-g3-iap-15-6-8-gb-ssd-512-gb-bez-os-82tt0047ru-110039579/?c=750000000
"MECHREVO Dragon 16 Pro 16"" / 16 Гб / M.2 512 Гб / Win 11 Pro / FGMX6HP45510026201";679 963 ₸;/p/mechrevo-dragon-16-pro-16-16-gb-m-2-512-gb-win-11-pro-fgmx6hp45510026201-162167656/?c=750000000
"Acer Aspire 5 15.6"" / 8 Гб / SSD 512 Гб / DOS / A515-58M-39AP / NX.KHEER.001";269 790 ₸;/p/acer-aspire-5-15-6-8-gb-ssd-512-gb-dos-a515-58m-39ap-nx-kheer-001-113242620/?c=750000000
"SAYRO TK-E159 15.6"" / 16 Гб / SSD 512 Гб / Win 11 Pro / GA123045385";199 990 ₸;/p/sayro-tk-e159-15-6-16-gb-ssd-512-gb-win-11-pro-ga123045385-156283458/?c=750000000
"ASUS VivoBook 15 X1504ZA-BQ146W 15"" / 8 Гб / SSD 512 Гб / Win 11 / 90NB1022-M01MN0";289 899 ₸;/p/asus-vivobook-15-x1504za-bq146w-15-8-gb-ssd-512-gb-win-11-90nb1022-m01mn0-121664740/?c=750000000
"ASUS TUF Gaming F15 15.6"" / 16 Гб / SSD 1000 Гб / DOS / FX507ZV4-LP047 / 90NR0FA7-M005K0";829 979 ₸;/p/asus-tuf-gaming-f15-15-6-16-gb-ssd-1000-gb-dos-fx507zv4-lp047-90nr0fa7-m005k0-112112286/?c=750000000
"Lenovo Yoga 7 16"" / 16 Гб / SSD 512 Гб / Win 11 Home / 83JT0000US";493 990 ₸;/p/lenovo-yoga-7-16-16-gb-ssd-512-gb-win-11-home-83jt0000us-164298548/?c=750000000
"ASUS TUF Gaming F16 16"" / 16 Гб / SSD 512 Гб / Без ОС / 90NR0NB1-M006V0";789 404 ₸;/p/asus-tuf-gaming-f16-16-16-gb-ssd-512-gb-bez-os-90nr0nb1-m006v0-153889850/?c=750000000
"HP OMEN 16.1"" / 16 Гб / SSD 1024 Гб / DOS / 16-wd0005ci / 804G1EA#UUQ";957 757 ₸;/p/hp-omen-16-1-16-gb-ssd-1024-gb-dos-16-wd0005ci-804g1ea-uuq-112379432/?c=750000000
"HP OMEN 16.1"" / 16 Гб / SSD 1024 Гб / DOS / 16-wd0005ci / 804G1EA#UUQ";957 757 ₸;/p/hp-omen-16-1-16-gb-ssd-1024-gb-dos-16-wd0005ci-804g1ea-uuq-112379432/?c=750000000
"Lenovo IdeaPad Slim 3 15.3"" / 8 Гб / SSD 512 Гб / Win 11 / 83K1002DRK";369 899 ₸;/p/lenovo-ideapad-slim-3-15-3-8-gb-ssd-512-gb-win-11-83k1002drk-144836313/?c=750000000
"ASUS Vivobook 15 15.6"" / 16 Гб / M.2 512 Гб / DOS / M1502NAQ-BQ048";389 989 ₸;/p/asus-vivobook-15-15-6-16-gb-m-2-512-gb-dos-m1502naq-bq048-156417803/?c=750000000
"Lenovo V15 Gen 4 15.6"" / 16 Гб / SSD 512 Гб / Без ОС / 82YY0013RU";374 999 ₸;/p/lenovo-v15-gen-4-15-6-16-gb-ssd-512-gb-bez-os-82yy0013ru-124129600/?c=750000000
"ASUS ExpertBook P5 P5405CSA-NZ0147 14"" / 16 Гб / SSD 512 Гб / Без ОС / 90NX0861-M005D0";579 990 ₸;/p/asus-expertbook-p5-p5405csa-nz0147-14-16-gb-ssd-512-gb-bez-os-90nx0861-m005d0-131731362/?c=750000000
"ASUS ROG Strix G16 G615LW-S5080 16"" / 32 Гб / SSD 1000 Гб / Без ОС / 90NR0LG1-M00330";1 899 990 ₸;/p/asus-rog-strix-g16-g615lw-s5080-16-32-gb-ssd-1000-gb-bez-os-90nr0lg1-m00330-138068307/?c=750000000
"ASUS K3604VA-MB266 16"" / 16 Гб / SSD 512 Гб / Без ОС / 90NB1071-M00AU0";379 989 ₸;/p/asus-k3604va-mb266-16-16-gb-ssd-512-gb-bez-os-90nb1071-m00au0-134056850/?c=750000000
"Acer Predator Helios 16 16"" / 16 Гб / SSD 1000 Гб / DOS / PH16-71 / NH.QJSER.001";1 529 999 ₸;/p/acer-predator-helios-16-16-16-gb-ssd-1000-gb-dos-ph16-71-nh-qjser-001-114425994/?c=750000000
"ThundeRobot Zero G4 Ultra 16"" / 32 Гб / SSD 2000 Гб / Win 11 Pro / Ultra";1 769 990 ₸;/p/thunderobot-zero-g4-ultra-16-32-gb-ssd-2000-gb-win-11-pro-ultra-120383576/?c=750000000
"ASUS TUF Gaming F17 17.3"" / 16 Гб / SSD 512 Гб / Без ОС / 90NR0CS5-M00E30";599 990 ₸;/p/asus-tuf-gaming-f17-17-3-16-gb-ssd-512-gb-bez-os-90nr0cs5-m00e30-164873704/?c=750000000
"Acer Aspire 3 15.6"" / 16 Гб / SSD 512 Гб / Без ОС / A315-59-7767 / NX.K6TER.005";599 999 ₸;/p/acer-aspire-3-15-6-16-gb-ssd-512-gb-bez-os-a315-59-7767-nx-k6ter-005-130431482/?c=750000000
"Lenovo LOQ 15.6"" / 24 Гб / SSD 1000 Гб / Без ОС / 15IRX9 / 83DV00NPRK";848 989 ₸;/p/lenovo-loq-15-6-24-gb-ssd-1000-gb-bez-os-15irx9-83dv00nprk-120777166/?c=750000000
"HP OMEN 16"" / 16 Гб / M.2 1024 Гб / Win 11 Pro / BM7T0PA#AB2";840 000 ₸;/p/hp-omen-16-16-gb-m-2-1024-gb-win-11-pro-bm7t0pa-ab2-163581031/?c=750000000
"HP EliteBook X Flip G1i 14 14"" / 32 Гб / SSD 1000 Гб / Win 11 Pro / B66N8ES";1 310 910 ₸;/p/hp-elitebook-x-flip-g1i-14-14-32-gb-ssd-1000-gb-win-11-pro-b66n8es-139899142/?c=750000000
"Apple MacBook Pro 2026 M5 14.2"" / 32 Гб / SSD 1024 Гб / macOS / MJ3D4";1 479 079 ₸;/p/apple-macbook-pro-2026-m5-14-2-32-gb-ssd-1024-gb-macos-mj3d4-164282374/?c=750000000
"Acer Predator Helios Neo 16S 16"" / 16 Гб / SSD 1000 Гб / Win 11 Home / PHN16S-71-917K";1 099 990 ₸;/p/acer-predator-helios-neo-16s-16-16-gb-ssd-1000-gb-win-11-home-phn16s-71-917k-148317302/?c=750000000
"Lenovo 15IRU7 15.6"" / 8 Гб / M.2 256 Гб / Win 11 / 83B40006US";279 900 ₸;/p/lenovo-15iru7-15-6-8-gb-m-2-256-gb-win-11-83b40006us-157967950/?c=750000000
"ASUS TUF Gaming F17 /FX707VJ-HX006Z 17.3"" / 64 Гб / SSD 1000 Гб / Win 11 Pro / 90NR0MYS-M00060";879 989 ₸;/p/asus-tuf-gaming-f17-fx707vj-hx006z-17-3-64-gb-ssd-1000-gb-win-11-pro-90nr0mys-m00060-143569441/?c=750000000
"MSI Vector A16 HX 16"" / 16 Гб / SSD 1000 Гб / Win 11 Home / 9S7-15MM72-040";1 550 000 ₸;/p/msi-vector-a16-hx-16-16-gb-ssd-1000-gb-win-11-home-9s7-15mm72-040-160385412/?c=750000000
"Lenovo V15 G4 IRU 15.6"" / 8 Гб / SSD 512 Гб / Без ОС / 83A100Q2RU";274 994 ₸;/p/lenovo-v15-g4-iru-15-6-8-gb-ssd-512-gb-bez-os-83a100q2ru-133764873/?c=750000000
"ASUS ROG Strix G16 G615JMR-S5207U 16"" / 32 Гб / SSD 1000 Гб / Win 11 Pro / 90NR0LB1-M0069A0";1 179 990 ₸;/p/asus-rog-strix-g16-g615jmr-s5207u-16-32-gb-ssd-1000-gb-win-11-pro-90nr0lb1-m0069a0-160187103/?c=750000000
"ASUS ROG Strix G16 16"" / 16 Гб / SSD 512 Гб / DOS / 90NR0KW8-M007L0";969 990 ₸;/p/asus-rog-strix-g16-16-16-gb-ssd-512-gb-dos-90nr0kw8-m007l0-164293547/?c=750000000
"ASUS Vivobook 15 15.6"" / 8 Гб / SSD 512 Гб / DOS / A1504ZA-BQ366 / 90NB1022-M00J70";398 990 ₸;/p/asus-vivobook-15-15-6-8-gb-ssd-512-gb-dos-a1504za-bq366-90nb1022-m00j70-120263248/?c=750000000
"Lenovo LOQ 15IRX10 15.6"" / 28 Гб / SSD 2000 Гб / Win 11 Pro / 83JE011BRK";839 990 ₸;/p/lenovo-loq-15irx10-15-6-28-gb-ssd-2000-gb-win-11-pro-83je011brk-148241122/?c=750000000
"ASUS X1504VA-BQ982H 15.6"" / 24 Гб / SSD 1000 Гб / Win 11 Pro / 90NB10T2-M0HAZ0";459 372 ₸;/p/asus-x1504va-bq982h-15-6-24-gb-ssd-1000-gb-win-11-pro-90nb10t2-m0haz0-154166093/?c=750000000
"Lenovo IdeaPad Slim 3 15IRU9 15.6"" / 8 Гб / SSD 512 Гб / Win 11 / 83E6000AUS";359 101 ₸;/p/lenovo-ideapad-slim-3-15iru9-15-6-8-gb-ssd-512-gb-win-11-83e6000aus-134257160/?c=750000000
"ASUS ProArt P16 16"" / 32 Гб / SSD 2000 Гб / Win 11 Pro / (H7606WP-RJ218X)";2 422 555 ₸;/p/asus-proart-p16-16-32-gb-ssd-2000-gb-win-11-pro-h7606wp-rj218x--153732383/?c=750000000
"Lenovo IdeaPad Slim 3 16"" / 8 Гб / SSD 512 Гб / Без ОС / 16IRU8 / 82X8004ARK";229 900 ₸;/p/lenovo-ideapad-slim-3-16-8-gb-ssd-512-gb-bez-os-16iru8-82x8004ark-120335185/?c=750000000
"HP 15-fd0196ci 15.6"" / 16 Гб / SSD 512 Гб / Win 11 / AE0K1EA";294 830 ₸;/p/hp-15-fd0196ci-15-6-16-gb-ssd-512-gb-win-11-ae0k1ea-132466533/?c=750000000
"ASUS Vivobook 15.6"" / 40 Гб / SSD 1000 Гб / Win 11 Pro / X1504VA-BQ2277H / 90NB10J2-MH2UX0";488 259 ₸;/p/asus-vivobook-15-6-40-gb-ssd-1000-gb-win-11-pro-x1504va-bq2277h-90nb10j2-mh2ux0-141529397/?c=750000000
"Acer Nitro 5 15.6"" / 16 Гб / SSD 512 Гб / Без ОС / AN515-58-74XD / NH.QFMER.00D";949 999 ₸;/p/acer-nitro-5-15-6-16-gb-ssd-512-gb-bez-os-an515-58-74xd-nh-qfmer-00d-106607259/?c=750000000
"Lenovo V15 G4 IRU 15.6"" / 8 Гб / SSD 512 Гб / Win 11 Pro / 83A1006VRU";248 458 ₸;/p/lenovo-v15-g4-iru-15-6-8-gb-ssd-512-gb-win-11-pro-83a1006vru-152089129/?c=750000000
"ASUS Asus Vivobook S14 14"" / 16 Гб / SSD 512 Гб / Win 11 / 90NB16J1-M006M0";429 990 ₸;/p/asus-asus-vivobook-s14-14-16-gb-ssd-512-gb-win-11-90nb16j1-m006m0-141389627/?c=750000000
"Apple MacBook Air 13 2024 13"" / 16 Гб / SSD 512 Гб / macOS / MXCR3RU/A";966 559 ₸;/p/apple-macbook-air-13-2024-13-16-gb-ssd-512-gb-macos-mxcr3ru-a-121396984/?c=750000000
"Lenovo IdeaPad Slim 3 16IRH10 16"" / 8 Гб / SSD 512 Гб / Win 11 / 83K20012RK";279 899 ₸;/p/lenovo-ideapad-slim-3-16irh10-16-8-gb-ssd-512-gb-win-11-83k20012rk-144393025/?c=750000000
"ASUS Vivobook Go 15 X1504VA-BQ284 15.6"" / 8 Гб / SSD 512 Гб / DOS / 90NB10J2-M00BR0";249 899 ₸;/p/asus-vivobook-go-15-x1504va-bq284-15-6-8-gb-ssd-512-gb-dos-90nb10j2-m00br0-114334546/?c=750000000
"Lenovo LOQ 15IRX10 15.6"" / 16 Гб / SSD 512 Гб / Win 11 / 83JE00KCCC";629 897 ₸;/p/lenovo-loq-15irx10-15-6-16-gb-ssd-512-gb-win-11-83je00kccc-165609751/?c=750000000
"ZFR TK-E157 15.6"" / 32 Гб / SSD 1024 Гб / Win 11 / TK-E157-06033";374 000 ₸;/p/zfr-tk-e157-15-6-32-gb-ssd-1024-gb-win-11-tk-e157-06033-150522348/?c=750000000
"MECHREVO Jiaolong 16 Pro 16"" / 16 Гб / SSD 1000 Гб / Win 11 Pro / G000G16NHS";790 846 ₸;/p/mechrevo-jiaolong-16-pro-16-16-gb-ssd-1000-gb-win-11-pro-g000g16nhs-149558053/?c=750000000
"HP OmniBook 5 Flip 14"" / 16 Гб / SSD 1000 Гб / Win 11 / B88Q7UA#ABA";499 900 ₸;/p/hp-omnibook-5-flip-14-16-gb-ssd-1000-gb-win-11-b88q7ua-aba-162818703/?c=750000000
"Apple MacBook Pro 14 2025 14.2"" / 16 Гб / SSD 1024 Гб / macOS / Z1KJ000D5";1 195 990 ₸;/p/apple-macbook-pro-14-2025-14-2-16-gb-ssd-1024-gb-macos-z1kj000d5-154807944/?c=750000000
"MECHREVO Aurora X 2025 16"" / 16 Гб / M.2 1000 Гб / Win 11 Pro / II7137016G000GPNNIGB00";828 185 ₸;/p/mechrevo-aurora-x-2025-16-16-gb-m-2-1000-gb-win-11-pro-ii7137016g000gpnnigb00-142844414/?c=750000000
"Acer Aspire 16 A16-71M-778K 16"" / 32 Гб / SSD 1024 Гб / Без ОС / NX.JENER.002";569 900 ₸;/p/acer-aspire-16-a16-71m-778k-16-32-gb-ssd-1024-gb-bez-os-nx-jener-002-149753003/?c=750000000
"Lenovo LOQ 15IRX10 15.6"" / 32 Гб / SSD 4000 Гб / Win 11 / 83JE009DRK";1 250 000 ₸;/p/lenovo-loq-15irx10-15-6-32-gb-ssd-4000-gb-win-11-83je009drk-162750755/?c=750000000
"Lenovo LOQ 15IRX9 15.6"" / 16 Гб / SSD 512 Гб / Win 11 Pro / 83DV02CHRK";499 900 ₸;/p/lenovo-loq-15irx9-15-6-16-gb-ssd-512-gb-win-11-pro-83dv02chrk-156245427/?c=750000000
"ASUS TUF Gaming A15 15.6"" / 64 Гб / SSD 2000 Гб / Win 11 Pro / FA506NFR-HN004M / 90NR0JU7-M0M6T0";871 536 ₸;/p/asus-tuf-gaming-a15-15-6-64-gb-ssd-2000-gb-win-11-pro-fa506nfr-hn004m-90nr0ju7-m0m6t0-131726630/?c=750000000
"Acer Aspire Lite AL14-31P 14"" / 16 Гб / SSD 1000 Гб / Win 11 Pro / NX.KS9ER.12W";379 999 ₸;/p/acer-aspire-lite-al14-31p-14-16-gb-ssd-1000-gb-win-11-pro-nx-ks9er-12w-133793940/?c=750000000
"Lenovo LOQ 15AHP10 15.6"" / 16 Гб / SSD 512 Гб / Win 11 Pro / 83JG001VRK";589 990 ₸;/p/lenovo-loq-15ahp10-15-6-16-gb-ssd-512-gb-win-11-pro-83jg001vrk-152089425/?c=750000000
"Acer Aspire Lite AL14-31P 14"" / 16 Гб / SSD 1000 Гб / Win 11 Pro / NX.KS9ER.12W";379 999 ₸;/p/acer-aspire-lite-al14-31p-14-16-gb-ssd-1000-gb-win-11-pro-nx-ks9er-12w-133793940/?c=750000000
"Lenovo LOQ 15AHP10 15.6"" / 16 Гб / SSD 512 Гб / Win 11 Pro / 83JG001VRK";589 990 ₸;/p/lenovo-loq-15ahp10-15-6-16-gb-ssd-512-gb-win-11-pro-83jg001vrk-152089425/?c=750000000
"HP 8F4T4EA 15.6"" / 4 Гб / SSD 256 Гб / DOS / 15-fd0021nx";219 888 ₸;/p/hp-8f4t4ea-15-6-4-gb-ssd-256-gb-dos-15-fd0021nx-121664070/?c=750000000
"ASUS TUF Gaming F17 /FX707VJ-HX006U 17.3"" / 32 Гб / SSD 512 Гб / Win 11 Pro / 90NR0MYS-M00060";597 381 ₸;/p/asus-tuf-gaming-f17-fx707vj-hx006u-17-3-32-gb-ssd-512-gb-win-11-pro-90nr0mys-m00060-143569260/?c=750000000
"Apple MacBook Air 15 2024 15.3"" / 24 Гб / SSD 512 Гб / macOS / MC9J4RU/A";1 176 725 ₸;/p/apple-macbook-air-15-2024-15-3-24-gb-ssd-512-gb-macos-mc9j4ru-a-132993540/?c=750000000
"DEXP Aquilon 14"" / 8 Гб / SSD 128 Гб / Win 11 / C14-ICW202";176 000 ₸;/p/dexp-aquilon-14-8-gb-ssd-128-gb-win-11-c14-icw202-108777982/?c=750000000
"ASUS ROG Zephyrus G16 16"" / 32 Гб / SSD 1024 Гб / Без ОС / GA605KM-QR016";1 549 970 ₸;/p/asus-rog-zephyrus-g16-16-32-gb-ssd-1024-gb-bez-os-ga605km-qr016-141460379/?c=750000000
"ASUS ROG Zephyrs G14 14"" / 16 Гб / SSD 512 Гб / Без ОС / GA403UV-QS185 / 90NR0I01-M009W0";1 188 888 ₸;/p/asus-rog-zephyrs-g14-14-16-gb-ssd-512-gb-bez-os-ga403uv-qs185-90nr0i01-m009w0-124081610/?c=750000000
"Acer Extensa 15.6"" / 4 Гб / HDD 1024 Гб / DOS / EX215-52-54CZ / NX.EG8ER.00Y";429 999 ₸;/p/acer-extensa-15-6-4-gb-hdd-1024-gb-dos-ex215-52-54cz-nx-eg8er-00y-103967633/?c=750000000
"Acer Aspire 3 15.6"" / 16 Гб / SSD 512 Гб / Без ОС / A315-44P-R89N / NX.KSJEY.005";299 787 ₸;/p/acer-aspire-3-15-6-16-gb-ssd-512-gb-bez-os-a315-44p-r89n-nx-ksjey-005-135369383/?c=750000000
"Apple MacBook Pro 14 2024 14.2"" / 36 Гб / SSD 1024 Гб / macOS / MX2G3";2 494 314 ₸;/p/apple-macbook-pro-14-2024-14-2-36-gb-ssd-1024-gb-macos-mx2g3-137252865/?c=750000000
"Realme Book 14"" / 8 Гб / SSD 512 Гб / Win 10 / RMNB1002";529 990 ₸;/p/realme-book-14-8-gb-ssd-512-gb-win-10-rmnb1002-103542448/?c=750000000
"ThundeRobot Zero 16 Pro 16"" / 32 Гб / M.2 1000 Гб / Win 11 Pro / JT009S00J003SR5C1706";1 399 990 ₸;/p/thunderobot-zero-16-pro-16-32-gb-m-2-1000-gb-win-11-pro-jt009s00j003sr5c1706-146424179/?c=750000000
"Acer Nitro 5 15.6"" / 16 Гб / SSD 512 Гб / DOS / AN515-58 / NH.QLZER.003";657 995 ₸;/p/acer-nitro-5-15-6-16-gb-ssd-512-gb-dos-an515-58-nh-qlzer-003-113986794/?c=750000000
"MSI Cyborg 15 15.6"" / 16 Гб / SSD 1000 Гб / DOS / B2RWEKG-1052XKZ";789 990 ₸;/p/msi-cyborg-15-15-6-16-gb-ssd-1000-gb-dos-b2rwekg-1052xkz-161434887/?c=750000000
"ASUS FA506NCG-HN191Q 15.6"" / 16 Гб / SSD 1000 Гб / Win 11 Pro / 90NR0JF7-M0QMB0";491 571 ₸;/p/asus-fa506ncg-hn191q-15-6-16-gb-ssd-1000-gb-win-11-pro-90nr0jf7-m0qmb0-154504225/?c=750000000
"Lenovo LOQ 15IAX9 15.6"" / 24 Гб / SSD 512 Гб / Win 11 Pro / 83GS405NRK";549 900 ₸;/p/lenovo-loq-15iax9-15-6-24-gb-ssd-512-gb-win-11-pro-83gs405nrk-139714070/?c=750000000
"GIGABYTE GAMING A18 18"" / 16 Гб / SSD 1000 Гб / DOS / 3WHK3KZC94SD";1 099 990 ₸;/p/gigabyte-gaming-a18-18-16-gb-ssd-1000-gb-dos-3whk3kzc94sd-162986098/?c=750000000
"ASUS TUF Gaming F17 FX707VJB-HX114 17.3"" / 16 Гб / SSD 1000 Гб / DOS / 90NR0MYS.M004H0";499 888 ₸;/p/asus-tuf-gaming-f17-fx707vjb-hx114-17-3-16-gb-ssd-1000-gb-dos-90nr0mys-m004h0-166390133/?c=750000000
"ASUS TUF GAMING A18 FA808UP-S8030G 18"" / 32 Гб / SSD 1000 Гб / Win 11 Pro / 90NR0NL1-M0G1L0";990 000 ₸;/p/asus-tuf-gaming-a18-fa808up-s8030g-18-32-gb-ssd-1000-gb-win-11-pro-90nr0nl1-m0g1l0-157410955/?c=750000000
"Zentek Devision 15.6"" / 16 Гб / SSD 512 Гб / Win 11 Pro / ZKDEVISION16512KZ";460 000 ₸;/p/zentek-devision-15-6-16-gb-ssd-512-gb-win-11-pro-zkdevision16512kz-166356204/?c=750000000
"Lenovo LOQ 15ARP9 15.6"" / 32 Гб / SSD 512 Гб / Win 11 Pro / 83JC00YGUS";655 919 ₸;/p/lenovo-loq-15arp9-15-6-32-gb-ssd-512-gb-win-11-pro-83jc00ygus-165612008/?c=750000000
"ASUS VivoBook 15X1504VA-BQ4055 15.6"" / 16 Гб / SSD 512 Гб / Без ОС / 90NB13Y1-M01PX0";359 987 ₸;/p/asus-vivobook-15x1504va-bq4055-15-6-16-gb-ssd-512-gb-bez-os-90nb13y1-m01px0-154407370/?c=750000000
"ASUS ROG Strix G18 G814PM-S9027 18"" / 32 Гб / SSD 2000 Гб / Win 11 Pro / 90NR0L28";1 290 000 ₸;/p/asus-rog-strix-g18-g814pm-s9027-18-32-gb-ssd-2000-gb-win-11-pro-90nr0l28-162439486/?c=750000000
"ASUS ROG Strix G18 G814PM-S9027 18"" / 32 Гб / SSD 2000 Гб / Win 11 Pro / 90NR0L28";1 290 000 ₸;/p/asus-rog-strix-g18-g814pm-s9027-18-32-gb-ssd-2000-gb-win-11-pro-90nr0l28-162439486/?c=750000000
"ASUS ExpertBook P1 P1503CVA -S70950 15.6"" / 8 Гб / SSD 512 Гб / Без ОС / 90NX0881-M011P0";449 999 ₸;/p/asus-expertbook-p1-p1503cva--s70950-15-6-8-gb-ssd-512-gb-bez-os-90nx0881-m011p0-153638958/?c=750000000
"Lenovo LOQ 15IRX10 15.6"" / 16 Гб / SSD 512 Гб / Без ОС / 83JE00RNRK";729 900 ₸;/p/lenovo-loq-15irx10-15-6-16-gb-ssd-512-gb-bez-os-83je00rnrk-157710816/?c=750000000
"Castom Castom GS-G13 16"" / 16 Гб / SSD 1000 Гб / Win 11 / 141867835_576643589";449 900 ₸;/p/castom-castom-gs-g13-16-16-gb-ssd-1000-gb-win-11-141867835-576643589-163074642/?c=750000000
"ASUS TUF Gaming A16 16"" / 32 Гб / SSD 1000 Гб / Win 11 Pro / FA607NUG-RL117WT";749 983 ₸;/p/asus-tuf-gaming-a16-16-32-gb-ssd-1000-gb-win-11-pro-fa607nug-rl117wt-165086649/?c=750000000
"Acer Aspire Lite 15.6"" / 16 Гб / SSD 1000 Гб / Win 11 Pro / NX.D62ER.001H";339 888 ₸;/p/acer-aspire-lite-15-6-16-gb-ssd-1000-gb-win-11-pro-nx-d62er-001h-160588289/?c=750000000
"HP Omen Slim Gaming 16-an0003ci 16"" / 32 Гб / SSD 1000 Гб / Без ОС / D0YM5EA";999 990 ₸;/p/hp-omen-slim-gaming-16-an0003ci-16-32-gb-ssd-1000-gb-bez-os-d0ym5ea-153436622/?c=750000000
"ASUS ROG Strix G18 G815JMR-S9050A 18"" / 32 Гб / SSD 4000 Гб / Win 11 Pro / 90NR0LE1-M00XC0";1 490 000 ₸;/p/asus-rog-strix-g18-g815jmr-s9050a-18-32-gb-ssd-4000-gb-win-11-pro-90nr0le1-m00xc0-153720864/?c=750000000
"Apple MacBook Air 2026 M5 15.3"" / 16 Гб / SSD 1024 Гб / macOS / MDVA4";1 072 318 ₸;/p/apple-macbook-air-2026-m5-15-3-16-gb-ssd-1024-gb-macos-mdva4-164282856/?c=750000000
"ASUS VivoBook 16 X1607CA-MB059 16"" / 16 Гб / SSD 512 Гб / Без ОС / 90NB15A2-M00BP0";445 856 ₸;/p/asus-vivobook-16-x1607ca-mb059-16-16-gb-ssd-512-gb-bez-os-90nb15a2-m00bp0-162448207/?c=750000000
"ASUS X1504VA-BQ827H 15.6"" / 32 Гб / SSD 1000 Гб / Win 11 Pro / 90NB10T2-M0H440";529 990 ₸;/p/asus-x1504va-bq827h-15-6-32-gb-ssd-1000-gb-win-11-pro-90nb10t2-m0h440-157710696/?c=750000000
"MECHREVO Aurora X 16"" / 16 Гб / M.2 1000 Гб / Win 11 Pro / II7137016G000GPNNIGB00";739 949 ₸;/p/mechrevo-aurora-x-16-16-gb-m-2-1000-gb-win-11-pro-ii7137016g000gpnnigb00-142543534/?c=750000000
"Lenovo ThinkBook 16p G6 ADR 16"" / 16 Гб / SSD 1000 Гб / Без ОС / 21U00015FW";1 069 953 ₸;/p/lenovo-thinkbook-16p-g6-adr-16-16-gb-ssd-1000-gb-bez-os-21u00015fw-144392498/?c=750000000
"Lenovo Legion 5 16"" / 16 Гб / SSD 512 Гб / Без ОС / 16IRX9 / 83DG0039RK";649 900 ₸;/p/lenovo-legion-5-16-16-gb-ssd-512-gb-bez-os-16irx9-83dg0039rk-116968669/?c=750000000
"Lenovo LOQ 15IRX9 15.6"" / 24 Гб / SSD 512 Гб / Win 11 Pro / 83DV06CHRK";549 500 ₸;/p/lenovo-loq-15irx9-15-6-24-gb-ssd-512-gb-win-11-pro-83dv06chrk-156244082/?c=750000000
"Lenovo IdeaPad Slim 3 15.6"" / 16 Гб / SSD 750 Гб / Win 11 Pro / 16IRH10 / 83K20410RK";438 999 ₸;/p/lenovo-ideapad-slim-3-15-6-16-gb-ssd-750-gb-win-11-pro-16irh10-83k20410rk-136301251/?c=750000000
"ASUS Zenbook 14 14"" / 16 Гб / M.2 1000 Гб / DOS / UM3406GA-QD134";599 990 ₸;/p/asus-zenbook-14-14-16-gb-m-2-1000-gb-dos-um3406ga-qd134-154850980/?c=750000000
"ASUS TUF Gaming F15 15.6"" / 8 Гб / SSD 512 Гб / Без ОС / FX506HC-HN002 / 90NR0723-M00MC0";469 790 ₸;/p/asus-tuf-gaming-f15-15-6-8-gb-ssd-512-gb-bez-os-fx506hc-hn002-90nr0723-m00mc0-107574596/?c=750000000
"HP Victus 15.6"" / 16 Гб / SSD 512 Гб / DOS / 15-fb0026ci / 6X7N7EA";477 790 ₸;/p/hp-victus-15-6-16-gb-ssd-512-gb-dos-15-fb0026ci-6x7n7ea-106951457/?c=750000000
"ASUS TUF Gaming F16 16"" / 16 Гб / SSD 512 Гб / DOS / FX608JMRRV171";699 900 ₸;/p/asus-tuf-gaming-f16-16-16-gb-ssd-512-gb-dos-fx608jmrrv171-156545599/?c=750000000
"HP OmniBook 7 13-bg1011ci 13.3"" / 16 Гб / SSD 512 Гб / Win 11 Home / CL6U8EA";529 990 ₸;/p/hp-omnibook-7-13-bg1011ci-13-3-16-gb-ssd-512-gb-win-11-home-cl6u8ea-152848074/?c=750000000
"ASUS TUF Gaming F15 15.6"" / 16 Гб / SSD 512 Гб / Без ОС / FX506HCB-HN178";465 790 ₸;/p/asus-tuf-gaming-f15-15-6-16-gb-ssd-512-gb-bez-os-fx506hcb-hn178-105304638/?c=750000000
"ASUS TUF Gaming A16 FA607NUG-WH73 16"" / 16 Гб / SSD 512 Гб / Win 11 Home / 90NR0MU3-M00AT0";559 800 ₸;/p/asus-tuf-gaming-a16-fa607nug-wh73-16-16-gb-ssd-512-gb-win-11-home-90nr0mu3-m00at0-149692547/?c=750000000
"HP Pavilion 15-eh3007ci 15.6"" / 16 Гб / SSD 1024 Гб / DOS / 7P438EA#UUQ";439 999 ₸;/p/hp-pavilion-15-eh3007ci-15-6-16-gb-ssd-1024-gb-dos-7p438ea-uuq-111968153/?c=750000000
"Lenovo LOQ 15IRX10 15.6"" / 32 Гб / SSD 1000 Гб / Без ОС / 83JE016BRK";1 029 990 ₸;/p/lenovo-loq-15irx10-15-6-32-gb-ssd-1000-gb-bez-os-83je016brk-164729448/?c=750000000
"ASUS VivoBook 15 15.6"" / 16 Гб / SSD 512 Гб / Win 11 Home / 90NB0X22-M01NP0";329 900 ₸;/p/asus-vivobook-15-15-6-16-gb-ssd-512-gb-win-11-home-90nb0x22-m01np0-157604562/?c=750000000
"ThundeRobot Range 17 Pro 17.3"" / 32 Гб / SSD 1024 Гб / Win 11 Pro / JT009600H";973 990 ₸;/p/thunderobot-range-17-pro-17-3-32-gb-ssd-1024-gb-win-11-pro-jt009600h-134115352/?c=750000000
"Colorful G16 Pro 16"" / 64 Гб / SSD 4000 Гб / Win 11 Pro / A10204900285";1 756 884 ₸;/p/colorful-g16-pro-16-64-gb-ssd-4000-gb-win-11-pro-a10204900285-146904587/?c=750000000
"Acer Predator Helios Neo 16 PHN16-71 16"" / 16 Гб / SSD 1000 Гб / DOS / NH.QLVER.001";1 677 747 ₸;/p/acer-predator-helios-neo-16-phn16-71-16-16-gb-ssd-1000-gb-dos-nh-qlver-001-115172547/?c=750000000
"ASUS ROG Zephyrus M16 16"" / 16 Гб / SSD 512 Гб / Win 11 / GU603ZM-K8005W / 90NR0911-M001C0";1 699 991 ₸;/p/asus-rog-zephyrus-m16-16-16-gb-ssd-512-gb-win-11-gu603zm-k8005w-90nr0911-m001c0-105486267/?c=750000000
"Acer Swift 1 14"" / 4 Гб / SSD 256 Гб / Win 10 / SF114-34 / NX.A77ER.006";219 990 ₸;/p/acer-swift-1-14-4-gb-ssd-256-gb-win-10-sf114-34-nx-a77er-006-101907610/?c=750000000
"Acer Nitro 5 15.6"" / 8 Гб / SSD 512 Гб / Без ОС / AN515-56 / NH.QANER.006";447 995 ₸;/p/acer-nitro-5-15-6-8-gb-ssd-512-gb-bez-os-an515-56-nh-qaner-006-103079740/?c=750000000
"ASUS Vivobook V16 V3607VP-RP059 16"" / 32 Гб / SSD 512 Гб / Без ОС / 90NB16R1-M004L0";899 990 ₸;/p/asus-vivobook-v16-v3607vp-rp059-16-32-gb-ssd-512-gb-bez-os-90nb16r1-m004l0-156278733/?c=750000000
"Lenovo LOQ 15AHP10 15.6"" / 16 Гб / SSD 2000 Гб / Win 11 Pro / 83JG003VRK";699 990 ₸;/p/lenovo-loq-15ahp10-15-6-16-gb-ssd-2000-gb-win-11-pro-83jg003vrk-152089370/?c=750000000
"HP 15-fc0163ci 15.6"" / 16 Гб / SSD 1000 Гб / Без ОС / BK4Z7EA";349 306 ₸;/p/hp-15-fc0163ci-15-6-16-gb-ssd-1000-gb-bez-os-bk4z7ea-140656576/?c=750000000
"Lenovo IdeaPad 3 15.6"" / 8 Гб / SSD 256 Гб / Без ОС / 15IAU7 / 82RK0170RK";288 963 ₸;/p/lenovo-ideapad-3-15-6-8-gb-ssd-256-gb-bez-os-15iau7-82rk0170rk-120335145/?c=750000000
"HP 15-fc0163ci 15.6"" / 16 Гб / SSD 1000 Гб / Без ОС / BK4Z7EA";349 306 ₸;/p/hp-15-fc0163ci-15-6-16-gb-ssd-1000-gb-bez-os-bk4z7ea-140656576/?c=750000000
"Lenovo IdeaPad 3 15.6"" / 8 Гб / SSD 256 Гб / Без ОС / 15IAU7 / 82RK0170RK";288 963 ₸;/p/lenovo-ideapad-3-15-6-8-gb-ssd-256-gb-bez-os-15iau7-82rk0170rk-120335145/?c=750000000
"ASUS TUF Gaming F15 FX507ZC4-HN14Y 15.6"" / 32 Гб / SSD 512 Гб / Win 11 Pro / 90NR0GW1-M0YB60";634 717 ₸;/p/asus-tuf-gaming-f15-fx507zc4-hn14y-15-6-32-gb-ssd-512-gb-win-11-pro-90nr0gw1-m0yb60-136205813/?c=750000000
"Machenike Light 16 S 16"" / 16 Гб / SSD 1000 Гб / Win 11 Pro / JJ00GX00H0045R5KLHQ4";829 699 ₸;/p/machenike-light-16-s-16-16-gb-ssd-1000-gb-win-11-pro-jj00gx00h0045r5klhq4-141074155/?c=750000000
"ASUS Vivobook S 14 M3407HA-SF077 14"" / 16 Гб / SSD 512 Гб / Без ОС / 90NB16E2-M00560";399 900 ₸;/p/asus-vivobook-s-14-m3407ha-sf077-14-16-gb-ssd-512-gb-bez-os-90nb16e2-m00560-152107105/?c=750000000
"Acer Acer Aspire Go 15 AG15-51P-510U 15.3"" / 8 Гб / M.2 256 Гб / Win 11 Home / NX.J50AA.003";259 899 ₸;/p/acer-acer-aspire-go-15-ag15-51p-510u-15-3-8-gb-m-2-256-gb-win-11-home-nx-j50aa-003-145330523/?c=750000000
"ASUS Zenbook A14 14"" / 16 Гб / SSD 512 Гб / Win 11 Home / 90NB1501-M00RK0";599 990 ₸;/p/asus-zenbook-a14-14-16-gb-ssd-512-gb-win-11-home-90nb1501-m00rk0-141564337/?c=750000000
"ASUS ROG STRIX G16 G615JPR-AS96 16"" / 24 Гб / SSD 1000 Гб / Win 11 Pro / 90NR0L93-M000H0";1 199 990 ₸;/p/asus-rog-strix-g16-g615jpr-as96-16-24-gb-ssd-1000-gb-win-11-pro-90nr0l93-m000h0-165526682/?c=750000000
"ASUS Vivobook X1504VA 15.6"" / 16 Гб / SSD 512 Гб / Без ОС / 90NB10J1-M02V20";308 999 ₸;/p/asus-vivobook-x1504va-15-6-16-gb-ssd-512-gb-bez-os-90nb10j1-m02v20-138116028/?c=750000000
"ASUS Vivobook 15 15.6"" / 8 Гб / SSD 512 Гб / Win 11 Home / X1504ZA / 90NB1021-M01AJ0";272 412 ₸;/p/asus-vivobook-15-15-6-8-gb-ssd-512-gb-win-11-home-x1504za-90nb1021-m01aj0-116346443/?c=750000000
"ASUS Vivobook 15 15.6"" / 8 Гб / SSD 512 Гб / Win 11 / 90NB1021-M02AH0";299 899 ₸;/p/asus-vivobook-15-15-6-8-gb-ssd-512-gb-win-11-90nb1021-m02ah0-124551942/?c=750000000
"ASUS Vivobook 15 15.6"" / 40 Гб / SSD 1000 Гб / Win 11 Pro / X1504VA-BQ2383C / 90NB10J2-M0СZD0";489 990 ₸;/p/asus-vivobook-15-15-6-40-gb-ssd-1000-gb-win-11-pro-x1504va-bq2383c-90nb10j2-m0szd0-137062429/?c=750000000
"ASUS TUF Gaming F15 15.6"" / 16 Гб / SSD 1024 Гб / Без ОС / 90NR0FV7-M00410 / FX507ZI4-LP036";799 990 ₸;/p/asus-tuf-gaming-f15-15-6-16-gb-ssd-1024-gb-bez-os-90nr0fv7-m00410-fx507zi4-lp036-129548137/?c=750000000
"ASUS TUF Gaming A17 17.3"" / 16 Гб / SSD 512 Гб / Без ОС / FA707NUR-HX022 / 90NR0JL5-M00130";599 899 ₸;/p/asus-tuf-gaming-a17-17-3-16-gb-ssd-512-gb-bez-os-fa707nur-hx022-90nr0jl5-m00130-131482878/?c=750000000
"Acer PHN18-72-9165 18"" / 16 Гб / SSD 1000 Гб / Без ОС / NH.QVJER.003";1 044 990 ₸;/p/acer-phn18-72-9165-18-16-gb-ssd-1000-gb-bez-os-nh-qvjer-003-148942122/?c=750000000
"ASUS ROG Strix G16 16"" / 32 Гб / SSD 1024 Гб / Без ОС / G614JI-N4414 / 90NR0D41-M00VP0";1 349 913 ₸;/p/asus-rog-strix-g16-16-32-gb-ssd-1024-gb-bez-os-g614ji-n4414-90nr0d41-m00vp0-117882415/?c=750000000
"Dream Machines RG3050-15KZ51 15.6"" / 16 Гб / SSD 1000 Гб / Без ОС / GM5PGEE";499 990 ₸;/p/dream-machines-rg3050-15kz51-15-6-16-gb-ssd-1000-gb-bez-os-gm5pgee-129340849/?c=750000000
"Apple MacBook Air 15 2024 15.3"" / 8 Гб / SSD 256 Гб / macOS / MRYU3RU/A";719 760 ₸;/p/apple-macbook-air-15-2024-15-3-8-gb-ssd-256-gb-macos-mryu3ru-a-118723360/?c=750000000
"GIGABYTE Gaming A16 16"" / 16 Гб / SSD 512 Гб / DOS / 3VHK3KZ893SD";824 990 ₸;/p/gigabyte-gaming-a16-16-16-gb-ssd-512-gb-dos-3vhk3kz893sd-165165693/?c=750000000
"Lenovo V15 G3 IAP 15.6"" / 8 Гб / SSD 512 Гб / Без ОС / 82TT001KRU";296 750 ₸;/p/lenovo-v15-g3-iap-15-6-8-gb-ssd-512-gb-bez-os-82tt001kru-105906087/?c=750000000
"ASUS Vivobook 17 17.3"" / 8 Гб / SSD 512 Гб / Без ОС / X1704ZA-AU086 / 90NB10F2-M00340";399 900 ₸;/p/asus-vivobook-17-17-3-8-gb-ssd-512-gb-bez-os-x1704za-au086-90nb10f2-m00340-112570024/?c=750000000
"ASUS X1504ZA-BQ1101IW 15.6"" / 24 Гб / SSD 1000 Гб / Win 11 Pro / 90NB1021-MI1NW0";489 214 ₸;/p/asus-x1504za-bq1101iw-15-6-24-gb-ssd-1000-gb-win-11-pro-90nb1021-mi1nw0-121640756/?c=750000000
"Lenovo LOQ 15IRX10 15.6"" / 16 Гб / SSD 512 Гб / Win 11 Pro / 83JE05RRRK";699 990 ₸;/p/lenovo-loq-15irx10-15-6-16-gb-ssd-512-gb-win-11-pro-83je05rrrk-153186722/?c=750000000
"ThundeRobot ZERO 16 16"" / 32 Гб / M.2 1000 Гб / Win 11 Pro / JT0032GTZ";1 198 990 ₸;/p/thunderobot-zero-16-16-32-gb-m-2-1000-gb-win-11-pro-jt0032gtz-149294143/?c=750000000
"DELL Pro 16 Plus PB16250 16"" / 32 Гб / M.2 1024 Гб / Win 11 Pro / 210-BPCJ";1 142 635 ₸;/p/dell-pro-16-plus-pb16250-16-32-gb-m-2-1024-gb-win-11-pro-210-bpcj-143610495/?c=750000000
"Acer Nitro NH.QZ9SG.00W 15.6"" / 16 Гб / SSD 512 Гб / Win 11 / ANV15-52";549 900 ₸;/p/acer-nitro-nh-qz9sg-00w-15-6-16-gb-ssd-512-gb-win-11-anv15-52-165745918/?c=750000000
"ASUS TUF Gaming F15 15.6"" / 16 Гб / SSD 1000 Гб / Без ОС / FX507VV-LP148 / 90NR0BV7-M00AA0";849 990 ₸;/p/asus-tuf-gaming-f15-15-6-16-gb-ssd-1000-gb-bez-os-fx507vv-lp148-90nr0bv7-m00aa0-116994647/?c=750000000
"Lenovo LOQ 17IRX10 17.3"" / 24 Гб / SSD 512 Гб / Без ОС / 83JH00DERK";799 990 ₸;/p/lenovo-loq-17irx10-17-3-24-gb-ssd-512-gb-bez-os-83jh00derk-163548819/?c=750000000
"Acer Aspire 3 15.6"" / 16 Гб / SSD 1000 Гб / Win 11 Pro / A315 / NX.ADDER.PRO";389 990 ₸;/p/acer-aspire-3-15-6-16-gb-ssd-1000-gb-win-11-pro-a315-nx-adder-pro-117684474/?c=750000000
"HP Victus 15.6"" / 16 Гб / SSD 512 Гб / Без ОС / 809P5EA";469 000 ₸;/p/hp-victus-15-6-16-gb-ssd-512-gb-bez-os-809p5ea-113242787/?c=750000000
"HP Victus 16.1"" / 16 Гб / SSD 512 Гб / Без ОС / 16-e1067ci / 6X7R4EA";537 763 ₸;/p/hp-victus-16-1-16-gb-ssd-512-gb-bez-os-16-e1067ci-6x7r4ea-107659780/?c=750000000
"Lenovo ThinkBook 16 G8 IRL 16"" / 16 Гб / SSD 512 Гб / Win 11 Pro / 21SH008ERT";799 897 ₸;/p/lenovo-thinkbook-16-g8-irl-16-16-gb-ssd-512-gb-win-11-pro-21sh008ert-137862418/?c=750000000
"Apple MacBook Air 13 2024 13.6"" / 16 Гб / SSD 256 Гб / macOS / MC8K4";709 200 ₸;/p/apple-macbook-air-13-2024-13-6-16-gb-ssd-256-gb-macos-mc8k4-131762299/?c=750000000
"HP VICTUS 15-fa0088ci 15.6"" / 16 Гб / SSD 512 Гб / Win 11 / A9DS9EA";449 900 ₸;/p/hp-victus-15-fa0088ci-15-6-16-gb-ssd-512-gb-win-11-a9ds9ea-128034648/?c=750000000
"Acer Aspire Lite AL15-32P 15.6"" / 8 Гб / SSD 256 Гб / Без ОС / NX.JB8ER.002";259 999 ₸;/p/acer-aspire-lite-al15-32p-15-6-8-gb-ssd-256-gb-bez-os-nx-jb8er-002-151227462/?c=750000000
"ASUS TUF Gaming F17 17.3"" / 16 Гб / SSD 512 Гб / Без ОС / FX706HC-HX007 / 90NB0TT2-M07390";489 790 ₸;/p/asus-tuf-gaming-f17-17-3-16-gb-ssd-512-gb-bez-os-fx706hc-hx007-90nb0tt2-m07390-105305733/?c=750000000
"ASUS Vivobook 15 X1504ZA-BQ439 15.6"" / 8 Гб / SSD 512 Гб / Без ОС / 90NB1021-M00MK0";275 442 ₸;/p/asus-vivobook-15-x1504za-bq439-15-6-8-gb-ssd-512-gb-bez-os-90nb1021-m00mk0-113675805/?c=750000000
"ASUS TUF Gaming F15 15.6"" / 16 Гб / SSD 1024 Гб / DOS / FX507ZU4-LP125 / 90NR0FG7-M009R0";749 000 ₸;/p/asus-tuf-gaming-f15-15-6-16-gb-ssd-1024-gb-dos-fx507zu4-lp125-90nr0fg7-m009r0-113188088/?c=750000000
"ASUS Vivobook M1502YA-BQ608 15.6"" / 16 Гб / SSD 512 Гб / Без ОС / 90NB0X22-M00X30";339 000 ₸;/p/asus-vivobook-m1502ya-bq608-15-6-16-gb-ssd-512-gb-bez-os-90nb0x22-m00x30-138133063/?c=750000000
"ASUS TUF Gaming F15 15.6"" / 32 Гб / SSD 1000 Гб / Win 11 Pro / FX507VU-LP280XW / 90NR0CJ7-M0XL90";849 899 ₸;/p/asus-tuf-gaming-f15-15-6-32-gb-ssd-1000-gb-win-11-pro-fx507vu-lp280xw-90nr0cj7-m0xl90-119937153/?c=750000000
"ASUS TUF Gaming F15 15.6"" / 16 Гб / SSD 1024 Гб / DOS / FX507ZV4-LP108 / 90NR0FA7-M007W0";839 979 ₸;/p/asus-tuf-gaming-f15-15-6-16-gb-ssd-1024-gb-dos-fx507zv4-lp108-90nr0fa7-m007w0-112365074/?c=750000000
"Lenovo IdeaPad 3 15.6"" / 16 Гб / SSD 512 Гб / DOS / 15IAU7 / 82RK015GRK";338 246 ₸;/p/lenovo-ideapad-3-15-6-16-gb-ssd-512-gb-dos-15iau7-82rk015grk-116863374/?c=750000000
"Huawei MateBook D 16 MCLF-X 16"" / 16 Гб / SSD 512 Гб / Без ОС / 53013YDK";379 990 ₸;/p/huawei-matebook-d-16-mclf-x-16-16-gb-ssd-512-gb-bez-os-53013ydk-137250476/?c=750000000
"Lenovo IdeaPad 3 15.6"" / 16 Гб / SSD 512 Гб / DOS / 15IAU7 / 82RK00L4RK";329 900 ₸;/p/lenovo-ideapad-3-15-6-16-gb-ssd-512-gb-dos-15iau7-82rk00l4rk-108982439/?c=750000000
"MSI Thin 15 B13UCX-3068XKZ 15.6"" / 16 Гб / SSD 512 Гб / Без ОС / 9S7-16R831-3068";449 990 ₸;/p/msi-thin-15-b13ucx-3068xkz-15-6-16-gb-ssd-512-gb-bez-os-9s7-16r831-3068-140656514/?c=750000000
"ASUS TUF Gaming F15 15.6"" / 32 Гб / SSD 1000 Гб / DOS / FX507ZU4-LP053H / 90NR0FG7-MH06R0";999 000 ₸;/p/asus-tuf-gaming-f15-15-6-32-gb-ssd-1000-gb-dos-fx507zu4-lp053h-90nr0fg7-mh06r0-117849205/?c=750000000
"ASUS X1502ZA-BQ1855 15.6"" / 16 Гб / SSD 512 Гб / DOS / 90NB0VX2-M02N90";345 000 ₸;/p/asus-x1502za-bq1855-15-6-16-gb-ssd-512-gb-dos-90nb0vx2-m02n90-115262903/?c=750000000
"ASUS Vivobook 17 17"" / 8 Гб / SSD 512 Гб / Win 11 / X1704VA-AU502W / 90NB10V2-M00JJ0";399 800 ₸;/p/asus-vivobook-17-17-8-gb-ssd-512-gb-win-11-x1704va-au502w-90nb10v2-m00jj0-133412115/?c=750000000
"ASUS TUF Gaming A15 15.6"" / 32 Гб / SSD 2000 Гб / Win 11 Pro / FA506NFR-HN004C / 90NR0JU7-M0C6T0";735 692 ₸;/p/asus-tuf-gaming-a15-15-6-32-gb-ssd-2000-gb-win-11-pro-fa506nfr-hn004c-90nr0ju7-m0c6t0-131724636/?c=750000000
"ASUS VivoBook 15 15.6"" / 16 Гб / SSD 512 Гб / Без ОС / X1502VA-BQ1276 / 90NB10T2-M01TK0";425 533 ₸;/p/asus-vivobook-15-15-6-16-gb-ssd-512-gb-bez-os-x1502va-bq1276-90nb10t2-m01tk0-142645486/?c=750000000
"Huawei MateBook D16 16"" / 16 Гб / SSD 1024 Гб / Win 11 Home / MitchellG-W7611";498 990 ₸;/p/huawei-matebook-d16-16-16-gb-ssd-1024-gb-win-11-home-mitchellg-w7611-116480565/?c=750000000
"Lenovo IdeaPad 1 15.6"" / 4 Гб / SSD 256 Гб / Без ОС / 15IGL7 / 82V700E6AD";178 173 ₸;/p/lenovo-ideapad-1-15-6-4-gb-ssd-256-gb-bez-os-15igl7-82v700e6ad-118401369/?c=750000000
"ASUS Vivobook 15 15.6"" / 16 Гб / SSD 1000 Гб / Win 11 Pro / X1504ZA-BQ274HW / 90NB1022-M0HCW0";377 766 ₸;/p/asus-vivobook-15-15-6-16-gb-ssd-1000-gb-win-11-pro-x1504za-bq274hw-90nb1022-m0hcw0-118709304/?c=750000000
"ASUS Vivobook 15 X1504ZA-BQ1120 15.6"" / 16 Гб / SSD 512 Гб / DOS / 90NB1022-M01MY0";309 887 ₸;/p/asus-vivobook-15-x1504za-bq1120-15-6-16-gb-ssd-512-gb-dos-90nb1022-m01my0-122144531/?c=750000000
"ASUS TUF A18 FA808UH-S8029W"" 18"" / 16 Гб / SSD 512 Гб / Win 11 Pro / 90NR0NM1-M0W1B0";743 344 ₸;/p/asus-tuf-a18-fa808uh-s8029w-18-16-gb-ssd-512-gb-win-11-pro-90nr0nm1-m0w1b0-146842644/?c=750000000
"Lenovo IdeaPad Slim 3 15.6"" / 8 Гб / SSD 512 Гб / Win 11 Home / 15IAH8 / 83ER001WRK";318 999 ₸;/p/lenovo-ideapad-slim-3-15-6-8-gb-ssd-512-gb-win-11-home-15iah8-83er001wrk-113552244/?c=750000000
"ASUS Zenbook 14 14"" / 16 Гб / SSD 1000 Гб / DOS / UM3406GA-QD136";649 980 ₸;/p/asus-zenbook-14-14-16-gb-ssd-1000-gb-dos-um3406ga-qd136-154458611/?c=750000000
"Razer Blade 17 17.3"" / 32 Гб / SSD 1000 Гб / Win 11 / D8.5-NT / RZ09-0423QEF3-R3E1";2 490 000 ₸;/p/razer-blade-17-17-3-32-gb-ssd-1000-gb-win-11-d8-5-nt-rz09-0423qef3-r3e1-107970477/?c=750000000
"Model Z8350 14"" / 4 Гб / SSD 64 Гб / Win 10 / Z8350";105 000 ₸;/p/model-z8350-14-4-gb-ssd-64-gb-win-10-z8350-142947669/?c=750000000
"Lenovo Legion 5 16"" / 16 Гб / SSD 512 Гб / Без ОС / 16IRX9 / 83DG00DXRK";929 990 ₸;/p/lenovo-legion-5-16-16-gb-ssd-512-gb-bez-os-16irx9-83dg00dxrk-120392381/?c=750000000
"ASUS TUF Gaming F15 15.6"" / 16 Гб / SSD 512 Гб / DOS / FX507ZU4-LP146 / 90NR0FG7-M00B80";749 000 ₸;/p/asus-tuf-gaming-f15-15-6-16-gb-ssd-512-gb-dos-fx507zu4-lp146-90nr0fg7-m00b80-110942086/?c=750000000
"ASUS X1504ZA-BQ1104PRO 15.6"" / 16 Гб / SSD 1000 Гб / Win 11 Pro / 90NB1022-MZ1MB0";329 900 ₸;/p/asus-x1504za-bq1104pro-15-6-16-gb-ssd-1000-gb-win-11-pro-90nb1022-mz1mb0-121640678/?c=750000000
"ASUS TUF Gaming 15.6"" / 24 Гб / SSD 1000 Гб / Win 11 Pro / FA506NCR-HN044I 90NR0JV7-M0I2W0";575 231 ₸;/p/asus-tuf-gaming-15-6-24-gb-ssd-1000-gb-win-11-pro-fa506ncr-hn044i-90nr0jv7-m0i2w0-129825342/?c=750000000
"ASUS TUF Gaming F15 15.6"" / 8 Гб / SSD 512 Гб / Без ОС / FX506HC-HN373 / 90NR0724-M00V30";469 790 ₸;/p/asus-tuf-gaming-f15-15-6-8-gb-ssd-512-gb-bez-os-fx506hc-hn373-90nr0724-m00v30-109199198/?c=750000000
"ASUS ROG Strix G614 16"" / 32 Гб / SSD 1024 Гб / Без ОС / 90NR0L67-M00310";1 242 890 ₸;/p/asus-rog-strix-g614-16-32-gb-ssd-1024-gb-bez-os-90nr0l67-m00310-143105475/?c=750000000
"Lenovo IdeaPad Slim 3 15.6"" / 16 Гб / SSD 1000 Гб / Без ОС / 15IAH8 / 83ER001URK";379 899 ₸;/p/lenovo-ideapad-slim-3-15-6-16-gb-ssd-1000-gb-bez-os-15iah8-83er001urk-115961326/?c=750000000
"ASUS Tuf Gaming 16 FX608JHR-RV171Q 16"" / 16 Гб / SSD 1000 Гб / Win 11 Pro / 90NR0NA1-M0Q9E0";799 900 ₸;/p/asus-tuf-gaming-16-fx608jhr-rv171q-16-16-gb-ssd-1000-gb-win-11-pro-90nr0na1-m0q9e0-158317437/?c=750000000
"Huawei MateBook X Pro VanGoghH-7611TM 14.2"" / 16 Гб / SSD 1000 Гб / Без ОС / 53014MTK";899 990 ₸;/p/huawei-matebook-x-pro-vangoghh-7611tm-14-2-16-gb-ssd-1000-gb-bez-os-53014mtk-157338167/?c=750000000
"ThundeRobot Hunter R16 16"" / 16 Гб / SSD 1000 Гб / Win 11 Pro / JT009900H00J0QAQ110B";969 686 ₸;/p/thunderobot-hunter-r16-16-16-gb-ssd-1000-gb-win-11-pro-jt009900h00j0qaq110b-137492267/?c=750000000
"ASUS ROG Strix G16 16"" / 16 Гб / SSD 1000 Гб / Без ОС / 90NR0N61-M001C0";947 222 ₸;/p/asus-rog-strix-g16-16-16-gb-ssd-1000-gb-bez-os-90nr0n61-m001c0-144924001/?c=750000000
"ASUS TUF Gaming F16 FX608JMI-TU367 16"" / 16 Гб / SSD 512 Гб / Без ОС / 90NR0NB1-M00LT0";765 900 ₸;/p/asus-tuf-gaming-f16-fx608jmi-tu367-16-16-gb-ssd-512-gb-bez-os-90nr0nb1-m00lt0-163322287/?c=750000000
"Colorful G16 Pro Prestige 16"" / 16 Гб / M.2 1000 Гб / Win 11 Pro / I7A100032900";1 010 990 ₸;/p/colorful-g16-pro-prestige-16-16-gb-m-2-1000-gb-win-11-pro-i7a100032900-154785098/?c=750000000
"Maibenben P725 17.3"" / 16 Гб / SSD 512 Гб / Win 11 Home / P7251SF0HGRE0";485 998 ₸;/p/maibenben-p725-17-3-16-gb-ssd-512-gb-win-11-home-p7251sf0hgre0-131636621/?c=750000000
"Lenovo ThinkPad E15 Gen 4 15.6"" / 8 Гб / SSD 256 Гб / Win 11 Pro / 21E7S3AJ00";460 444 ₸;/p/lenovo-thinkpad-e15-gen-4-15-6-8-gb-ssd-256-gb-win-11-pro-21e7s3aj00-110875997/?c=750000000
"Acer Aspire Lite AL15-32P-P0BX 15.6"" / 8 Гб / SSD 256 Гб / Без ОС / NX.JB8ER.002";213 058 ₸;/p/acer-aspire-lite-al15-32p-p0bx-15-6-8-gb-ssd-256-gb-bez-os-nx-jb8er-002-148941814/?c=750000000
"MECHREVO WUJIE 14 14"" / 16 Гб / SSD 512 Гб / Win 11 / 6927891564371";399 869 ₸;/p/mechrevo-wujie-14-14-16-gb-ssd-512-gb-win-11-6927891564371-146750166/?c=750000000
"ASUS ROG Strix SCAR 18 18"" / 32 Гб / SSD 1024 Гб / Win 11 / G835LX-SA022W / 90NR0LF1-M000V0";2 599 890 ₸;/p/asus-rog-strix-scar-18-18-32-gb-ssd-1024-gb-win-11-g835lx-sa022w-90nr0lf1-m000v0-137072052/?c=750000000
"ASUS Vivobook X1605VA-MB1698T 16"" / 24 Гб / SSD 512 Гб / Win 11 Pro / 90NB10N2-M02470";499 900 ₸;/p/asus-vivobook-x1605va-mb1698t-16-24-gb-ssd-512-gb-win-11-pro-90nb10n2-m02470-136944163/?c=750000000
"HP Victus 15-fa0087ci 15.6"" / 16 Гб / SSD 512 Гб / Без ОС / A5NU0EA";449 900 ₸;/p/hp-victus-15-fa0087ci-15-6-16-gb-ssd-512-gb-bez-os-a5nu0ea-133424216/?c=750000000
"ASUS TUF Gaming F17 17.3"" / 16 Гб / SSD 512 Гб / Без ОС / FX707VJ-HX015";478 989 ₸;/p/asus-tuf-gaming-f17-17-3-16-gb-ssd-512-gb-bez-os-fx707vj-hx015-142582013/?c=750000000
"HP 15-fb3011ci 15.6"" / 16 Гб / SSD 512 Гб / Без ОС / BK5P5EA";569 990 ₸;/p/hp-15-fb3011ci-15-6-16-gb-ssd-512-gb-bez-os-bk5p5ea-143880005/?c=750000000
"ThundeRobot Hunter R16 16"" / 16 Гб / SSD 1000 Гб / Win 11 Pro / R16-i9139HX58C1Q300RG";1 399 794 ₸;/p/thunderobot-hunter-r16-16-16-gb-ssd-1000-gb-win-11-pro-r16-i9139hx58c1q300rg-137868679/?c=750000000
"ASUS TUF Gaming A15 15.6"" / 8 Гб / SSD 512 Гб / Win 11 Pro / FA506NFR-HN004I / 90NR0JU7-M0I6T0";429 894 ₸;/p/asus-tuf-gaming-a15-15-6-8-gb-ssd-512-gb-win-11-pro-fa506nfr-hn004i-90nr0ju7-m0i6t0-131726563/?c=750000000
"ASUS TUF A18 FA808UH-S8029X"" 18"" / 32 Гб / SSD 1000 Гб / Win 11 Pro / 90NR0NM1-M0X1B0";934 993 ₸;/p/asus-tuf-a18-fa808uh-s8029x-18-32-gb-ssd-1000-gb-win-11-pro-90nr0nm1-m0x1b0-146842589/?c=750000000
"ASUS F16 FX608JPR-RV019 16"" / 16 Гб / SSD 1000 Гб / Без ОС / 90NR0NG1-M00350";999 990 ₸;/p/asus-f16-fx608jpr-rv019-16-16-gb-ssd-1000-gb-bez-os-90nr0ng1-m00350-152835201/?c=750000000
"Lenovo ThinkPad T16 G4 16"" / 16 Гб / M.2 512 Гб / Win 11 Pro / 21QE003AFW";946 411 ₸;/p/lenovo-thinkpad-t16-g4-16-16-gb-m-2-512-gb-win-11-pro-21qe003afw-142097230/?c=750000000
"ASUS TUF Gaming F15 15.6"" / 16 Гб / SSD 1000 Гб / Win 11 Pro / FX507VV-LP256W / 90NR0BV7-M0WJN0";829 990 ₸;/p/asus-tuf-gaming-f15-15-6-16-gb-ssd-1000-gb-win-11-pro-fx507vv-lp256w-90nr0bv7-m0wjn0-119840411/?c=750000000
"HP 15-fd01131ji 15.6"" / 24 Гб / SSD 2000 Гб / Win 11 Pro / CL6V59EA#UUQ";487 213 ₸;/p/hp-15-fd01131ji-15-6-24-gb-ssd-2000-gb-win-11-pro-cl6v59ea-uuq-153380211/?c=750000000
"ASUS TUF Gaming A16 16"" / 16 Гб / SSD 1000 Гб / Win 11 Pro / FA607NUG-RL117W";688 436 ₸;/p/asus-tuf-gaming-a16-16-16-gb-ssd-1000-gb-win-11-pro-fa607nug-rl117w-165039892/?c=750000000
"HP 15-fd0177wi 15.6"" / 8 Гб / SSD 256 Гб / Win 11 Pro / BD1V5EA#UUQ";349 900 ₸;/p/hp-15-fd0177wi-15-6-8-gb-ssd-256-gb-win-11-pro-bd1v5ea-uuq-154025946/?c=750000000
"HP Victus 15-fb3030ci 15.6"" / 24 Гб / SSD 512 Гб / Без ОС / D02DWEA";669 990 ₸;/p/hp-victus-15-fb3030ci-15-6-24-gb-ssd-512-gb-bez-os-d02dwea-154028666/?c=750000000
"Lenovo Legion 5 15IAX10 15.1"" / 32 Гб / SSD 512 Гб / Без ОС / 83F00094RK";1 249 990 ₸;/p/lenovo-legion-5-15iax10-15-1-32-gb-ssd-512-gb-bez-os-83f00094rk-159810222/?c=750000000
"Lenovo IdeaPad Slim 3 15.3"" / 8 Гб / SSD 512 Гб / Win 11 / 83KA000URK";309 990 ₸;/p/lenovo-ideapad-slim-3-15-3-8-gb-ssd-512-gb-win-11-83ka000urk-165040090/?c=750000000
"ASUS TUF Gaming F17 FX707VU-HX175 17.3"" / 16 Гб / SSD 1000 Гб / Win 11 Pro / 90NR0CS6-M00E60";699 900 ₸;/p/asus-tuf-gaming-f17-fx707vu-hx175-17-3-16-gb-ssd-1000-gb-win-11-pro-90nr0cs6-m00e60-163482826/?c=750000000
"Apple MacBook Air 2026 M5 15.3"" / 16 Гб / SSD 1024 Гб / macOS / MDVK4";1 069 995 ₸;/p/apple-macbook-air-2026-m5-15-3-16-gb-ssd-1024-gb-macos-mdvk4-164282879/?c=750000000
"Machenike Light 16S 16"" / 32 Гб / SSD 1000 Гб / Win 11 Pro / JJ00G000J0045R7PEXS8";889 419 ₸;/p/machenike-light-16s-16-32-gb-ssd-1000-gb-win-11-pro-jj00g000j0045r7pexs8-153181888/?c=750000000
"PCPS14G10000 14"" / 16 Гб / SSD 1000 Гб / Win 11 Home / s14-g1";352 098 ₸;/p/pcps14g10000-14-16-gb-ssd-1000-gb-win-11-home-s14-g1-152415029/?c=750000000
"Apple MacBook Pro 14 2023 14.2"" / 8 Гб / SSD 1024 Гб / macOS / MR7K3RU/A";1 000 089 ₸;/p/apple-macbook-pro-14-2023-14-2-8-gb-ssd-1024-gb-macos-mr7k3ru-a-137477210/?c=750000000
"Lenovo Thinkpad T14 G6 14"" / 32 Гб / SSD 1024 Гб / Без ОС / 21QC00CLFW";1 249 940 ₸;/p/lenovo-thinkpad-t14-g6-14-32-gb-ssd-1024-gb-bez-os-21qc00clfw-149679764/?c=750000000
"DELL 15 DC15250 15.6"" / 8 Гб / SSD 512 Гб / Win 11 Pro / DC15250_RPLU_020_P";273 900 ₸;/p/dell-15-dc15250-15-6-8-gb-ssd-512-gb-win-11-pro-dc15250-rplu-020-p-147644949/?c=750000000
"Acer Nitro 5 17.3"" / 8 Гб / SSD 512 Гб / Win 11 / AN517-55-50WB / NH.QFWER.001";699 990 ₸;/p/acer-nitro-5-17-3-8-gb-ssd-512-gb-win-11-an517-55-50wb-nh-qfwer-001-106607844/?c=750000000
"Apple MacBook Air 2026 M5 13.6"" / 16 Гб / SSD 1024 Гб / macOS / MDHC4";830 576 ₸;/p/apple-macbook-air-2026-m5-13-6-16-gb-ssd-1024-gb-macos-mdhc4-164283105/?c=750000000
"HP 15-fd0230qm 15.6"" / 8 Гб / SSD 256 Гб / Win 11 / C70GJUA#ABA";219 640 ₸;/p/hp-15-fd0230qm-15-6-8-gb-ssd-256-gb-win-11-c70gjua-aba-162819668/?c=750000000
"ASUS ExpertBook P1403CVA-S61413 14"" / 16 Гб / SSD 512 Гб / Без ОС / 90NX0871-M022J0";349 900 ₸;/p/asus-expertbook-p1403cva-s61413-14-16-gb-ssd-512-gb-bez-os-90nx0871-m022j0-159723298/?c=750000000
"ASUS Vivobook S14 / S3407QA-SF056W 14"" / 16 Гб / SSD 512 Гб / Win 11 / 90NB16B2-M00470";519 990 ₸;/p/asus-vivobook-s14-s3407qa-sf056w-14-16-gb-ssd-512-gb-win-11-90nb16b2-m00470-147490984/?c=750000000
"Lenovo ThinkPad T14 G6 14"" / 16 Гб / SSD 512 Гб / Без ОС / 21QC006CFW";1 099 999 ₸;/p/lenovo-thinkpad-t14-g6-14-16-gb-ssd-512-gb-bez-os-21qc006cfw-142332184/?c=750000000
"Acer Nitro 5 15.6"" / 8 Гб / SSD 512 Гб / Win 11 / AN515-58-57WQ / NH.QFJER.003";708 950 ₸;/p/acer-nitro-5-15-6-8-gb-ssd-512-gb-win-11-an515-58-57wq-nh-qfjer-003-106607991/?c=750000000
"Zentek Devision 15.6"" / 16 Гб / SSD 512 Гб / Win 11 Pro / ZKDEVISION16512";      0 ₸;/p/zentek-devision-15-6-16-gb-ssd-512-gb-win-11-pro-zkdevision16512-154272962/?c=750000000
"ThundeRobot 16 Super Max 16"" / 16 Гб / SSD 1000 Гб / Win 11 Pro / GTZ02030567892025";1 994 990 ₸;/p/thunderobot-16-super-max-16-16-gb-ssd-1000-gb-win-11-pro-gtz02030567892025-137733114/?c=750000000
"Acer Nitro 5 15.6"" / 8 Гб / SSD 511 Гб / Win 10 / AN515-55-50K7 / NH.QB0ER.008";465 401 ₸;/p/acer-nitro-5-15-6-8-gb-ssd-511-gb-win-10-an515-55-50k7-nh-qb0er-008-103065641/?c=750000000
"ASUS TUF GAMING A18 FA808UP-S8030Z 18"" / 32 Гб / SSD 4000 Гб / Win 11 Pro / 90NR0NL1-M0Z1L0";1 290 000 ₸;/p/asus-tuf-gaming-a18-fa808up-s8030z-18-32-gb-ssd-4000-gb-win-11-pro-90nr0nl1-m0z1l0-157412669/?c=750000000
"ARDOR GAMING RAGE X17-I7ND311 17.3"" / 16 Гб / SSD 1000 Гб / Без ОС / RAGE X17-I7ND311";1 281 875 ₸;/p/ardor-gaming-rage-x17-i7nd311-17-3-16-gb-ssd-1000-gb-bez-os-rage-x17-i7nd311-113959632/?c=750000000
"ThundeRobot S 16 16"" / 16 Гб / M.2 1000 Гб / Win 11 Pro / JJ00G100J0045R4MEUMS";1 079 859 ₸;/p/thunderobot-s-16-16-16-gb-m-2-1000-gb-win-11-pro-jj00g100j0045r4meums-144690039/?c=750000000
"Lenovo LOQ 15.6"" / 32 Гб / SSD 1024 Гб / DOS / 83JG009ERK";979 990 ₸;/p/lenovo-loq-15-6-32-gb-ssd-1024-gb-dos-83jg009erk-156765584/?c=750000000
"Apple MacBook Air 15 2023 15.3"" / 8 Гб / SSD 256 Гб / macOS / MQKU3";1 400 561 ₸;/p/apple-macbook-air-15-2023-15-3-8-gb-ssd-256-gb-macos-mqku3-112915557/?c=750000000
"Lenovo V15 G4 IRU 15.6"" / 16 Гб / SSD 512 Гб / Без ОС / 83A100A2RU";399 999 ₸;/p/lenovo-v15-g4-iru-15-6-16-gb-ssd-512-gb-bez-os-83a100a2ru-131727994/?c=750000000
"Apple MacBook Air 13 2024 13.6"" / 8 Гб / SSD 512 Гб / macOS / MRXU3RU/A";878 718 ₸;/p/apple-macbook-air-13-2024-13-6-8-gb-ssd-512-gb-macos-mrxu3ru-a-118170521/?c=750000000
"HONOR MagicBook X 16 BRG-565 16"" / 16 Гб / SSD 512 Гб / Win 11 / 5301ALWS";454 800 ₸;/p/honor-magicbook-x-16-brg-565-16-16-gb-ssd-512-gb-win-11-5301alws-134057058/?c=750000000
"Apple MacBook Air 15 2024 15.3"" / 16 Гб / SSD 512 Гб / macOS / MXD13RU/A";1 500 000 ₸;/p/apple-macbook-air-15-2024-15-3-16-gb-ssd-512-gb-macos-mxd13ru-a-118213286/?c=750000000
"Apple MacBook Pro 14 2024 14.2"" / 16 Гб / SSD 1000 Гб / macOS / MW2V3";1 176 190 ₸;/p/apple-macbook-pro-14-2024-14-2-16-gb-ssd-1000-gb-macos-mw2v3-134898059/?c=750000000
"HP Victus 16.1"" / 16 Гб / SSD 512 Гб / DOS / 16-e1050ci / 6K3C9EA";524 789 ₸;/p/hp-victus-16-1-16-gb-ssd-512-gb-dos-16-e1050ci-6k3c9ea-106763267/?c=750000000
"Acer Nitro V 16S ANV16S-71-97BE 16"" / 16 Гб / SSD 2000 Гб / Win 11 Pro / NH.U29EM.003R";949 989 ₸;/p/acer-nitro-v-16s-anv16s-71-97be-16-16-gb-ssd-2000-gb-win-11-pro-nh-u29em-003r-162378470/?c=750000000
"Hasee D64612QX 16"" / 16 Гб / M.2 1000 Гб / Win 11 / T8 D64612QX";688 998 ₸;/p/hasee-d64612qx-16-16-gb-m-2-1000-gb-win-11-t8-d64612qx-146975273/?c=750000000
"GPD Pocket 4 8.8"" / 32 Гб / SSD 2000 Гб / Win 11 Home / GPD Pocket 4";1 790 000 ₸;/p/gpd-pocket-4-8-8-32-gb-ssd-2000-gb-win-11-home-gpd-pocket-4-166736147/?c=750000000
"Lenovo Legion Pro 7 16IRX9H (83DE0045RK) 16"" / 32 Гб / SSD 1024 Гб / Без ОС / 83DE0045RK";1 799 970 ₸;/p/lenovo-legion-pro-7-16irx9h-83de0045rk-16-32-gb-ssd-1024-gb-bez-os-83de0045rk-139302861/?c=750000000
"ASUS Zenbook 14 14"" / 16 Гб / SSD 512 Гб / Без ОС / 90NB14W1-M020T0";499 990 ₸;/p/asus-zenbook-14-14-16-gb-ssd-512-gb-bez-os-90nb14w1-m020t0-164296860/?c=750000000
"HP Omen Slim Gaming 16-an0007ci 16"" / 24 Гб / SSD 1000 Гб / Без ОС / CT7A1EA";990 000 ₸;/p/hp-omen-slim-gaming-16-an0007ci-16-24-gb-ssd-1000-gb-bez-os-ct7a1ea-153500609/?c=750000000
"Acer NITRO V15 NH.QNDEM.001 15.6"" / 8 Гб / SSD 512 Гб / DOS / ANV15-51-59RM";399 900 ₸;/p/acer-nitro-v15-nh-qndem-001-15-6-8-gb-ssd-512-gb-dos-anv15-51-59rm-165609888/?c=750000000
"MSI Vector 16 A2XWIG 16"" / 32 Гб / SSD 1000 Гб / Без ОС / 9S7-15M352-036";2 178 345 ₸;/p/msi-vector-16-a2xwig-16-32-gb-ssd-1000-gb-bez-os-9s7-15m352-036-137212026/?c=750000000
"ASUS Vivobook Pro 15 15.6"" / 16 Гб / SSD 512 Гб / DOS / K6500ZC / 90NB0XK1-M00LV0";899 991 ₸;/p/asus-vivobook-pro-15-15-6-16-gb-ssd-512-gb-dos-k6500zc-90nb0xk1-m00lv0-106930235/?c=750000000
"Lenovo Yoga Pro 7 14.5"" / 32 Гб / SSD 1000 Гб / Win 11 Home / 14IMH9 / 83E20046RK";1 088 888 ₸;/p/lenovo-yoga-pro-7-14-5-32-gb-ssd-1000-gb-win-11-home-14imh9-83e20046rk-119680645/?c=750000000
"ASUS FA506NCG-HN191X 15.6"" / 32 Гб / SSD 1000 Гб / Win 11 Pro / 90NR0JF7-M0XMB0";637 209 ₸;/p/asus-fa506ncg-hn191x-15-6-32-gb-ssd-1000-gb-win-11-pro-90nr0jf7-m0xmb0-154502154/?c=750000000
"ASUS Zenbook S14 OLED 14"" / 32 Гб / SSD 1024 Гб / Win 11 Home / 90NB16Q6-M00D40";969 990 ₸;/p/asus-zenbook-s14-oled-14-32-gb-ssd-1024-gb-win-11-home-90nb16q6-m00d40-164293988/?c=750000000
"Lenovo LOQ 17IRX10 17.3"" / 16 Гб / M.2 512 Гб / Без ОС / 83JH009FRK";919 990 ₸;/p/lenovo-loq-17irx10-17-3-16-gb-m-2-512-gb-bez-os-83jh009frk-145813344/?c=750000000
"ASUS ROG Strix G16 16"" / 16 Гб / SSD 512 Гб / Без ОС / G614JZ-N3092 / 90NR0CC1-M00560";772 041 ₸;/p/asus-rog-strix-g16-16-16-gb-ssd-512-gb-bez-os-g614jz-n3092-90nr0cc1-m00560-112131414/?c=750000000
"HP Pavilion 15.6"" / 16 Гб / SSD 1024 Гб / Win 11 Home / 15-eh3000ci / 7P437EA";419 999 ₸;/p/hp-pavilion-15-6-16-gb-ssd-1024-gb-win-11-home-15-eh3000ci-7p437ea-118476602/?c=750000000
"ThundeRobot ZERO 16"" / 32 Гб / SSD 1000 Гб / Win 11 / I9139HX408032G1TQ240HWG";1 412 661 ₸;/p/thunderobot-zero-16-32-gb-ssd-1000-gb-win-11-i9139hx408032g1tq240hwg-129983208/?c=750000000
"ZFR TK-E182 15.6"" / 32 Гб / SSD 1024 Гб / Win 11 Pro / E-69032";553 990 ₸;/p/zfr-tk-e182-15-6-32-gb-ssd-1024-gb-win-11-pro-e-69032-138399056/?c=750000000
"Biraz Pro E5-2C 15.6"" / 16 Гб / SSD 512 Гб / Win 11 Pro / PRO E5-2C";265 900 ₸;/p/biraz-pro-e5-2c-15-6-16-gb-ssd-512-gb-win-11-pro-pro-e5-2c-138346174/?c=750000000
"ASUS TUF Gaming F15 15.6"" / 16 Гб / SSD 512 Гб / Без ОС / FX506HM-HN148 / 90NR0753-M03770";949 999 ₸;/p/asus-tuf-gaming-f15-15-6-16-gb-ssd-512-gb-bez-os-fx506hm-hn148-90nr0753-m03770-103143234/?c=750000000
"ASUS TUF Gaming F17 17.3"" / 16 Гб / SSD 512 Гб / DOS / FX706HE-HX010 / 90NR0713-M00990";599 900 ₸;/p/asus-tuf-gaming-f17-17-3-16-gb-ssd-512-gb-dos-fx706he-hx010-90nr0713-m00990-102789330/?c=750000000
"Lenovo IdeaPad Gaming 3 16"" / 8 Гб / SSD 512 Гб / DOS / 16IAH7 / 82SA00DERK";620 000 ₸;/p/lenovo-ideapad-gaming-3-16-8-gb-ssd-512-gb-dos-16iah7-82sa00derk-107326576/?c=750000000
"LUNIX 140s 14.1"" / 16 Гб / SSD 512 Гб / Win 11 Pro / Lx-s15-512";350 000 ₸;/p/lunix-140s-14-1-16-gb-ssd-512-gb-win-11-pro-lx-s15-512-146747979/?c=750000000
"ASUS TUF Gaming F15 15.6"" / 16 Гб / SSD 1000 Гб / DOS / FX507ZV4-HQ050 / 90NR0FA7-M006D0";829 990 ₸;/p/asus-tuf-gaming-f15-15-6-16-gb-ssd-1000-gb-dos-fx507zv4-hq050-90nr0fa7-m006d0-110106839/?c=750000000
"Lenovo IdeaPad Slim 3 16IRH10 16"" / 8 Гб / SSD 512 Гб / Без ОС / 83K2000XRK";319 990 ₸;/p/lenovo-ideapad-slim-3-16irh10-16-8-gb-ssd-512-gb-bez-os-83k2000xrk-134053879/?c=750000000
"ASUS ROG Strix SCAR 18 18"" / 64 Гб / SSD 2048 Гб / Без ОС / G835LX-SA015 / 90NR0LF1-M000M0";2 557 975 ₸;/p/asus-rog-strix-scar-18-18-64-gb-ssd-2048-gb-bez-os-g835lx-sa015-90nr0lf1-m000m0-137132319/?c=750000000
"Lenovo Legion 5 15IRX10 15.1"" / 32 Гб / SSD 1000 Гб / Win 11 Pro / 83LY107RRK";1 149 990 ₸;/p/lenovo-legion-5-15irx10-15-1-32-gb-ssd-1000-gb-win-11-pro-83ly107rrk-144970835/?c=750000000
"ASUS TUF Gaming F16 16"" / 16 Гб / SSD 512 Гб / Без ОС / 90NR0MH1-M003U0";698 999 ₸;/p/asus-tuf-gaming-f16-16-16-gb-ssd-512-gb-bez-os-90nr0mh1-m003u0-143296806/?c=750000000
"ThundeRobot 911 Plus G3 XD 17.3"" / 16 Гб / SSD 512 Гб / Без ОС / JT009C00K";939 990 ₸;/p/thunderobot-911-plus-g3-xd-17-3-16-gb-ssd-512-gb-bez-os-jt009c00k-148978585/?c=750000000
"HP 15s 15.6"" / 8 Гб / SSD 512 Гб / Без ОС / 15s-fq5033ci / 725V9EA";285 697 ₸;/p/hp-15s-15-6-8-gb-ssd-512-gb-bez-os-15s-fq5033ci-725v9ea-108088648/?c=750000000
"ASUS TUF Gaming F17 17.3"" / 16 Гб / SSD 512 Гб / DOS / FX706H / 90NR0733-M00720";499 800 ₸;/p/asus-tuf-gaming-f17-17-3-16-gb-ssd-512-gb-dos-fx706h-90nr0733-m00720-101880032/?c=750000000
"ASUS TUF Gaming F15 15.6"" / 16 Гб / SSD 512 Гб / DOS / FX507ZI4-LP030 / 90NR0FV7-M001E0";799 990 ₸;/p/asus-tuf-gaming-f15-15-6-16-gb-ssd-512-gb-dos-fx507zi4-lp030-90nr0fv7-m001e0-123581757/?c=750000000
"Lenovo IdeaPad Slim 3 15.6"" / 8 Гб / SSD 512 Гб / DOS / 15AMN8 / 82XQ007NRK";235 007 ₸;/p/lenovo-ideapad-slim-3-15-6-8-gb-ssd-512-gb-dos-15amn8-82xq007nrk-112390165/?c=750000000
"Acer Nitro Lite NL16-71G-549B 16"" / 16 Гб / SSD 512 Гб / Без ОС / NH.D29ER.001";479 900 ₸;/p/acer-nitro-lite-nl16-71g-549b-16-16-gb-ssd-512-gb-bez-os-nh-d29er-001-162447797/?c=750000000
"ASUS Vivobook 15.6"" / 16 Гб / SSD 1000 Гб / Win 11 Pro / X1504VA-BQ287HW / 90NB10J2-M00BH0";368 623 ₸;/p/asus-vivobook-15-6-16-gb-ssd-1000-gb-win-11-pro-x1504va-bq287hw-90nb10j2-m00bh0-130105143/?c=750000000
"ASUS TUF Dash F15 15.6"" / 16 Гб / SSD 512 Гб / DOS / FX516PC-HN003 / 90NR05U1-M01690";799 999 ₸;/p/asus-tuf-dash-f15-15-6-16-gb-ssd-512-gb-dos-fx516pc-hn003-90nr05u1-m01690-103633239/?c=750000000
"ASUS Vivobook 15.6"" / 16 Гб / SSD 1024 Гб / Win 11 Pro / 4711387618418";341 418 ₸;/p/asus-vivobook-15-6-16-gb-ssd-1024-gb-win-11-pro-4711387618418-136184862/?c=750000000
"Lenovo LOQ 15AHP10 15.6"" / 16 Гб / SSD 1024 Гб / Без ОС / 83JG000XRK";882 163 ₸;/p/lenovo-loq-15ahp10-15-6-16-gb-ssd-1024-gb-bez-os-83jg000xrk-142129246/?c=750000000
"Lenovo IdeaPad 3 15.6"" / 8 Гб / SSD 256 Гб / DOS / 15IAU7 / 82RK00HVRK";229 900 ₸;/p/lenovo-ideapad-3-15-6-8-gb-ssd-256-gb-dos-15iau7-82rk00hvrk-108590509/?c=750000000
"HP ENVY x360 14-fa0009ci 14"" / 16 Гб / SSD 512 Гб / Win 11 / A9DS1EA";669 990 ₸;/p/hp-envy-x360-14-fa0009ci-14-16-gb-ssd-512-gb-win-11-a9ds1ea-124554562/?c=750000000
"ASUS ROG Strix G16 16"" / 16 Гб / SSD 1024 Гб / Без ОС / G615JHR-S5060 / 90NR0LL1-M00230";1 249 910 ₸;/p/asus-rog-strix-g16-16-16-gb-ssd-1024-gb-bez-os-g615jhr-s5060-90nr0ll1-m00230-143296824/?c=750000000
"ASUS Vivobook 15 15.6"" / 8 Гб / SSD 256 Гб / Без ОС / X1504ZA-BQ085 / 90NB1022-M003J0";249 900 ₸;/p/asus-vivobook-15-15-6-8-gb-ssd-256-gb-bez-os-x1504za-bq085-90nb1022-m003j0-116346426/?c=750000000
"ASUS FX707ZC4-HX077 17.3"" / 16 Гб / SSD 512 Гб / DOS / 90NR0GX1-M00570";599 900 ₸;/p/asus-fx707zc4-hx077-17-3-16-gb-ssd-512-gb-dos-90nr0gx1-m00570-114951545/?c=750000000
"ASUS TUF Dash F15 15.6"" / 16 Гб / SSD 512 Гб / Без ОС / FX516PC-HN003 / 90NR05U1-M01690";799 999 ₸;/p/asus-tuf-dash-f15-15-6-16-gb-ssd-512-gb-bez-os-fx516pc-hn003-90nr05u1-m01690-105310723/?c=750000000
"ASUS VivoBook 16 X1605VA-MB1713G 16"" / 16 Гб / SSD 1000 Гб / Win 11 Pro / 90NB10N2-M0H4T0";425 959 ₸;/p/asus-vivobook-16-x1605va-mb1713g-16-16-gb-ssd-1000-gb-win-11-pro-90nb10n2-m0h4t0-146871621/?c=750000000
"ASUS VivoBook 15 X1504VA-BQ1223 15.6"" / 16 Гб / SSD 1000 Гб / Без ОС / 90NB10J1-M01FZ0";449 483 ₸;/p/asus-vivobook-15-x1504va-bq1223-15-6-16-gb-ssd-1000-gb-bez-os-90nb10j1-m01fz0-123277227/?c=750000000
"ASUS TUF Gaming A15 15.6"" / 16 Гб / SSD 1000 Гб / Win 11 Pro / FA506NF-HNQ62 / 90NR0JE7-M00570";489 111 ₸;/p/asus-tuf-gaming-a15-15-6-16-gb-ssd-1000-gb-win-11-pro-fa506nf-hnq62-90nr0je7-m00570-123436593/?c=750000000
"ASUS Vivobook 15 M1502NAQ-BQ067 15.6"" / 16 Гб / SSD 512 Гб / Без ОС / 90NB1841-M006C0";329 990 ₸;/p/asus-vivobook-15-m1502naq-bq067-15-6-16-gb-ssd-512-gb-bez-os-90nb1841-m006c0-161441510/?c=750000000
"Acer Aspire 3 15.6"" / 8 Гб / SSD 512 Гб / Без ОС / A315-24P-R2BE / NX.KDEER.003";289 990 ₸;/p/acer-aspire-3-15-6-8-gb-ssd-512-gb-bez-os-a315-24p-r2be-nx-kdeer-003-113049645/?c=750000000
"ASUS Vivobook 15 X1504ZA-BQ1143 15.6"" / 8 Гб / SSD 512 Гб / Без ОС / 90NB1021-M01WV0";289 999 ₸;/p/asus-vivobook-15-x1504za-bq1143-15-6-8-gb-ssd-512-gb-bez-os-90nb1021-m01wv0-122031765/?c=750000000
"ASUS ROG Zephyrus M16 16"" / 16 Гб / SSD 512 Гб / DOS / GU603ZE-K8033 / 90NR0941-M002E0";917 090 ₸;/p/asus-rog-zephyrus-m16-16-16-gb-ssd-512-gb-dos-gu603ze-k8033-90nr0941-m002e0-104385889/?c=750000000
"Colorful X15 XS 15.6"" / 16 Гб / SSD 512 Гб / Win 11 / 22-HD55C16512B-G-SA";673 760 ₸;/p/colorful-x15-xs-15-6-16-gb-ssd-512-gb-win-11-22-hd55c16512b-g-sa-110447250/?c=750000000
"Acer Aspire 16 16"" / 32 Гб / SSD 1000 Гб / Win 11 Pro / NX.J5RER.002V";550 064 ₸;/p/acer-aspire-16-16-32-gb-ssd-1000-gb-win-11-pro-nx-j5rer-002v-140912898/?c=750000000
"Lenovo IdeaPad 15.6"" / 4 Гб / HDD 1000 Гб / Без ОС / S145-15API / 81UT00M3RK";269 999 ₸;/p/lenovo-ideapad-15-6-4-gb-hdd-1000-gb-bez-os-s145-15api-81ut00m3rk-100987580/?c=750000000
"ASUS TUF Gaming A15 15.6"" / 16 Гб / SSD 512 Гб / DOS / FA506IHR / 90NR07G7-M008E0";459 000 ₸;/p/asus-tuf-gaming-a15-15-6-16-gb-ssd-512-gb-dos-fa506ihr-90nr07g7-m008e0-105773862/?c=750000000
"ASUS TUF Gaming A15 15.6"" / 16 Гб / SSD 512 Гб / Без ОС / 90NR0JU7-M005P0";499 797 ₸;/p/asus-tuf-gaming-a15-15-6-16-gb-ssd-512-gb-bez-os-90nr0ju7-m005p0-130162388/?c=750000000
"ASUS VivoBook S 16 M3607HA-RP012/WUXGA 16"" / 16 Гб / SSD 512 Гб / Без ОС / 90NB16F2-M005A0";519 970 ₸;/p/asus-vivobook-s-16-m3607ha-rp012-wuxga-16-16-gb-ssd-512-gb-bez-os-90nb16f2-m005a0-139302710/?c=750000000
"ASUS TUF Gaming F17 17.3"" / 24 Гб / SSD 512 Гб / Win 11 Pro / FX707ZC4-HX076XW 90NR0GX1-M006X0";779 999 ₸;/p/asus-tuf-gaming-f17-17-3-24-gb-ssd-512-gb-win-11-pro-fx707zc4-hx076xw-90nr0gx1-m006x0-128828767/?c=750000000
"Lenovo IdeaPad Slim 3 16IRH10 16"" / 24 Гб / SSD 512 Гб / Win 11 Pro / 83K25010RK";469 900 ₸;/p/lenovo-ideapad-slim-3-16irh10-16-24-gb-ssd-512-gb-win-11-pro-83k25010rk-136631568/?c=750000000
"Lenovo LOQ 15IAX9E 15.6"" / 12 Гб / M.2 512 Гб / Без ОС / 83LK00C6KR";495 000 ₸;/p/lenovo-loq-15iax9e-15-6-12-gb-m-2-512-gb-bez-os-83lk00c6kr-146456457/?c=750000000
"Acer Gadget ETBook E10 14"" / 16 Гб / SSD 512 Гб / Win 11 / Z14H24031454";329 990 ₸;/p/acer-gadget-etbook-e10-14-16-gb-ssd-512-gb-win-11-z14h24031454-130769868/?c=750000000
"Lenovo IdeaPad Slim 3 15IRH8 15.6"" / 16 Гб / SSD 1000 Гб / Без ОС / 83EM0068RK";348 799 ₸;/p/lenovo-ideapad-slim-3-15irh8-15-6-16-gb-ssd-1000-gb-bez-os-83em0068rk-124350578/?c=750000000
"Acer Nitro V 15 ANV15-41 15.6"" / 16 Гб / SSD 512 Гб / Без ОС / NH.QSGER.001";529 990 ₸;/p/acer-nitro-v-15-anv15-41-15-6-16-gb-ssd-512-gb-bez-os-nh-qsger-001-121338399/?c=750000000
"ASUS TUF Gaming F15 15.6"" / 16 Гб / SSD 512 Гб / DOS / FX507ZC4-HN143 / 90NR0GW1-M00B40";467 790 ₸;/p/asus-tuf-gaming-f15-15-6-16-gb-ssd-512-gb-dos-fx507zc4-hn143-90nr0gw1-m00b40-113186739/?c=750000000
"Lenovo IdeaPad 1 15IJL7 15.6"" / 8 Гб / SSD 512 Гб / Win 11 Pro / 82LX10G9RK";215 909 ₸;/p/lenovo-ideapad-1-15ijl7-15-6-8-gb-ssd-512-gb-win-11-pro-82lx10g9rk-144482853/?c=750000000
"HP 15-fd01410ci 15.6"" / 32 Гб / SSD 1000 Гб / Win 11 Pro / AF412EA#UQQ";398 796 ₸;/p/hp-15-fd01410ci-15-6-32-gb-ssd-1000-gb-win-11-pro-af412ea-uqq-129221126/?c=750000000
"ASUS Vivobook 15 15.6"" / 16 Гб / SSD 512 Гб / Win 11 / X1504ZA-BQ045W / 90NB1022-M00MW0";299 887 ₸;/p/asus-vivobook-15-15-6-16-gb-ssd-512-gb-win-11-x1504za-bq045w-90nb1022-m00mw0-116201986/?c=750000000
"HONOR MagicBook X 14 14"" / 16 Гб / SSD 512 Гб / Win 11 / 5301ALWG";550 000 ₸;/p/honor-magicbook-x-14-14-16-gb-ssd-512-gb-win-11-5301alwg-135985167/?c=750000000
"ThundeRobot Hunter R15 15.6"" / 16 Гб / SSD 512 Гб / Win 11 Pro / R15-I713650HX406016GQHD240HZ";667 704 ₸;/p/thunderobot-hunter-r15-15-6-16-gb-ssd-512-gb-win-11-pro-r15-i713650hx406016gqhd240hz-121594303/?c=750000000
"ALFA-STORE TK-E140- 14"" / 6 Гб / SSD 256 Гб / Win 10 Pro / 4020";97 990 ₸;/p/alfa-store-tk-e140--14-6-gb-ssd-256-gb-win-10-pro-4020-136747354/?c=750000000
"ASUS Vivobook 15 15.6"" / 16 Гб / SSD 512 Гб / Без ОС / 90NB0X21-M00VR0";299 990 ₸;/p/asus-vivobook-15-15-6-16-gb-ssd-512-gb-bez-os-90nb0x21-m00vr0-140466251/?c=750000000
"Lenovo LOQ 15ARP9 15.6"" / 24 Гб / SSD 1024 Гб / Без ОС / 83JC00FQRK";499 900 ₸;/p/lenovo-loq-15arp9-15-6-24-gb-ssd-1024-gb-bez-os-83jc00fqrk-133102482/?c=750000000
"ASUS Vivobook 15.6"" / 8 Гб / SSD 512 Гб / Win 11 Home / X1504VA-BQ160W / 90NB10J2-M045U0";259 888 ₸;/p/asus-vivobook-15-6-8-gb-ssd-512-gb-win-11-home-x1504va-bq160w-90nb10j2-m045u0-146913630/?c=750000000
"HP 15-fd0107qji 15.6"" / 32 Гб / SSD 2000 Гб / Win 11 Pro / 9U4C8EA#UUQ";539 887 ₸;/p/hp-15-fd0107qji-15-6-32-gb-ssd-2000-gb-win-11-pro-9u4c8ea-uuq-138968989/?c=750000000
"ASUS TUF Gaming F16 FX608JMR-RV119 16"" / 16 Гб / SSD 512 Гб / Без ОС / 90NR0NB1-M006X0";789 452 ₸;/p/asus-tuf-gaming-f16-fx608jmr-rv119-16-16-gb-ssd-512-gb-bez-os-90nr0nb1-m006x0-153436634/?c=750000000
"HP Victus 15-fb1008ci 15.6"" / 16 Гб / SSD 512 Гб / Без ОС / A9DT2EA";429 800 ₸;/p/hp-victus-15-fb1008ci-15-6-16-gb-ssd-512-gb-bez-os-a9dt2ea-135446121/?c=750000000
"HP OMEN 016 16"" / 16 Гб / M.2 1024 Гб / Win 11 / LPHPOMEN16";840 000 ₸;/p/hp-omen-016-16-16-gb-m-2-1024-gb-win-11-lphpomen16-153933354/?c=750000000
"ASUS Vivobook Pro 15 OLED 15.6"" / 24 Гб / SSD 1024 Гб / Win 11 Home / 90NB15E3-M00310";949 990 ₸;/p/asus-vivobook-pro-15-oled-15-6-24-gb-ssd-1024-gb-win-11-home-90nb15e3-m00310-138630879/?c=750000000
"ZFR TK-E157 15.6"" / 32 Гб / SSD 1024 Гб / Win 11 / ZFR-TK-E157-32-1024";503 000 ₸;/p/zfr-tk-e157-15-6-32-gb-ssd-1024-gb-win-11-zfr-tk-e157-32-1024-129222206/?c=750000000
"ASUS TUF Gaming A16 16"" / 16 Гб / SSD 1024 Гб / DOS / FA607PV-N3005 / 90NR0IX3-M00070";899 990 ₸;/p/asus-tuf-gaming-a16-16-16-gb-ssd-1024-gb-dos-fa607pv-n3005-90nr0ix3-m00070-116546380/?c=750000000
"HP ProBook 450 G9 15.6"" / 8 Гб / SSD 512 Гб / Win 11 Pro / 6S6J8EA";450 000 ₸;/p/hp-probook-450-g9-15-6-8-gb-ssd-512-gb-win-11-pro-6s6j8ea-109938455/?c=750000000
"ASUS VivoBook 16 X1605VA-MB1713G 16"" / 24 Гб / SSD 1000 Гб / Win 11 Pro / 90NB10N2-M0G4T0";429 990 ₸;/p/asus-vivobook-16-x1605va-mb1713g-16-24-gb-ssd-1000-gb-win-11-pro-90nb10n2-m0g4t0-146871833/?c=750000000
"Lenovo Legion 5 16IRX9 16"" / 16 Гб / SSD 1024 Гб / Win 11 Home / 83DG00EEUS";929 990 ₸;/p/lenovo-legion-5-16irx9-16-16-gb-ssd-1024-gb-win-11-home-83dg00eeus-132245377/?c=750000000
"Industria N95 15.6"" / 16 Гб / SSD 512 Гб / Win 11 / NB-N95-15.6";500 000 ₸;/p/industria-n95-15-6-16-gb-ssd-512-gb-win-11-nb-n95-15-6-146309025/?c=750000000
"Colorful X15 15.6"" / 16 Гб / SSD 512 Гб / Win 11 Home / AT 23";630 798 ₸;/p/colorful-x15-15-6-16-gb-ssd-512-gb-win-11-home-at-23-112270647/?c=750000000
"Acer Nitro NH.U1PAA.004W 15.6"" / 16 Гб / SSD 512 Гб / Win 11 / ANV15-52-57BB";525 939 ₸;/p/acer-nitro-nh-u1paa-004w-15-6-16-gb-ssd-512-gb-win-11-anv15-52-57bb-166031386/?c=750000000
"Lenovo IdeaPad 1 15.6"" / 16 Гб / SSD 512 Гб / Win 11 Pro / 83B422US";303 993 ₸;/p/lenovo-ideapad-1-15-6-16-gb-ssd-512-gb-win-11-pro-83b422us-160976041/?c=750000000
"Lenovo ThinkBook 14 G7 ARP 14"" / 16 Гб / SSD 512 Гб / Без ОС / 21MV0096RU";435 990 ₸;/p/lenovo-thinkbook-14-g7-arp-14-16-gb-ssd-512-gb-bez-os-21mv0096ru-160577818/?c=750000000
"ThundeRobot Hunter S 16"" / 32 Гб / M.2 1000 Гб / Win 11 Pro / I9139HX5070Ti16G1TQ240HRG";1 159 924 ₸;/p/thunderobot-hunter-s-16-32-gb-m-2-1000-gb-win-11-pro-i9139hx5070ti16g1tq240hrg-155596012/?c=750000000
"MECHREVO Aurora X 16"" / 32 Гб / M.2 1000 Гб / Win 11 Pro / II7137016G000GPNNIGB00";829 949 ₸;/p/mechrevo-aurora-x-16-32-gb-m-2-1000-gb-win-11-pro-ii7137016g000gpnnigb00-163075212/?c=750000000
"Frbby V 16 Pro 15.6"" / 16 Гб / SSD 512 Гб / Win 10 Pro / V16 Pro";200 000 ₸;/p/frbby-v-16-pro-15-6-16-gb-ssd-512-gb-win-10-pro-v16-pro-129541996/?c=750000000
"ASUS TUF Gaming F16 FX608JPR-RV094 16"" / 32 Гб / SSD 1000 Гб / Без ОС / 90NR0NG1-M006C0";1 023 337 ₸;/p/asus-tuf-gaming-f16-fx608jpr-rv094-16-32-gb-ssd-1000-gb-bez-os-90nr0ng1-m006c0-162448132/?c=750000000
"ASUS Zenbook S16 UM5606KA-RK736W 16"" / 24 Гб / SSD 1000 Гб / Win 11 Home / 90NB1522-M006B0";999 990 ₸;/p/asus-zenbook-s16-um5606ka-rk736w-16-24-gb-ssd-1000-gb-win-11-home-90nb1522-m006b0-147384601/?c=750000000
"MSI Prestige 13 AI Evo A1MG-256XKZ 13.3"" / 16 Гб / SSD 512 Гб / Без ОС / 9S7-13Q222-256";650 900 ₸;/p/msi-prestige-13-ai-evo-a1mg-256xkz-13-3-16-gb-ssd-512-gb-bez-os-9s7-13q222-256-153706905/?c=750000000
"Lenovo LOQ Essential 15IRX11 15.6"" / 16 Гб / SSD 1000 Гб / Без ОС / 83SC0065RK";669 990 ₸;/p/lenovo-loq-essential-15irx11-15-6-16-gb-ssd-1000-gb-bez-os-83sc0065rk-162481785/?c=750000000
"Lenovo Legion Pro 5 16"" / 16 Гб / SSD 1000 Гб / Win 11 Home / 83NN0000CD";1 599 999 ₸;/p/lenovo-legion-pro-5-16-16-gb-ssd-1000-gb-win-11-home-83nn0000cd-156442527/?c=750000000
"Gooky GT163 16"" / 32 Гб / SSD 512 Гб / Win 10 / KJGT163";547 000 ₸;/p/gooky-gt163-16-32-gb-ssd-512-gb-win-10-kjgt163-118539713/?c=750000000
"ASUS X1504VA-BQ542J 15.6"" / 24 Гб / SSD 2000 Гб / Win 11 Pro / 90NB10J2";579 989 ₸;/p/asus-x1504va-bq542j-15-6-24-gb-ssd-2000-gb-win-11-pro-90nb10j2-139480975/?c=750000000
"ASUS ROG Strix G16 16"" / 16 Гб / SSD 512 Гб / Win 11 Home / G614JV-AS73 / 90NR0C61-M00880";999 000 ₸;/p/asus-rog-strix-g16-16-16-gb-ssd-512-gb-win-11-home-g614jv-as73-90nr0c61-m00880-115744826/?c=750000000
"ASUS TUF Gaming A18 18"" / 32 Гб / SSD 1024 Гб / Без ОС / 90NR0NL1-M002V0";990 000 ₸;/p/asus-tuf-gaming-a18-18-32-gb-ssd-1024-gb-bez-os-90nr0nl1-m002v0-143410347/?c=750000000
"ASUS ROG Zephyrus G16 16"" / 32 Гб / SSD 1000 Гб / Без ОС / GU605MI-QR077 / 90NR0IS1-M00330";2 228 888 ₸;/p/asus-rog-zephyrus-g16-16-32-gb-ssd-1000-gb-bez-os-gu605mi-qr077-90nr0is1-m00330-116994767/?c=750000000
"ASUS X1605VA-MB1713 16"" / 16 Гб / M.2 512 Гб / Без ОС / 90NB10N2-M024T0";399 886 ₸;/p/asus-x1605va-mb1713-16-16-gb-m-2-512-gb-bez-os-90nb10n2-m024t0-143539217/?c=750000000
"ASUS Zenbook S 16 UM5606WA-RK220W 16"" / 32 Гб / SSD 1000 Гб / Win 11 Home / 90NB13M2-M00CJ0";1 418 888 ₸;/p/asus-zenbook-s-16-um5606wa-rk220w-16-32-gb-ssd-1000-gb-win-11-home-90nb13m2-m00cj0-142568159/?c=750000000
"Lenovo LOQ 15IRX10 15.6"" / 16 Гб / SSD 1000 Гб / Win 11 Pro / 83JE004BRK";657 827 ₸;/p/lenovo-loq-15irx10-15-6-16-gb-ssd-1000-gb-win-11-pro-83je004brk-148241439/?c=750000000
"ASUS Zenbook S 13 13.3"" / 16 Гб / SSD 1000 Гб / Win 11 / UX5304MA-NQ040W / 90NB12V3-M008T0";999 888 ₸;/p/asus-zenbook-s-13-13-3-16-gb-ssd-1000-gb-win-11-ux5304ma-nq040w-90nb12v3-m008t0-118636743/?c=750000000
"ASUS X1504VA 15.6"" / 12 Гб / SSD 512 Гб / Win 11 Pro / 90NB10J2-M0SBY0";289 000 ₸;/p/asus-x1504va-15-6-12-gb-ssd-512-gb-win-11-pro-90nb10j2-m0sby0-154166589/?c=750000000
"ASUS ROG Strix G16 G615JHR-S5039H 16"" / 32 Гб / SSD 1000 Гб / Win 11 Pro / 90NR0LL1-M0H1B0";1 325 888 ₸;/p/asus-rog-strix-g16-g615jhr-s5039h-16-32-gb-ssd-1000-gb-win-11-pro-90nr0ll1-m0h1b0-146842944/?c=750000000
"ASUS TUF Gaming F16 FX607VJ-RL049A 16"" / 32 Гб / SSD 512 Гб / Win 11 Pro / 90NR0MZ6-M0A2P0";626 283 ₸;/p/asus-tuf-gaming-f16-fx607vj-rl049a-16-32-gb-ssd-512-gb-win-11-pro-90nr0mz6-m0a2p0-145167989/?c=750000000
"HP Victus Gaming 15-fa2013dx 15.6"" / 8 Гб / SSD 512 Гб / Win 11 Pro / B95WHUA#ABA";399 799 ₸;/p/hp-victus-gaming-15-fa2013dx-15-6-8-gb-ssd-512-gb-win-11-pro-b95whua-aba-153137813/?c=750000000
"MSI Thin A15 15.6"" / 16 Гб / SSD 512 Гб / DOS / B7VE-224XKZ / 9S7-16RK11-224";617 288 ₸;/p/msi-thin-a15-15-6-16-gb-ssd-512-gb-dos-b7ve-224xkz-9s7-16rk11-224-120621619/?c=750000000
"ASUS Vivobook 16X 16"" / 16 Гб / SSD 512 Гб / DOS / K3605VU-PL090 / 90NB11Z2-M003J0";500 000 ₸;/p/asus-vivobook-16x-16-16-gb-ssd-512-gb-dos-k3605vu-pl090-90nb11z2-m003j0-114122052/?c=750000000
"ASUS Vivobook 15 15.6"" / 16 Гб / SSD 1000 Гб / Win 11 Pro / X1504ZA-BQ792W / 90NB1022-M014W0";418 690 ₸;/p/asus-vivobook-15-15-6-16-gb-ssd-1000-gb-win-11-pro-x1504za-bq792w-90nb1022-m014w0-117475575/?c=750000000
"MSI Katana 15 HX B14WFK-813XKZ 15.6"" / 16 Гб / SSD 1000 Гб / Без ОС / 9S7-1587C1-813";697 650 ₸;/p/msi-katana-15-hx-b14wfk-813xkz-15-6-16-gb-ssd-1000-gb-bez-os-9s7-1587c1-813-148280742/?c=750000000
"Lenovo Yoga Pro 9 16IMH9 16"" / 16 Гб / SSD 1000 Гб / Win 11 Home / 83DN006ARU";1 199 990 ₸;/p/lenovo-yoga-pro-9-16imh9-16-16-gb-ssd-1000-gb-win-11-home-83dn006aru-128440866/?c=750000000
"ASUS ROG Strix G16 G614JV-N4263A 16"" / 32 Гб / SSD 1000 Гб / Win 11 Pro / 90NR0C61-M01050";1 199 945 ₸;/p/asus-rog-strix-g16-g614jv-n4263a-16-32-gb-ssd-1000-gb-win-11-pro-90nr0c61-m01050-143039918/?c=750000000
"HP Victus 15.6"" / 16 Гб / SSD 512 Гб / DOS / 15-fa1058ci / A14WMEA";589 890 ₸;/p/hp-victus-15-6-16-gb-ssd-512-gb-dos-15-fa1058ci-a14wmea-118552340/?c=750000000
"Lenovo IdeaPad Slim 3 15IAH8 15.6"" / 16 Гб / SSD 512 Гб / Без ОС / 83ER0080RK";349 800 ₸;/p/lenovo-ideapad-slim-3-15iah8-15-6-16-gb-ssd-512-gb-bez-os-83er0080rk-136932938/?c=750000000
"ASUS TUF Gaming F15 15.6"" / 16 Гб / SSD 512 Гб / DOS / FX506H / 90NR0723-M05380";526 703 ₸;/p/asus-tuf-gaming-f15-15-6-16-gb-ssd-512-gb-dos-fx506h-90nr0723-m05380-102216407/?c=750000000
"HP Laptop 15s-eq2026ci 15.6"" / 8 Гб / SSD 512 Гб / Без ОС / A27S8EA";279 888 ₸;/p/hp-laptop-15s-eq2026ci-15-6-8-gb-ssd-512-gb-bez-os-a27s8ea-129665139/?c=750000000
"ASUS VivoBook 17 17.3"" / 16 Гб / SSD 512 Гб / Без ОС / X1704VA-AU464 / 90NB10V2-M00FH0";399 000 ₸;/p/asus-vivobook-17-17-3-16-gb-ssd-512-gb-bez-os-x1704va-au464-90nb10v2-m00fh0-124499618/?c=750000000
"HP 15s 15.6"" / 8 Гб / SSD 512 Гб / Win 10 / 15s-eq2035ur / 4A723EA";276 988 ₸;/p/hp-15s-15-6-8-gb-ssd-512-gb-win-10-15s-eq2035ur-4a723ea-101808344/?c=750000000
"ASUS TUF Gaming F15 15.6"" / 16 Гб / SSD 512 Гб / DOS / FX506HC-HN006 / 90NR0723-M02580";467 575 ₸;/p/asus-tuf-gaming-f15-15-6-16-gb-ssd-512-gb-dos-fx506hc-hn006-90nr0723-m02580-101932360/?c=750000000
"Acer Aspire Go 15.6"" / 8 Гб / SSD 512 Гб / DOS / AG15-31P-394S / NX.KX5ER.002";249 700 ₸;/p/acer-aspire-go-15-6-8-gb-ssd-512-gb-dos-ag15-31p-394s-nx-kx5er-002-119705515/?c=750000000
"Acer Predator Helios Neo 16 16"" / 32 Гб / SSD 1000 Гб / Без ОС / PHN16-72 / NH.QRFER.005";1 299 000 ₸;/p/acer-predator-helios-neo-16-16-32-gb-ssd-1000-gb-bez-os-phn16-72-nh-qrfer-005-120024050/?c=750000000
"ASUS Vivobook 15 15.6"" / 16 Гб / SSD 1000 Гб / Win 11 Pro / X1504VA-BQ2274A / 90NB10J1-M02AU0";364 148 ₸;/p/asus-vivobook-15-15-6-16-gb-ssd-1000-gb-win-11-pro-x1504va-bq2274a-90nb10j1-m02au0-139271216/?c=750000000
"ThundeRobot 911 X WILD HUNTER G3 PRO 15.6"" / 16 Гб / SSD 1024 Гб / Без ОС / JT009K00K";749 990 ₸;/p/thunderobot-911-x-wild-hunter-g3-pro-15-6-16-gb-ssd-1024-gb-bez-os-jt009k00k-146525905/?c=750000000
"ASUS TUF Gaming F16 FX608JPR 16"" / 24 Гб / SSD 1000 Гб / Win 11 Home / 90NRONG1-M00620";979 000 ₸;/p/asus-tuf-gaming-f16-fx608jpr-16-24-gb-ssd-1000-gb-win-11-home-90nrong1-m00620-154468087/?c=750000000
"ASUS TUF Gaming F16 16"" / 16 Гб / SSD 512 Гб / Без ОС / 90NR0N06-M002R0";549 000 ₸;/p/asus-tuf-gaming-f16-16-16-gb-ssd-512-gb-bez-os-90nr0n06-m002r0-138374001/?c=750000000
"ASUS Vivobook 15 15.6"" / 16 Гб / SSD 512 Гб / Без ОС / X1504VA-BQ2284 / 90NB10J2-M02V40";289 888 ₸;/p/asus-vivobook-15-15-6-16-gb-ssd-512-gb-bez-os-x1504va-bq2284-90nb10j2-m02v40-135584420/?c=750000000
"ASUS FA506NC-HN024W 15.6"" / 16 Гб / SSD 512 Гб / Win 11 Pro / 90NR0JF7-M0W1U0";449 899 ₸;/p/asus-fa506nc-hn024w-15-6-16-gb-ssd-512-gb-win-11-pro-90nr0jf7-m0w1u0-149587340/?c=750000000
"HP 15-fc0140gi 15.6"" / 16 Гб / SSD 512 Гб / Win 11 Pro / BM0B014EA#UUQ";296 293 ₸;/p/hp-15-fc0140gi-15-6-16-gb-ssd-512-gb-win-11-pro-bm0b014ea-uuq-145145262/?c=750000000
"HP 15s-fq5100ci 15.6"" / 8 Гб / SSD 512 Гб / Без ОС / A1UX2EA";284 673 ₸;/p/hp-15s-fq5100ci-15-6-8-gb-ssd-512-gb-bez-os-a1ux2ea-121787072/?c=750000000
"Lenovo IdeaPad Slim 3 16IRH10 16"" / 16 Гб / SSD 512 Гб / Без ОС / 83K2000LRK";388 878 ₸;/p/lenovo-ideapad-slim-3-16irh10-16-16-gb-ssd-512-gb-bez-os-83k2000lrk-144392846/?c=750000000
"HP Victus 16.1"" / 16 Гб / SSD 512 Гб / Без ОС / 16-r0011ci / 7Y2C9EA";949 999 ₸;/p/hp-victus-16-1-16-gb-ssd-512-gb-bez-os-16-r0011ci-7y2c9ea-116580273/?c=750000000
"ASUS 17X X1704VA-AU299 17.3"" / 16 Гб / SSD 512 Гб / DOS / 90NB13X1-M000F0";399 888 ₸;/p/asus-17x-x1704va-au299-17-3-16-gb-ssd-512-gb-dos-90nb13x1-m000f0-121906534/?c=750000000
"Lenovo LOQ 15AHP10 15.6"" / 32 Гб / SSD 1000 Гб / Win 11 Pro / 83JG014VRK";749 990 ₸;/p/lenovo-loq-15ahp10-15-6-32-gb-ssd-1000-gb-win-11-pro-83jg014vrk-152089214/?c=750000000
"HP 15-fd0095wm 15.6"" / 8 Гб / SSD 256 Гб / Win 11 / A2BZ9UA";269 887 ₸;/p/hp-15-fd0095wm-15-6-8-gb-ssd-256-gb-win-11-a2bz9ua-133912861/?c=750000000
"ASUS TUF Gaming F15 15.6"" / 16 Гб / SSD 512 Гб / DOS / FX507VU-LP201 / 90NR0CJ7-M00L80";649 887 ₸;/p/asus-tuf-gaming-f15-15-6-16-gb-ssd-512-gb-dos-fx507vu-lp201-90nr0cj7-m00l80-120678853/?c=750000000
"ThundeRobot Hunter Blade S 16"" / 16 Гб / M.2 1000 Гб / Win 11 Pro / JT009M00K0045R6RXXBR";808 957 ₸;/p/thunderobot-hunter-blade-s-16-16-gb-m-2-1000-gb-win-11-pro-jt009m00k0045r6rxxbr-145926454/?c=750000000
"ASUS TUF Gaming A16 FA607NUG-WH73R 16"" / 16 Гб / SSD 2000 Гб / Win 11 Pro / 90NR0MU3-M03AT0";699 870 ₸;/p/asus-tuf-gaming-a16-fa607nug-wh73r-16-16-gb-ssd-2000-gb-win-11-pro-90nr0mu3-m03at0-148573366/?c=750000000
"ASUS FA506NC-HN024W 15.6"" / 16 Гб / SSD 512 Гб / Win 11 Pro / 90NR0JF7-MW01U0";449 899 ₸;/p/asus-fa506nc-hn024w-15-6-16-gb-ssd-512-gb-win-11-pro-90nr0jf7-mw01u0-122850817/?c=750000000
"ASUS Vivobook S16 16"" / 16 Гб / SSD 512 Гб / Win 11 / 90NB1551-M00670";699 990 ₸;/p/asus-vivobook-s16-16-16-gb-ssd-512-gb-win-11-90nb1551-m00670-138246489/?c=750000000
"MECHREVO JIAOLONG 16 Pro 16"" / 16 Гб / SSD 512 Гб / Win 11 Pro / AR7774516G000G16NHSB03";749 808 ₸;/p/mechrevo-jiaolong-16-pro-16-16-gb-ssd-512-gb-win-11-pro-ar7774516g000g16nhsb03-135199610/?c=750000000
"ASUS X1504VA-BQ3125W 15.6"" / 8 Гб / SSD 512 Гб / Win 11 Home / 90NB13Y1-M012M0";299 899 ₸;/p/asus-x1504va-bq3125w-15-6-8-gb-ssd-512-gb-win-11-home-90nb13y1-m012m0-152362020/?c=750000000
"ASUS TUF Gaming F15 FX507ZC4-HN14P 15.6"" / 32 Гб / SSD 2000 Гб / Win 11 Pro / 90NR0GW1-M0PB60";729 303 ₸;/p/asus-tuf-gaming-f15-fx507zc4-hn14p-15-6-32-gb-ssd-2000-gb-win-11-pro-90nr0gw1-m0pb60-136204797/?c=750000000
"ASUS Vivobook Go 15 15.6"" / 8 Гб / SSD 256 Гб / DOS / E1504GA-BQ236 / 90NB0ZT1-M00A40";213 000 ₸;/p/asus-vivobook-go-15-15-6-8-gb-ssd-256-gb-dos-e1504ga-bq236-90nb0zt1-m00a40-114334552/?c=750000000
"HP 15-fc0018ci 15.6"" / 8 Гб / SSD 512 Гб / Win 11 / 7P452EA#UUQ";269 999 ₸;/p/hp-15-fc0018ci-15-6-8-gb-ssd-512-gb-win-11-7p452ea-uuq-112379538/?c=750000000
"ASUS ROG Strix G16 16"" / 16 Гб / SSD 512 Гб / DOS / G614JU / 90NR0CC1-M00YN0";1 199 923 ₸;/p/asus-rog-strix-g16-16-16-gb-ssd-512-gb-dos-g614ju-90nr0cc1-m00yn0-120392269/?c=750000000
"HP ProBook 460 G11 UMA 16"" / 16 Гб / SSD 512 Гб / Без ОС / A23BKEA";463 470 ₸;/p/hp-probook-460-g11-uma-16-16-gb-ssd-512-gb-bez-os-a23bkea-137432173/?c=750000000
"ASUS TUF Gaming A15 15.6"" / 16 Гб / SSD 512 Гб / Без ОС / FA506NF-HN062 / 90NR0JE7-M00570";449 799 ₸;/p/asus-tuf-gaming-a15-15-6-16-gb-ssd-512-gb-bez-os-fa506nf-hn062-90nr0je7-m00570-119121167/?c=750000000
"HP 15s 15.6"" / 8 Гб / SSD 512 Гб / DOS / 15s-eq2028ci / A1UX0EA";299 888 ₸;/p/hp-15s-15-6-8-gb-ssd-512-gb-dos-15s-eq2028ci-a1ux0ea-118552097/?c=750000000
"ASUS Zenbook 14 14"" / 16 Гб / SSD 512 Гб / DOS / UM3402YA-KP797 / 90NB0W95-M01ES0";459 990 ₸;/p/asus-zenbook-14-14-16-gb-ssd-512-gb-dos-um3402ya-kp797-90nb0w95-m01es0-120517624/?c=750000000
"MSI Cyborg A15 AI 15.6"" / 16 Гб / M.2 512 Гб / Без ОС / B2HWFKG-020XKZ / 9S7-15QL42-020";629 990 ₸;/p/msi-cyborg-a15-ai-15-6-16-gb-m-2-512-gb-bez-os-b2hwfkg-020xkz-9s7-15ql42-020-145249332/?c=750000000
"ASUS TUF Gaming A15 15.6"" / 32 Гб / SSD 512 Гб / Win 11 Pro / FA506NFR-HN004S / 90NR0JU7-M0S6T0";569 383 ₸;/p/asus-tuf-gaming-a15-15-6-32-gb-ssd-512-gb-win-11-pro-fa506nfr-hn004s-90nr0ju7-m0s6t0-131728445/?c=750000000
"Acer Aspire 3 15.6"" / 16 Гб / SSD 1000 Гб / Без ОС / A315 / NX.KSJER.009";377 001 ₸;/p/acer-aspire-3-15-6-16-gb-ssd-1000-gb-bez-os-a315-nx-ksjer-009-117589693/?c=750000000
"Gooky X8 8"" / 12 Гб / SSD 256 Гб / Win 11 Pro / GGTX8";249 000 ₸;/p/gooky-x8-8-12-gb-ssd-256-gb-win-11-pro-ggtx8-118281474/?c=750000000
"ASUS ROG Zephyrus G16 GU605CX 16"" / 64 Гб / SSD 1000 Гб / Win 11 Home / 90NR0M66-M00420";3 399 910 ₸;/p/asus-rog-zephyrus-g16-gu605cx-16-64-gb-ssd-1000-gb-win-11-home-90nr0m66-m00420-138881635/?c=750000000
"ASUS Vivobook 15 X1504ZA-BQ1464 15.6"" / 8 Гб / SSD 512 Гб / DOS / 90NB1021-M02400";299 887 ₸;/p/asus-vivobook-15-x1504za-bq1464-15-6-8-gb-ssd-512-gb-dos-90nb1021-m02400-122144413/?c=750000000
"Lenovo IdeaPad Slim 3 15IRU8 15.6"" / 8 Гб / SSD 256 Гб / Без ОС / 82X700B0RK";296 935 ₸;/p/lenovo-ideapad-slim-3-15iru8-15-6-8-gb-ssd-256-gb-bez-os-82x700b0rk-148609233/?c=750000000
"ASUS B5604CMA-QY0173 16"" / 16 Гб / SSD 512 Гб / Без ОС / 90NX0751-M006J0";531 479 ₸;/p/asus-b5604cma-qy0173-16-16-gb-ssd-512-gb-bez-os-90nx0751-m006j0-133024901/?c=750000000
"HP Pavilion 15-eh3022ci 15.6"" / 16 Гб / SSD 512 Гб / DOS / 7P442EA#UUQ";419 999 ₸;/p/hp-pavilion-15-eh3022ci-15-6-16-gb-ssd-512-gb-dos-7p442ea-uuq-111967653/?c=750000000
"Lenovo LOQ 15IRX10 15.6"" / 24 Гб / SSD 512 Гб / Без ОС / 83JE002DRK";719 990 ₸;/p/lenovo-loq-15irx10-15-6-24-gb-ssd-512-gb-bez-os-83je002drk-141551880/?c=750000000
"ELERON SmartBook 15.6"" / 8 Гб / M.2 256 Гб / Win 11 / ES.PF01R.R5S";224 999 ₸;/p/eleron-smartbook-15-6-8-gb-m-2-256-gb-win-11-es-pf01r-r5s-148353707/?c=750000000
"Apple MacBook Air 15 2023 15.3"" / 8 Гб / SSD 512 Гб / macOS / MQKQ3";1 619 725 ₸;/p/apple-macbook-air-15-2023-15-3-8-gb-ssd-512-gb-macos-mqkq3-137244953/?c=750000000
"MECHREVO KuangShi X Pro 16"" / 32 Гб / M.2 1000 Гб / Win 11 Pro / JTZ63546GTZR66T";1 259 774 ₸;/p/mechrevo-kuangshi-x-pro-16-32-gb-m-2-1000-gb-win-11-pro-jtz63546gtzr66t-150053675/?c=750000000
"Lenovo ThinkBook 16 G7 IML 16"" / 16 Гб / SSD 512 Гб / Без ОС / 21MS005KRU";499 841 ₸;/p/lenovo-thinkbook-16-g7-iml-16-16-gb-ssd-512-gb-bez-os-21ms005kru-120061514/?c=750000000
"HP 15-fd0118tqi 15.6"" / 24 Гб / SSD 1000 Гб / Win 11 Pro / A2LR71EA#UQQ";373 216 ₸;/p/hp-15-fd0118tqi-15-6-24-gb-ssd-1000-gb-win-11-pro-a2lr71ea-uqq-141340154/?c=750000000
"ASUS Zenbook 14 UM3406KA 14"" / 16 Гб / M.2 1024 Гб / Без ОС / 90NB14U1-M00E50";665 452 ₸;/p/asus-zenbook-14-um3406ka-14-16-gb-m-2-1024-gb-bez-os-90nb14u1-m00e50-143566527/?c=750000000
"Acer Aspire 3 15.6"" / 8 Гб / SSD 256 Гб / Win 11 / A315-56 / NX.HS5ER.02C";237 670 ₸;/p/acer-aspire-3-15-6-8-gb-ssd-256-gb-win-11-a315-56-nx-hs5er-02c-108590546/?c=750000000
"HP EliteBook 840 G8 14"" / 16 Гб / SSD 256 Гб / Win 11 Pro / 43B21UC";297 800 ₸;/p/hp-elitebook-840-g8-14-16-gb-ssd-256-gb-win-11-pro-43b21uc-110240325/?c=750000000
"Acer Nitro 15.6"" / 32 Гб / SSD 512 Гб / Win 11 Pro / ANV15-51-97HQ / NH.QQEER.07W";1 089 999 ₸;/p/acer-nitro-15-6-32-gb-ssd-512-gb-win-11-pro-anv15-51-97hq-nh-qqeer-07w-135371024/?c=750000000
"HP 15s 15.6"" / 8 Гб / SSD 512 Гб / DOS / 15s-fq5032ci / 725W7EA";279 980 ₸;/p/hp-15s-15-6-8-gb-ssd-512-gb-dos-15s-fq5032ci-725w7ea-107923100/?c=750000000
"ASUS ROG Strix G18 G815JMR-S9050A 18"" / 16 Гб / SSD 1000 Гб / Win 11 Pro / 90NR0LE1-M00QC0";1 149 000 ₸;/p/asus-rog-strix-g18-g815jmr-s9050a-18-16-gb-ssd-1000-gb-win-11-pro-90nr0le1-m00qc0-153721021/?c=750000000
"Great Asia TK-E159 15.6"" / 16 Гб / SSD 512 Гб / Win 11 / E159-06433";215 900 ₸;/p/great-asia-tk-e159-15-6-16-gb-ssd-512-gb-win-11-e159-06433-119874770/?c=750000000
"Acer Nitro Lite NL16-71G-560W 16"" / 16 Гб / SSD 512 Гб / Без ОС / NH.DAAER.001";439 999 ₸;/p/acer-nitro-lite-nl16-71g-560w-16-16-gb-ssd-512-gb-bez-os-nh-daaer-001-152331805/?c=750000000
"Lenovo LOQ 15IRX10 15.6"" / 16 Гб / SSD 1000 Гб / Без ОС / 83JE00PQRK";785 743 ₸;/p/lenovo-loq-15irx10-15-6-16-gb-ssd-1000-gb-bez-os-83je00pqrk-144836083/?c=750000000
"HP Laptop 15-fd0213yi 15.6"" / 12 Гб / SSD 512 Гб / Win 11 Pro / BDV25EA#UQQ";299 887 ₸;/p/hp-laptop-15-fd0213yi-15-6-12-gb-ssd-512-gb-win-11-pro-bdv25ea-uqq-153608244/?c=750000000
"Apple MacBook Pro 14 2023 14.2"" / 16 Гб / SSD 512 Гб / macOS / MPHE3RU/A";1 039 990 ₸;/p/apple-macbook-pro-14-2023-14-2-16-gb-ssd-512-gb-macos-mphe3ru-a-120078985/?c=750000000
"Apple MacBook Air 15 2024 15.3"" / 24 Гб / SSD 512 Гб / macOS / MC9H4";926 815 ₸;/p/apple-macbook-air-15-2024-15-3-24-gb-ssd-512-gb-macos-mc9h4-137254907/?c=750000000
"ASUS TUF Gaming F15 15.6"" / 16 Гб / SSD 512 Гб / Без ОС / FX507VI-LP071 / 90NR0FH7-M005L0";929 990 ₸;/p/asus-tuf-gaming-f15-15-6-16-gb-ssd-512-gb-bez-os-fx507vi-lp071-90nr0fh7-m005l0-117204496/?c=750000000
"ASUS TUF Gaming A15 15.6"" / 64 Гб / SSD 512 Гб / Win 11 Pro / FA506NFR-HN004V / 90NR0JU7-M0V6T0";825 701 ₸;/p/asus-tuf-gaming-a15-15-6-64-gb-ssd-512-gb-win-11-pro-fa506nfr-hn004v-90nr0ju7-m0v6t0-131728509/?c=750000000
"Lenovo LOQ 15ARP9 15.6"" / 16 Гб / SSD 512 Гб / Без ОС / 83JC005GRK";429 990 ₸;/p/lenovo-loq-15arp9-15-6-16-gb-ssd-512-gb-bez-os-83jc005grk-144404710/?c=750000000
"Acer Aspire 5 15.6"" / 16 Гб / SSD 512 Гб / Без ОС / A515-58P-77H8 / NX.KHJER.00B";395 000 ₸;/p/acer-aspire-5-15-6-16-gb-ssd-512-gb-bez-os-a515-58p-77h8-nx-khjer-00b-118158655/?c=750000000
"Acer Aspire 3 15.6"" / 8 Гб / SSD 512 Гб / Win 11 / A315-58 / NX.ADDER.01T";289 970 ₸;/p/acer-aspire-3-15-6-8-gb-ssd-512-gb-win-11-a315-58-nx-adder-01t-110910834/?c=750000000
"Apple MacBook Air 15 2023 15.3"" / 8 Гб / SSD 512 Гб / macOS / MQKT3";985 310 ₸;/p/apple-macbook-air-15-2023-15-3-8-gb-ssd-512-gb-macos-mqkt3-111217588/?c=750000000
"Lenovo V15 G2 ALC 15.6"" / 8 Гб / SSD 512 Гб / Без ОС / 82KD002SRU";284 590 ₸;/p/lenovo-v15-g2-alc-15-6-8-gb-ssd-512-gb-bez-os-82kd002sru-105136125/?c=750000000
"ZFR TK-E159-32-256 15.6"" / 32 Гб / SSD 256 Гб / Win 11 / ZFR TK-E159-06443";339 000 ₸;/p/zfr-tk-e159-32-256-15-6-32-gb-ssd-256-gb-win-11-zfr-tk-e159-06443-133986458/?c=750000000
"Colorful Hidden Star G16 Pro 16"" / 32 Гб / SSD 1000 Гб / Win 11 Pro / A10204900177";1 668 849 ₸;/p/colorful-hidden-star-g16-pro-16-32-gb-ssd-1000-gb-win-11-pro-a10204900177-146975876/?c=750000000
"Acer Aspire 3 A315-23 15.6"" / 8 Гб / SSD 256 Гб / Без ОС / NX.HVTER.02Y";237 825 ₸;/p/acer-aspire-3-a315-23-15-6-8-gb-ssd-256-gb-bez-os-nx-hvter-02y-113286076/?c=750000000
"ASUS Vivobook 17 17.3"" / 16 Гб / SSD 512 Гб / DOS / X1704VA-AU466/90NB10V1-M00FK0";399 888 ₸;/p/asus-vivobook-17-17-3-16-gb-ssd-512-gb-dos-x1704va-au466-90nb10v1-m00fk0-123738767/?c=750000000
"ASUS Vivobook 15 15.6"" / 8 Гб / SSD 1024 Гб / Без ОС / X1504VA-BQ542 / 90NB10J2-M00SB0";396 979 ₸;/p/asus-vivobook-15-15-6-8-gb-ssd-1024-gb-bez-os-x1504va-bq542-90nb10j2-m00sb0-139090931/?c=750000000
"Acer Swift 3 14"" / 8 Гб / SSD 512 Гб / Win 11 Home / SF314-512 / NX.K0FER.001";325 670 ₸;/p/acer-swift-3-14-8-gb-ssd-512-gb-win-11-home-sf314-512-nx-k0fer-001-113986991/?c=750000000
"ASUS TUF Gaming F15 FX507ZC4-HN14H 15.6"" / 16 Гб / SSD 2000 Гб / Win 11 Pro / 90NR0GW1-M0HB60";678 302 ₸;/p/asus-tuf-gaming-f15-fx507zc4-hn14h-15-6-16-gb-ssd-2000-gb-win-11-pro-90nr0gw1-m0hb60-136204271/?c=750000000
"Lenovo IdeaPad 3 15.6"" / 8 Гб / HDD 1000 Гб / Win 10 / 15ALC6 / 82KU00RLRK";275 892 ₸;/p/lenovo-ideapad-3-15-6-8-gb-hdd-1000-gb-win-10-15alc6-82ku00rlrk-104669640/?c=750000000
"ASUS Vivobook X1504VA-BQ2383P 15.6"" / 16 Гб / SSD 2000 Гб / Win 11 Pro / 90NB10J2-M02ZD0";399 888 ₸;/p/asus-vivobook-x1504va-bq2383p-15-6-16-gb-ssd-2000-gb-win-11-pro-90nb10j2-m02zd0-137073304/?c=750000000
"Acer Nitro 15.6"" / 48 Гб / SSD 512 Гб / Win 11 Pro / ANV15-51-97HQ / NH.QQEER.14W";1 199 999 ₸;/p/acer-nitro-15-6-48-gb-ssd-512-gb-win-11-pro-anv15-51-97hq-nh-qqeer-14w-135371428/?c=750000000
"ASUS TUF Gaming F15 15.6"" / 16 Гб / SSD 2000 Гб / Win 11 Pro / FX507VU-LP280PW / 90NR0CJ7-M0PL90";749 887 ₸;/p/asus-tuf-gaming-f15-15-6-16-gb-ssd-2000-gb-win-11-pro-fx507vu-lp280pw-90nr0cj7-m0pl90-119929508/?c=750000000
"DELL Latitude 3520 15.6"" / 8 Гб / SSD 512 Гб / Ubuntu / N063L352015EMEA_REF_UBU";315 356 ₸;/p/dell-latitude-3520-15-6-8-gb-ssd-512-gb-ubuntu-n063l352015emea-ref-ubu-110582334/?c=750000000
"ASUS ROG Strix G16 G614JV-N4193 16"" / 16 Гб / SSD 1000 Гб / DOS / 90NR0C61-M00CU0";999 000 ₸;/p/asus-rog-strix-g16-g614jv-n4193-16-16-gb-ssd-1000-gb-dos-90nr0c61-m00cu0-114334618/?c=750000000
"ASUS Vivobook 15.6"" / 8 Гб / SSD 512 Гб / Win 11 / X1504VA-BQ3818W / 90NB13Y2-M01CR0";288 252 ₸;/p/asus-vivobook-15-6-8-gb-ssd-512-gb-win-11-x1504va-bq3818w-90nb13y2-m01cr0-146913652/?c=750000000
"ASUS Vivobook 16"" / 16 Гб / SSD 2000 Гб / Win 11 Pro / X1605VA-MB1712L / 90NB10N2-M024SL";549 888 ₸;/p/asus-vivobook-16-16-gb-ssd-2000-gb-win-11-pro-x1605va-mb1712l-90nb10n2-m024sl-141150411/?c=750000000
"Lenovo IdeaPad 3 15.6"" / 4 Гб / SSD 240 Гб / DOS / 15IGL05 / 81WQ00R3FE";199 000 ₸;/p/lenovo-ideapad-3-15-6-4-gb-ssd-240-gb-dos-15igl05-81wq00r3fe-112330545/?c=750000000
"Acer Aspire 3 15.6"" / 4 Гб / SSD 256 Гб / Win 11 / A315-56-39NZ / NX.HS5ER.02L";229 670 ₸;/p/acer-aspire-3-15-6-4-gb-ssd-256-gb-win-11-a315-56-39nz-nx-hs5er-02l-107659659/?c=750000000
"Acer Aspire Lite AL16-52P 16"" / 8 Гб / SSD 256 Гб / Без ОС / NX.J5QEM.001";229 405 ₸;/p/acer-aspire-lite-al16-52p-16-8-gb-ssd-256-gb-bez-os-nx-j5qem-001-135428133/?c=750000000
"ASUS Vivobook 15 15.6"" / 16 Гб / SSD 1000 Гб / Win 11 / X1504ZA-BQ1105HW / 90NB1021-M0HWD0";359 105 ₸;/p/asus-vivobook-15-15-6-16-gb-ssd-1000-gb-win-11-x1504za-bq1105hw-90nb1021-m0hwd0-117183192/?c=750000000
"Chuwi CoreBook X i3-1220P 14"" / 16 Гб / SSD 512 Гб / Win 11 / CoreBook X";216 990 ₸;/p/chuwi-corebook-x-i3-1220p-14-16-gb-ssd-512-gb-win-11-corebook-x-128586980/?c=750000000
"Huawei MateBook D16 16"" / 16 Гб / SSD 512 Гб / Win 11 Home / MitchellG-W5651";368 366 ₸;/p/huawei-matebook-d16-16-16-gb-ssd-512-gb-win-11-home-mitchellg-w5651-115943541/?c=750000000
"ASUS TUF Gaming A15 15.6"" / 16 Гб / SSD 512 Гб / Без ОС / FA506NC-HN024 / 90NR0JF7-M001U0";449 000 ₸;/p/asus-tuf-gaming-a15-15-6-16-gb-ssd-512-gb-bez-os-fa506nc-hn024-90nr0jf7-m001u0-117322788/?c=750000000
"ALAR 15-159 15.6"" / 16 Гб / SSD 512 Гб / Win 11 Pro / AT2024E1590001";219 990 ₸;/p/alar-15-159-15-6-16-gb-ssd-512-gb-win-11-pro-at2024e1590001-124493491/?c=750000000
"YAMI Notebook N10 14.1"" / 12 Гб / SSD 256 Гб / Win 11 Pro / Notebook N10";125 990 ₸;/p/yami-notebook-n10-14-1-12-gb-ssd-256-gb-win-11-pro-notebook-n10-136061211/?c=750000000
"Lenovo LOQ 15ARP9 15.6"" / 16 Гб / SSD 512 Гб / Без ОС / 83JC0058RK";499 900 ₸;/p/lenovo-loq-15arp9-15-6-16-gb-ssd-512-gb-bez-os-83jc0058rk-130162857/?c=750000000
"Lenovo LOQ 15ARP9 (83JC005ERK) 15.6"" / 24 Гб / SSD 512 Гб / Без ОС / 83JC005ERK";684 990 ₸;/p/lenovo-loq-15arp9-83jc005erk-15-6-24-gb-ssd-512-gb-bez-os-83jc005erk-134719921/?c=750000000
"HP 15-fc0077ci 15.6"" / 8 Гб / SSD 512 Гб / Без ОС / B4LK7EA";231 471 ₸;/p/hp-15-fc0077ci-15-6-8-gb-ssd-512-gb-bez-os-b4lk7ea-131318056/?c=750000000
"Lenovo IdeaPad 15.6"" / 8 Гб / SSD 512 Гб / Без ОС / 82VG00TVRK";229 899 ₸;/p/lenovo-ideapad-15-6-8-gb-ssd-512-gb-bez-os-82vg00tvrk-133914186/?c=750000000
"ASUS TUF Gaming A16 16"" / 16 Гб / SSD 512 Гб / Без ОС / 90NR0MU3-M009T0";538 824 ₸;/p/asus-tuf-gaming-a16-16-16-gb-ssd-512-gb-bez-os-90nr0mu3-m009t0-149785157/?c=750000000
Apple MacBook Air 13 2025 / 24 Гб / SSD 512 Гб / macOS / MC654RU/A;899 990 ₸;/p/apple-macbook-air-13-2025-24-gb-ssd-512-gb-macos-mc654ru-a-138153013/?c=750000000
"Acer AN16-42-R1FK 16"" / 16 Гб / SSD 512 Гб / Без ОС / NH.QT8ER.001";754 633 ₸;/p/acer-an16-42-r1fk-16-16-gb-ssd-512-gb-bez-os-nh-qt8er-001-134115649/?c=750000000
"Lenovo LOQ 15IRX10 15.6"" / 16 Гб / SSD 1000 Гб / Win 11 Pro / 83JE06RRRK";769 990 ₸;/p/lenovo-loq-15irx10-15-6-16-gb-ssd-1000-gb-win-11-pro-83je06rrrk-153186672/?c=750000000
"Lenovo ThinkBook 16 G8 IRL 16"" / 16 Гб / SSD 512 Гб / Без ОС / 21SH009GRT";719 899 ₸;/p/lenovo-thinkbook-16-g8-irl-16-16-gb-ssd-512-gb-bez-os-21sh009grt-138487060/?c=750000000
"Acer Aspire 16 16"" / 40 Гб / SSD 512 Гб / Win 11 Pro / NX.J5RER.002RWAspire 16";456 971 ₸;/p/acer-aspire-16-16-40-gb-ssd-512-gb-win-11-pro-nx-j5rer-002rwaspire-16-140911542/?c=750000000
"Lenovo Legion 5 15.3"" / 16 Гб / M.2 512 Гб / Win 11 Home / 83M00005CD";829 889 ₸;/p/lenovo-legion-5-15-3-16-gb-m-2-512-gb-win-11-home-83m00005cd-151792574/?c=750000000
"Acer Shadow 16"" / 16 Гб / SSD 1024 Гб / Win 11 / ZN.N01CQ.014";830 000 ₸;/p/acer-shadow-16-16-gb-ssd-1024-gb-win-11-zn-n01cq-014-151283113/?c=750000000
"Colorful X15 XS 15.6"" / 16 Гб / SSD 512 Гб / Win 11 / 22-HC75B16512A-B-SA";750 000 ₸;/p/colorful-x15-xs-15-6-16-gb-ssd-512-gb-win-11-22-hc75b16512a-b-sa-110447329/?c=750000000
"MECHREVO Aurora X 2025 16"" / 32 Гб / M.2 1000 Гб / Win 11 Pro / II7146532G000GPNNIGB00";869 744 ₸;/p/mechrevo-aurora-x-2025-16-32-gb-m-2-1000-gb-win-11-pro-ii7146532g000gpnnigb00-151550251/?c=750000000
"ASUS Vivobook 17.3"" / 24 Гб / SSD 512 Гб / Win 11 Pro / X1704VA-AU615IW / 90NB10V2-MOOPIW";499 888 ₸;/p/asus-vivobook-17-3-24-gb-ssd-512-gb-win-11-pro-x1704va-au615iw-90nb10v2-moopiw-139880734/?c=750000000
"Acer Predator Helios 300 15.6"" / 8 Гб / SSD 512 Гб / Endless OS / PH315-52-55FN / NH.Q53ER.01G";949 999 ₸;/p/acer-predator-helios-300-15-6-8-gb-ssd-512-gb-endless-os-ph315-52-55fn-nh-q53er-01g-100369543/?c=750000000
"Acer Nitro 5 15.6"" / 8 Гб / SSD 512 Гб / Без ОС / AN515-58 / NH.QFJER.002";999 999 ₸;/p/acer-nitro-5-15-6-8-gb-ssd-512-gb-bez-os-an515-58-nh-qfjer-002-106763699/?c=750000000
"Acer Nitro 5 15.6"" / 8 Гб / SSD 512 Гб / DOS / AN515-58 / NH.QFLER.002";999 999 ₸;/p/acer-nitro-5-15-6-8-gb-ssd-512-gb-dos-an515-58-nh-qfler-002-106763686/?c=750000000
"Lenovo IdeaPad 3 15.6"" / 8 Гб / SSD 256 Гб / Без ОС / 15IML05 / 81WB011SRK";247 995 ₸;/p/lenovo-ideapad-3-15-6-8-gb-ssd-256-gb-bez-os-15iml05-81wb011srk-106825992/?c=750000000
"Lenovo 82RK164URK 15.6"" / 8 Гб / SSD 512 Гб / Win 11 Pro / 15IAU7";239 900 ₸;/p/lenovo-82rk164urk-15-6-8-gb-ssd-512-gb-win-11-pro-15iau7-132159900/?c=750000000
"HP Laptop 15-fd0198ci 15.6"" / 16 Гб / SSD 512 Гб / Без ОС / AE0K3EA";319 900 ₸;/p/hp-laptop-15-fd0198ci-15-6-16-gb-ssd-512-gb-bez-os-ae0k3ea-130770536/?c=750000000
"ASUS TUF Gaming F17 17.3"" / 16 Гб / SSD 2000 Гб / Win 11 Pro / FX707ZC4-HX076IW 90NR0GX1-M006W0";787 416 ₸;/p/asus-tuf-gaming-f17-17-3-16-gb-ssd-2000-gb-win-11-pro-fx707zc4-hx076iw-90nr0gx1-m006w0-128828590/?c=750000000
"ASUS Rog Strix G18 18"" / 32 Гб / SSD 1024 Гб / Без ОС / G815JMR-S9078 / 90NR0LE1-M00430";1 248 990 ₸;/p/asus-rog-strix-g18-18-32-gb-ssd-1024-gb-bez-os-g815jmr-s9078-90nr0le1-m00430-141359529/?c=750000000
"ASUS ROG Strix G16 16"" / 32 Гб / SSD 1000 Гб / Win 11 Pro / G614JV-N4263W / 90NR0C61-MW1050";1 199 933 ₸;/p/asus-rog-strix-g16-16-32-gb-ssd-1000-gb-win-11-pro-g614jv-n4263w-90nr0c61-mw1050-120961730/?c=750000000
"ASUS ROG Strix G16 16"" / 32 Гб / SSD 2000 Гб / Win 11 Pro / G614JV-N4263S / 90NR0C61-M01050S";1 299 000 ₸;/p/asus-rog-strix-g16-16-32-gb-ssd-2000-gb-win-11-pro-g614jv-n4263s-90nr0c61-m01050s-143074447/?c=750000000
"YAMI Notebook N11 Carbon 15.6"" / 16 Гб / SSD 256 Гб / Win 11 Pro / Notebook N11 Carbon";159 990 ₸;/p/yami-notebook-n11-carbon-15-6-16-gb-ssd-256-gb-win-11-pro-notebook-n11-carbon-146315187/?c=750000000
"ASUS Vivobook 15 15.6"" / 16 Гб / SSD 512 Гб / DOS / 90NB10J2-M00JA0/X1504VA-BQ399";309 888 ₸;/p/asus-vivobook-15-15-6-16-gb-ssd-512-gb-dos-90nb10j2-m00ja0-x1504va-bq399-123738970/?c=750000000
"Acer Aspire 3 A315-59-52X6 15.6"" / 24 Гб / SSD 1000 Гб / Win 11 Pro / NX.K6TER.16W";429 888 ₸;/p/acer-aspire-3-a315-59-52x6-15-6-24-gb-ssd-1000-gb-win-11-pro-nx-k6ter-16w-132845566/?c=750000000
"ASUS ExpertBook B3 16"" / 8 Гб / SSD 512 Гб / Без ОС / B3604CVA-Q90127 / 90NX07B1-M004C0";373 990 ₸;/p/asus-expertbook-b3-16-8-gb-ssd-512-gb-bez-os-b3604cva-q90127-90nx07b1-m004c0-118164840/?c=750000000
"Lenovo V15 G4 15.6"" / 8 Гб / SSD 512 Гб / Без ОС / 83A1004VRU";245 899 ₸;/p/lenovo-v15-g4-15-6-8-gb-ssd-512-gb-bez-os-83a1004vru-135428005/?c=750000000
"Acer Aspire 5 15.6"" / 8 Гб / SSD 512 Гб / Без ОС / A515-58P-787K / NX.KHJER.006";338 500 ₸;/p/acer-aspire-5-15-6-8-gb-ssd-512-gb-bez-os-a515-58p-787k-nx-khjer-006-119999765/?c=750000000
"Acer Nitro V 15 ANV15-51 15.6"" / 24 Гб / SSD 2000 Гб / Win 11 Pro / NH.QNCER.013";769 971 ₸;/p/acer-nitro-v-15-anv15-51-15-6-24-gb-ssd-2000-gb-win-11-pro-nh-qncer-013-133182245/?c=750000000
"ASUS VivoBook 15 X1504VA-BQ286 15.6"" / 8 Гб / SSD 512 Гб / DOS / 90NB10J2-M00BT0";299 888 ₸;/p/asus-vivobook-15-x1504va-bq286-15-6-8-gb-ssd-512-gb-dos-90nb10j2-m00bt0-115676966/?c=750000000
"ASUS TUF Gaming FX506HC-HN394 15.6"" / 16 Гб / SSD 512 Гб / DOS / 90NR0724-M00W90";506 973 ₸;/p/asus-tuf-gaming-fx506hc-hn394-15-6-16-gb-ssd-512-gb-dos-90nr0724-m00w90-113147378/?c=750000000
"ASUS TUF Gaming A15 15.6"" / 8 Гб / SSD 512 Гб / DOS / FA506ICB-HN105 / 90NR0667-M00BL0";449 999 ₸;/p/asus-tuf-gaming-a15-15-6-8-gb-ssd-512-gb-dos-fa506icb-hn105-90nr0667-m00bl0-108093785/?c=750000000
"Lenovo IdeaPad Slim 3 15.6"" / 16 Гб / SSD 2000 Гб / Win 11 Pro / 15IAH8 / 83ER003WRK";499 999 ₸;/p/lenovo-ideapad-slim-3-15-6-16-gb-ssd-2000-gb-win-11-pro-15iah8-83er003wrk-120626025/?c=750000000
"ASUS TUF Gaming F17 /FX707VJ-HX006T 17.3"" / 24 Гб / SSD 1000 Гб / Win 11 Pro / 90NR0MYS-M00060";665 766 ₸;/p/asus-tuf-gaming-f17-fx707vj-hx006t-17-3-24-gb-ssd-1000-gb-win-11-pro-90nr0mys-m00060-143569226/?c=750000000
"Acer Aspire 3 15.6"" / 8 Гб / SSD 512 Гб / Без ОС / A315-44P-R3P3 / NX.KSJER.004";319 987 ₸;/p/acer-aspire-3-15-6-8-gb-ssd-512-gb-bez-os-a315-44p-r3p3-nx-ksjer-004-119104887/?c=750000000
"ASUS TUF Gaming F15 15.6"" / 16 Гб / SSD 2000 Гб / Win 11 Pro / FX507VV-LP256HW / 90NR0BV7-M00HN0";899 990 ₸;/p/asus-tuf-gaming-f15-15-6-16-gb-ssd-2000-gb-win-11-pro-fx507vv-lp256hw-90nr0bv7-m00hn0-119889779/?c=750000000
"Acer Aspire 1 15.6"" / 4 Гб / eMMC 128 Гб / Win 11 / A115-32-C79W / NX.A6MER.012";178 990 ₸;/p/acer-aspire-1-15-6-4-gb-emmc-128-gb-win-11-a115-32-c79w-nx-a6mer-012-115397160/?c=750000000
"ASUS Vivobook 15 15.6"" / 16 Гб / SSD 1000 Гб / DOS / 90NB10J2-M01FY0/X1504VA-BQ1222";419 366 ₸;/p/asus-vivobook-15-15-6-16-gb-ssd-1000-gb-dos-90nb10j2-m01fy0-x1504va-bq1222-123738902/?c=750000000
"Lenovo Legion 5 15AHP10 OLED 15’1 15.1"" / 24 Гб / SSD 1000 Гб / Win 11 Home / 83M0004AUS";918 768 ₸;/p/lenovo-legion-5-15ahp10-oled-15-1-15-1-24-gb-ssd-1000-gb-win-11-home-83m0004aus-149783551/?c=750000000
"ARDOR GAMING NEO G17-I7ND315 17.3"" / 16 Гб / SSD 1000 Гб / Без ОС / NEO G17-I7ND315";722 140 ₸;/p/ardor-gaming-neo-g17-i7nd315-17-3-16-gb-ssd-1000-gb-bez-os-neo-g17-i7nd315-115262601/?c=750000000
"Lenovo Legion 5 15IRX10 15.1"" / 16 Гб / SSD 512 Гб / Win 11 Pro / 83LY100RRK";1 049 990 ₸;/p/lenovo-legion-5-15irx10-15-1-16-gb-ssd-512-gb-win-11-pro-83ly100rrk-144969193/?c=750000000
"Acer TUF Gaming A15 15.6"" / 16 Гб / SSD 512 Гб / Win 11 Pro / FA506NFR-HN100W / 90NR0JU7-M0W650";459 899 ₸;/p/acer-tuf-gaming-a15-15-6-16-gb-ssd-512-gb-win-11-pro-fa506nfr-hn100w-90nr0ju7-m0w650-141293526/?c=750000000
"Lenovo Ideapad 1 15.6"" / 8 Гб / SSD 256 Гб / Без ОС / 82LX00D7PS";187 621 ₸;/p/lenovo-ideapad-1-15-6-8-gb-ssd-256-gb-bez-os-82lx00d7ps-149061341/?c=750000000
"Great Asia E140C 14"" / 16 Гб / SSD 1024 Гб / Win 11 /";248 900 ₸;/p/great-asia-e140c-14-16-gb-ssd-1024-gb-win-11--120203898/?c=750000000
"Acer Lite 14 AL14-32P-33PQ 14"" / 8 Гб / SSD 512 Гб / Без ОС / NX.D3HER.001";237 990 ₸;/p/acer-lite-14-al14-32p-33pq-14-8-gb-ssd-512-gb-bez-os-nx-d3her-001-152953008/?c=750000000
"ASUS ROG Strix G16 16"" / 16 Гб / SSD 512 Гб / DOS / G614JU / 90NR0CC1-M00YM0";999 387 ₸;/p/asus-rog-strix-g16-16-16-gb-ssd-512-gb-dos-g614ju-90nr0cc1-m00ym0-118376921/?c=750000000
"ASUS TUF Gaming F17 17.3"" / 16 Гб / SSD 512 Гб / DOS / FX706HCB-HX114 / 90NR0733-M02590";499 800 ₸;/p/asus-tuf-gaming-f17-17-3-16-gb-ssd-512-gb-dos-fx706hcb-hx114-90nr0733-m02590-102248044/?c=750000000
"ASUS TUF Gaming F15 15.6"" / 16 Гб / SSD 1000 Гб / DOS / FX507ZV4-LP106";829 990 ₸;/p/asus-tuf-gaming-f15-15-6-16-gb-ssd-1000-gb-dos-fx507zv4-lp106-112211693/?c=750000000
"ASUS ROG Strix G16 G614JU-N3441H 16"" / 48 Гб / SSD 512 Гб / Win 11 Pro / 90NR0CC1-M00YL";1 199 989 ₸;/p/asus-rog-strix-g16-g614ju-n3441h-16-48-gb-ssd-512-gb-win-11-pro-90nr0cc1-m00yl-143038329/?c=750000000
"Apple MacBook Air 15 2023 15.3"" / 8 Гб / SSD 512 Гб / macOS / MQKX3";710 635 ₸;/p/apple-macbook-air-15-2023-15-3-8-gb-ssd-512-gb-macos-mqkx3-137245328/?c=750000000
"Acer Aspire 3 A315-59-52X6 15.6"" / 32 Гб / SSD 512 Гб / Win 11 Pro / NX.K6TER.20W";499 000 ₸;/p/acer-aspire-3-a315-59-52x6-15-6-32-gb-ssd-512-gb-win-11-pro-nx-k6ter-20w-132845630/?c=750000000
"Colorful P16 PRO 16"" / 32 Гб / M.2 1000 Гб / Win 11 Pro / 32G4YT27Z32RGB";959 711 ₸;/p/colorful-p16-pro-16-32-gb-m-2-1000-gb-win-11-pro-32g4yt27z32rgb-146747820/?c=750000000
"DELL 15 DC15250 15.6"" / 8 Гб / SSD 512 Гб / Ubuntu / DC15250_RPLU_020_P_UBU";273 900 ₸;/p/dell-15-dc15250-15-6-8-gb-ssd-512-gb-ubuntu-dc15250-rplu-020-p-ubu-147644960/?c=750000000
"Machcreator Genesis R16 16"" / 16 Гб / SSD 1000 Гб / Без ОС / JJ00G300H";1 500 000 ₸;/p/machcreator-genesis-r16-16-16-gb-ssd-1000-gb-bez-os-jj00g300h-148410386/?c=750000000
"ASUS Vivobook 15 15.6"" / 16 Гб / SSD 512 Гб / Win 11 Pro / 90NB10J2-M01D10";318 299 ₸;/p/asus-vivobook-15-15-6-16-gb-ssd-512-gb-win-11-pro-90nb10j2-m01d10-121869915/?c=750000000
"Acer Nitro 5 15.6"" / 16 Гб / SSD 512 Гб / Без ОС / AN515-46 / NH.QGZER.002";677 989 ₸;/p/acer-nitro-5-15-6-16-gb-ssd-512-gb-bez-os-an515-46-nh-qgzer-002-106111794/?c=750000000
"ASUS TUF Gaming F16 FX607VJ-RL049J 16"" / 40 Гб / SSD 2000 Гб / Win 11 Pro / 90NR0MZ6-M0J2P0";905 363 ₸;/p/asus-tuf-gaming-f16-fx607vj-rl049j-16-40-gb-ssd-2000-gb-win-11-pro-90nr0mz6-m0j2p0-145167878/?c=750000000
"Acer Nitro 18 AI 18"" / 32 Гб / SSD 1000 Гб / Без ОС / NH.QY9ER.002";939 990 ₸;/p/acer-nitro-18-ai-18-32-gb-ssd-1000-gb-bez-os-nh-qy9er-002-147384732/?c=750000000
"MSI Cyborg 17.3"" / 16 Гб / SSD 512 Гб / Без ОС / 9S7-17U332-206";743 413 ₸;/p/msi-cyborg-17-3-16-gb-ssd-512-gb-bez-os-9s7-17u332-206-148523173/?c=750000000
"Lenovo Legion 5 16"" / 16 Гб / SSD 512 Гб / Без ОС / 16IRX9 / 83DG008LRK";929 990 ₸;/p/lenovo-legion-5-16-16-gb-ssd-512-gb-bez-os-16irx9-83dg008lrk-118555214/?c=750000000
"ASUS TUF Gaming F17 17.3"" / 16 Гб / SSD 512 Гб / Без ОС / FX706HCB-HX114 / 90NR0733-M02590";499 888 ₸;/p/asus-tuf-gaming-f17-17-3-16-gb-ssd-512-gb-bez-os-fx706hcb-hx114-90nr0733-m02590-102409255/?c=750000000
"DELL Pro 16 PC16250 16"" / 32 Гб / SSD 512 Гб / Win 11 Pro / 210-BQHB_BTO105_PC16250";1 095 887 ₸;/p/dell-pro-16-pc16250-16-32-gb-ssd-512-gb-win-11-pro-210-bqhb-bto105-pc16250-141863995/?c=750000000
"ASUS FA506NC-HN024E 15.6"" / 16 Гб / SSD 2000 Гб / Win 11 Pro / 90NR0JF7-M0E1U0";579 989 ₸;/p/asus-fa506nc-hn024e-15-6-16-gb-ssd-2000-gb-win-11-pro-90nr0jf7-m0e1u0-149587335/?c=750000000
"ASUS P1403CVA-S60309W 14"" / 8 Гб / SSD 256 Гб / Win 11 Home / 90NX0871-M00BE0";399 888 ₸;/p/asus-p1403cva-s60309w-14-8-gb-ssd-256-gb-win-11-home-90nx0871-m00be0-133470677/?c=750000000
"ASUS TUF Gaming F15 FX507ZC4-HN214 15.6"" / 16 Гб / SSD 512 Гб / DOS / 90NR0GW2-M00JH0";601 382 ₸;/p/asus-tuf-gaming-f15-fx507zc4-hn214-15-6-16-gb-ssd-512-gb-dos-90nr0gw2-m00jh0-121332855/?c=750000000
"Acer Aspire 5 15.6"" / 8 Гб / SSD 512 Гб / DOS / A515-58P-36BA / NX.KHJER.00M";269 999 ₸;/p/acer-aspire-5-15-6-8-gb-ssd-512-gb-dos-a515-58p-36ba-nx-khjer-00m-118552564/?c=750000000
"Acer Extensa 15 EX215-57 15.6"" / 16 Гб / M.2 512 Гб / Без ОС / NX.EJAER.002";399 990 ₸;/p/acer-extensa-15-ex215-57-15-6-16-gb-m-2-512-gb-bez-os-nx-ejaer-002-145214618/?c=750000000
"ASUS ExpertBook B1 15.6"" / 16 Гб / SSD 1000 Гб / DOS / B1502CVA-BQ0898 / 90NX06X1-M01160";519 999 ₸;/p/asus-expertbook-b1-15-6-16-gb-ssd-1000-gb-dos-b1502cva-bq0898-90nx06x1-m01160-118745354/?c=750000000
"Lenovo IdeaPad L3 15.6"" / 8 Гб / SSD 512 Гб / Win 10 / 15ITL6 / 82HL003MRU";379 490 ₸;/p/lenovo-ideapad-l3-15-6-8-gb-ssd-512-gb-win-10-15itl6-82hl003mru-103582437/?c=750000000
"Lenovo LOQ 15ARP9 15.6"" / 32 Гб / SSD 512 Гб / Win 11 Pro / 83JC0059RK";597 890 ₸;/p/lenovo-loq-15arp9-15-6-32-gb-ssd-512-gb-win-11-pro-83jc0059rk-148296819/?c=750000000
"Tohom TG-12 15.6"" / 12 Гб / SSD 512 Гб / Win 10 / TG-12-012512";279 000 ₸;/p/tohom-tg-12-15-6-12-gb-ssd-512-gb-win-10-tg-12-012512-141251862/?c=750000000
"MECHREVO JAOLONG I5K 15.6"" / 16 Гб / M.2 512 Гб / Win 11 Pro / JB0BNDGTZ12G4";490 990 ₸;/p/mechrevo-jaolong-i5k-15-6-16-gb-m-2-512-gb-win-11-pro-jb0bndgtz12g4-146390300/?c=750000000
"HONOR MagicBook X 16 16"" / 16 Гб / SSD 512 Гб / Win 11 Home / 5301ALWS";465 988 ₸;/p/honor-magicbook-x-16-16-16-gb-ssd-512-gb-win-11-home-5301alws-134056899/?c=750000000
"Lenovo 15IRH10 15.3"" / 8 Гб / SSD 512 Гб / Без ОС / 83K1002HRK";389 988 ₸;/p/lenovo-15irh10-15-3-8-gb-ssd-512-gb-bez-os-83k1002hrk-146913638/?c=750000000
"Acer Aspire Go AG15-42P 15.6"" / 24 Гб / SSD 512 Гб / Win 11 Pro / NX.J14XER.003";399 875 ₸;/p/acer-aspire-go-ag15-42p-15-6-24-gb-ssd-512-gb-win-11-pro-nx-j14xer-003-148828638/?c=750000000
"Lenovo IdeaPad 1 15.6"" / 4 Гб / SSD 256 Гб / Без ОС / 82LX00CQPS";191 111 ₸;/p/lenovo-ideapad-1-15-6-4-gb-ssd-256-gb-bez-os-82lx00cqps-135655925/?c=750000000
"ASUS Vivobook 15 15.6"" / 8 Гб / SSD 512 Гб / DOS / X1504ZA-BQ383 / 90NB1021-M00K00";259 715 ₸;/p/asus-vivobook-15-15-6-8-gb-ssd-512-gb-dos-x1504za-bq383-90nb1021-m00k00-113290124/?c=750000000
"ASUS Vivobook 15 15.6"" / 8 Гб / SSD 512 Гб / Без ОС / X1504ZA-BQ1143 / 90NB1021-M01NX0";249 991 ₸;/p/asus-vivobook-15-15-6-8-gb-ssd-512-gb-bez-os-x1504za-bq1143-90nb1021-m01nx0-119601182/?c=750000000
"Lenovo IdeaPad Slim 3 16IRH10 16"" / 8 Гб / SSD 512 Гб / Win 11 Home / 83К20012РК";299 900 ₸;/p/lenovo-ideapad-slim-3-16irh10-16-8-gb-ssd-512-gb-win-11-home-83k20012rk-144676006/?c=750000000
"Acer Aspire Lite AL14-31P 14"" / 16 Гб / SSD 2000 Гб / Win 11 Pro / NX.KS9ER.30W";469 999 ₸;/p/acer-aspire-lite-al14-31p-14-16-gb-ssd-2000-gb-win-11-pro-nx-ks9er-30w-133797946/?c=750000000
"ASUS X1504VA-BQ3122T 15.6"" / 24 Гб / SSD 1000 Гб / Win 11 Pro / 90NB13Y1-M012H0";427 999 ₸;/p/asus-x1504va-bq3122t-15-6-24-gb-ssd-1000-gb-win-11-pro-90nb13y1-m012h0-144514194/?c=750000000
"Lenovo IdeaPad Slim 3 15.6"" / 8 Гб / SSD 512 Гб / Без ОС / 15AMN8 / 82XQ0007RK";254 188 ₸;/p/lenovo-ideapad-slim-3-15-6-8-gb-ssd-512-gb-bez-os-15amn8-82xq0007rk-110598483/?c=750000000
"ASUS TUF Gaming F17 /FX707VJ-HX006X 17.3"" / 64 Гб / SSD 2000 Гб / Win 11 Pro / 90NR0MYS-M00060";1 049 989 ₸;/p/asus-tuf-gaming-f17-fx707vj-hx006x-17-3-64-gb-ssd-2000-gb-win-11-pro-90nr0mys-m00060-143569386/?c=750000000
"Acer Nitro 16 AN16-51 16"" / 16 Гб / SSD 512 Гб / Без ОС / NH.QJMER.008";772 314 ₸;/p/acer-nitro-16-an16-51-16-16-gb-ssd-512-gb-bez-os-nh-qjmer-008-135871524/?c=750000000
"Acer Nitro 5 17.3"" / 8 Гб / SSD 512 Гб / Linux / AN517-42-R6P9 / NH.QG4ER.006";699 990 ₸;/p/acer-nitro-5-17-3-8-gb-ssd-512-gb-linux-an517-42-r6p9-nh-qg4er-006-106607661/?c=750000000
"Lenovo LOQ 15IRX10 15.6"" / 24 Гб / SSD 1000 Гб / Win 11 Pro / 83JE14RRRK";809 990 ₸;/p/lenovo-loq-15irx10-15-6-24-gb-ssd-1000-gb-win-11-pro-83je14rrrk-153185945/?c=750000000
"Lenovo LOQ 15IRX10 15.6"" / 28 Гб / SSD 1000 Гб / Win 11 Pro / 83JE010BRK";819 990 ₸;/p/lenovo-loq-15irx10-15-6-28-gb-ssd-1000-gb-win-11-pro-83je010brk-148241192/?c=750000000
"Great Asia TK-E159 15.6"" / 8 Гб / SSD 256 Гб / Win 11 Pro / TK-E159";160 000 ₸;/p/great-asia-tk-e159-15-6-8-gb-ssd-256-gb-win-11-pro-tk-e159-140711822/?c=750000000
"Lenovo IdeaPad Slim 3 16"" / 8 Гб / SSD 256 Гб / Без ОС / 16IRU8 / 82X80048RK";229 900 ₸;/p/lenovo-ideapad-slim-3-16-8-gb-ssd-256-gb-bez-os-16iru8-82x80048rk-120335151/?c=750000000
"Acer Nitro V 15 ANV15-51 15.6"" / 40 Гб / SSD 512 Гб / Win 11 Pro / NH.QNCER.014";752 952 ₸;/p/acer-nitro-v-15-anv15-51-15-6-40-gb-ssd-512-gb-win-11-pro-nh-qncer-014-133182320/?c=750000000
"ASUS Vivobook 15 15.6"" / 8 Гб / SSD 1000 Гб / Win 11 Pro / X1504VA-BQ2383H / 90NB10J2-M0HZD0";299 888 ₸;/p/asus-vivobook-15-15-6-8-gb-ssd-1000-gb-win-11-pro-x1504va-bq2383h-90nb10j2-m0hzd0-137061846/?c=750000000
"HP ProBook 4 G1i 14 14"" / 16 Гб / SSD 512 Гб / Win 11 Pro / C67H6EA";735 951 ₸;/p/hp-probook-4-g1i-14-14-16-gb-ssd-512-gb-win-11-pro-c67h6ea-148981127/?c=750000000
"Tohom TK-E158 15.6"" / 12 Гб / SSD 1024 Гб / Win 11 Pro / TG6271";315 000 ₸;/p/tohom-tk-e158-15-6-12-gb-ssd-1024-gb-win-11-pro-tg6271-122826707/?c=750000000
"Acer Aspire Go 15.6"" / 8 Гб / SSD 256 Гб / Win 11 Pro / NX.KX5ER.003W";249 888 ₸;/p/acer-aspire-go-15-6-8-gb-ssd-256-gb-win-11-pro-nx-kx5er-003w-142054610/?c=750000000
"Lenovo ThinkBook 16 Gen 7 16"" / 8 Гб / SSD 512 Гб / Win 11 Pro / 21MS008SRU";445 990 ₸;/p/lenovo-thinkbook-16-gen-7-16-8-gb-ssd-512-gb-win-11-pro-21ms008sru-121494371/?c=750000000
"HP ProBook 450 G10 15.6"" / 8 Гб / SSD 512 Гб / Win 11 Pro / 817T0EA";437 000 ₸;/p/hp-probook-450-g10-15-6-8-gb-ssd-512-gb-win-11-pro-817t0ea-116298987/?c=750000000
"ASUS VivoBook 17 17.3"" / 16 Гб / SSD 512 Гб / Без ОС / X1704VA-AU651";398 888 ₸;/p/asus-vivobook-17-17-3-16-gb-ssd-512-gb-bez-os-x1704va-au651-138374033/?c=750000000
"DELL Vostro 3530 15.6"" / 8 Гб / SSD 512 Гб / Linux / 210-BGLW/IDH5A9101WA";352 070 ₸;/p/dell-vostro-3530-15-6-8-gb-ssd-512-gb-linux-210-bglw-idh5a9101wa-142567377/?c=750000000
"Leap T304 11.6"" / 4 Гб / SSD 128 Гб / Win 10 / PT00070";168 888 ₸;/p/leap-t304-11-6-4-gb-ssd-128-gb-win-10-pt00070-100786471/?c=750000000
"ZFR YS156 15.6"" / 16 Гб / SSD 256 Гб / Win 10 / ZFR-156PRO-N5095";260 000 ₸;/p/zfr-ys156-15-6-16-gb-ssd-256-gb-win-10-zfr-156pro-n5095-129291990/?c=750000000
"Tohom E140Y 14.1"" / 16 Гб / SSD 512 Гб / Win 11 / E140Y-06022";298 000 ₸;/p/tohom-e140y-14-1-16-gb-ssd-512-gb-win-11-e140y-06022-134937289/?c=750000000
"Apple MacBook Neo 13"" / 8 Гб / SSD 512 Гб / macOS / MHFC4RU/A";473 990 ₸;/p/apple-macbook-neo-13-8-gb-ssd-512-gb-macos-mhfc4ru-a-161461681/?c=750000000
"Apple MacBook Neo 13"" / 8 Гб / SSD 512 Гб / macOS / MHFJ4RU/A";473 990 ₸;/p/apple-macbook-neo-13-8-gb-ssd-512-gb-macos-mhfj4ru-a-161461635/?c=750000000
"Apple MacBook Neo 13"" / 8 Гб / SSD 512 Гб / macOS / MHFG4RU/A";473 990 ₸;/p/apple-macbook-neo-13-8-gb-ssd-512-gb-macos-mhfg4ru-a-161461853/?c=750000000
Apple MacBook Neo 13 2026 / 8 Гб / SSD 256 Гб / macOS / MHFH4RU/A;407 990 ₸;/p/apple-macbook-neo-13-2026-8-gb-ssd-256-gb-macos-mhfh4ru-a-161461744/?c=750000000
"Apple MacBook Neo 13"" / 8 Гб / SSD 256 Гб / macOS / MHFF4RU/A";407 990 ₸;/p/apple-macbook-neo-13-8-gb-ssd-256-gb-macos-mhff4ru-a-161461791/?c=750000000
"Apple MacBook Neo 13"" / 8 Гб / SSD 256 Гб / macOS / MHFA4RU/A";407 990 ₸;/p/apple-macbook-neo-13-8-gb-ssd-256-gb-macos-mhfa4ru-a-161461712/?c=750000000
Apple MacBook Air 13 2025 / 16 Гб / SSD 256 Гб / macOS / MW0Y3RU/A;629 900 ₸;/p/apple-macbook-air-13-2025-16-gb-ssd-256-gb-macos-mw0y3ru-a-138137409/?c=750000000
"Apple MacBook Neo 13"" / 8 Гб / SSD 512 Гб / macOS / MHFE4RU/A";473 990 ₸;/p/apple-macbook-neo-13-8-gb-ssd-512-gb-macos-mhfe4ru-a-161461811/?c=750000000
"ThundeRobot Hunter S 16"" / 16 Гб / SSD 1000 Гб / Win 11 Pro / I9139HX5070Ti16G1TQ240HRG";1 088 754 ₸;/p/thunderobot-hunter-s-16-16-gb-ssd-1000-gb-win-11-pro-i9139hx5070ti16g1tq240hrg-138433691/?c=750000000
"Apple MacBook Neo 13"" / 8 Гб / SSD 256 Гб / macOS / MHFD4RU/A";407 990 ₸;/p/apple-macbook-neo-13-8-gb-ssd-256-gb-macos-mhfd4ru-a-161461767/?c=750000000
"ELERON SmartBook 15.6"" / 8 Гб / M.2 256 Гб / Win 11 / S.PF01R.03T";219 990 ₸;/p/eleron-smartbook-15-6-8-gb-m-2-256-gb-win-11-s-pf01r-03t-148407823/?c=750000000
"XPLUS GT-R7 15.6"" / 16 Гб / SSD 512 Гб / Win 11 / WINGH0109YYW08";290 000 ₸;/p/xplus-gt-r7-15-6-16-gb-ssd-512-gb-win-11-wingh0109yyw08-163581014/?c=750000000
"ALFA-STORE TK-E140 14"" / 6 Гб / SSD 128 Гб / Win 11 / 158630";89 890 ₸;/p/alfa-store-tk-e140-14-6-gb-ssd-128-gb-win-11-158630-155279208/?c=750000000
"ZENKO NT1502 15.6"" / 8 Гб / SSD 256 Гб / Win 11 / NT1502";145 000 ₸;/p/zenko-nt1502-15-6-8-gb-ssd-256-gb-win-11-nt1502-162359828/?c=750000000
"Refresh NT1500 15.6"" / 8 Гб / SSD 256 Гб / Win 11 Pro / NT1500";199 990 ₸;/p/refresh-nt1500-15-6-8-gb-ssd-256-gb-win-11-pro-nt1500-162345858/?c=750000000
"YERVIEW Y15 15.6"" / 16 Гб / SSD 1000 Гб / Win 11 Pro / EE88A7";332 999 ₸;/p/yerview-y15-15-6-16-gb-ssd-1000-gb-win-11-pro-ee88a7-153180064/?c=750000000
"ZENKO NT1563 15.6"" / 8 Гб / SSD 512 Гб / Win 11 / NT1563";166 900 ₸;/p/zenko-nt1563-15-6-8-gb-ssd-512-gb-win-11-nt1563-163601512/?c=750000000
"ELERON SmartBook 15.6"" / 16 Гб / M.2 1024 Гб / Win 11 / S.PF03R.03S";290 900 ₸;/p/eleron-smartbook-15-6-16-gb-m-2-1024-gb-win-11-s-pf03r-03s-153379467/?c=750000000
"Lenovo IdeaPad Flex 5 14IAU7 14"" / 8 Гб / SSD 512 Гб / Win 11 Home / 82R700L5US";399 898 ₸;/p/lenovo-ideapad-flex-5-14iau7-14-8-gb-ssd-512-gb-win-11-home-82r700l5us-133160896/?c=750000000
"Tokio Dream Book 15.6"" / 12 Гб / SSD 128 Гб / Win 10 / 2343710";125 990 ₸;/p/tokio-dream-book-15-6-12-gb-ssd-128-gb-win-10-2343710-153955765/?c=750000000
"Industria RT103 15.6"" / 8 Гб / SSD 256 Гб / Win 11 / INDRT103";219 900 ₸;/p/industria-rt103-15-6-8-gb-ssd-256-gb-win-11-indrt103-164622651/?c=750000000
"Refresh NT1504 15.6"" / 8 Гб / SSD 256 Гб / Win 11 / NT1504";135 000 ₸;/p/refresh-nt1504-15-6-8-gb-ssd-256-gb-win-11-nt1504-162778668/?c=750000000
"ASUS VivoBook 15 15.6"" / 16 Гб / SSD 512 Гб / Без ОС / X1504ZA-BQ1144";299 836 ₸;/p/asus-vivobook-15-15-6-16-gb-ssd-512-gb-bez-os-x1504za-bq1144-121869011/?c=750000000
"Acer Aspire Lite 16 16"" / 8 Гб / SSD 512 Гб / Без ОС / NX.J5RER.002";233 566 ₸;/p/acer-aspire-lite-16-16-8-gb-ssd-512-gb-bez-os-nx-j5rer-002-134790513/?c=750000000
"Apple MacBook Pro 16 2024 16.2"" / 24 Гб / SSD 512 Гб / macOS / MX2T3";1 400 313 ₸;/p/apple-macbook-pro-16-2024-16-2-24-gb-ssd-512-gb-macos-mx2t3-137242115/?c=750000000
"Lenovo IdeaPad Slim 3 15IRH10 15.3"" / 16 Гб / SSD 512 Гб / Без ОС / 83K10032RK";379 799 ₸;/p/lenovo-ideapad-slim-3-15irh10-15-3-16-gb-ssd-512-gb-bez-os-83k10032rk-133984450/?c=750000000
"Acer Aspire Lite AL16-52P 16"" / 16 Гб / SSD 512 Гб / Без ОС / NX.J5SER.001";319 989 ₸;/p/acer-aspire-lite-al16-52p-16-16-gb-ssd-512-gb-bez-os-nx-j5ser-001-134054932/?c=750000000
"ASUS TUF Gaming F15 15.6"" / 16 Гб / SSD 1000 Гб / Win 11 Pro / FX507ZC4-HN14I / 90NR0GW1-M0IB60";560 505 ₸;/p/asus-tuf-gaming-f15-15-6-16-gb-ssd-1000-gb-win-11-pro-fx507zc4-hn14i-90nr0gw1-m0ib60-136126258/?c=750000000
"ASUS TUF Gaming A15 15.6"" / 24 Гб / SSD 1000 Гб / Win 11 Pro / FA506NFR-HN004Z / 90NR0JU7-M0Z6T0";539 989 ₸;/p/asus-tuf-gaming-a15-15-6-24-gb-ssd-1000-gb-win-11-pro-fa506nfr-hn004z-90nr0ju7-m0z6t0-131728634/?c=750000000
"Lenovo IdeaPad 1 15.6"" / 8 Гб / SSD 512 Гб / Без ОС / 82LX00G9RK";215 048 ₸;/p/lenovo-ideapad-1-15-6-8-gb-ssd-512-gb-bez-os-82lx00g9rk-143928416/?c=750000000
Apple MacBook Air 15 2025 / 16 Гб / SSD 512 Гб / macOS / MW1M3;762 698 ₸;/p/apple-macbook-air-15-2025-16-gb-ssd-512-gb-macos-mw1m3-141775758/?c=750000000
"Tohom TK-E159 15.6"" / 16 Гб / SSD 512 Гб / Win 11 / TK-E159-16-512";240 000 ₸;/p/tohom-tk-e159-15-6-16-gb-ssd-512-gb-win-11-tk-e159-16-512-137444431/?c=750000000
"Huawei MateBook D16 16"" / 16 Гб / SSD 512 Гб / Win 11 / MCLF-X / 53013WXF";377 528 ₸;/p/huawei-matebook-d16-16-16-gb-ssd-512-gb-win-11-mclf-x-53013wxf-116055421/?c=750000000
Apple MacBook Air 15 2025 / 16 Гб / SSD 256 Гб / macOS / MW1L3RU/A;629 990 ₸;/p/apple-macbook-air-15-2025-16-gb-ssd-256-gb-macos-mw1l3ru-a-138172227/?c=750000000
"ACERTON Q16 15.6"" / 16 Гб / SSD 512 Гб / Win 11 Pro / Q16";179 900 ₸;/p/acerton-q16-15-6-16-gb-ssd-512-gb-win-11-pro-q16-165787826/?c=750000000
"Refresh NT1500 15.6"" / 8 Гб / SSD 256 Гб / Win 11 Pro / NT1500";199 990 ₸;/p/refresh-nt1500-15-6-8-gb-ssd-256-gb-win-11-pro-nt1500-164826688/?c=750000000
"Industria NT305 15.6"" / 6 Гб / SSD 512 Гб / Win 11 / INDNT305";135 900 ₸;/p/industria-nt305-15-6-6-gb-ssd-512-gb-win-11-indnt305-164709157/?c=750000000
"Liman N95 15.6"" / 16 Гб / SSD 512 Гб / Win 11 Pro / 1593E1590121";223 000 ₸;/p/liman-n95-15-6-16-gb-ssd-512-gb-win-11-pro-1593e1590121-164985938/?c=750000000
"Acer Extensa 15 EX215-57 15.6"" / 16 Гб / SSD 512 Гб / Без ОС / NX.EJAER.002";329 980 ₸;/p/acer-extensa-15-ex215-57-15-6-16-gb-ssd-512-gb-bez-os-nx-ejaer-002-144186481/?c=750000000
"NEXSMART anl5 n4000 14.1"" / 6 Гб / SSD 128 Гб / Без ОС / ANL5N40006g128g202501w";92 000 ₸;/p/nexsmart-anl5-n4000-14-1-6-gb-ssd-128-gb-bez-os-anl5n40006g128g202501w-150659472/?c=750000000
"Refresh NT1503 15.6"" / 8 Гб / SSD 512 Гб / Win 11 / NT1503";150 000 ₸;/p/refresh-nt1503-15-6-8-gb-ssd-512-gb-win-11-nt1503-164876717/?c=750000000
"Great Asia E156 15.6"" / 16 Гб / SSD 128 Гб / Win 11 / TK-E156";245 000 ₸;/p/great-asia-e156-15-6-16-gb-ssd-128-gb-win-11-tk-e156-119840064/?c=750000000
"Lenovo IdeaPad 3 15.6"" / 8 Гб / SSD 256 Гб / Без ОС / 15ITL6 / 82H8005JRK";255 500 ₸;/p/lenovo-ideapad-3-15-6-8-gb-ssd-256-gb-bez-os-15itl6-82h8005jrk-109201501/?c=750000000
"Refresh NT1504 15.6"" / 8 Гб / SSD 256 Гб / Win 11 Pro / NT1504";135 000 ₸;/p/refresh-nt1504-15-6-8-gb-ssd-256-gb-win-11-pro-nt1504-164826628/?c=750000000
"Lenovo ThinkPad X1 Carbon 14"" / 16 Гб / M.2 1000 Гб / Win 11 Pro / 20XXS69500";990 000 ₸;/p/lenovo-thinkpad-x1-carbon-14-16-gb-m-2-1000-gb-win-11-pro-20xxs69500-168002443/?c=750000000
"Acer NITRO SHADOW 16 16"" / 32 Гб / SSD 1000 Гб / Win 11 Home / SH16-72-7W41";919 900 ₸;/p/acer-nitro-shadow-16-16-32-gb-ssd-1000-gb-win-11-home-sh16-72-7w41-157221294/?c=750000000
"YERVIEW RGB 15.6"" / 32 Гб / SSD 512 Гб / Win 11 Pro / EE88A7";332 999 ₸;/p/yerview-rgb-15-6-32-gb-ssd-512-gb-win-11-pro-ee88a7-144802398/?c=750000000
"ELERON SMART 3 14"" / 8 Гб / SSD 512 Гб / Win 11 / ES.PF01R.03S";189 965 ₸;/p/eleron-smart-3-14-8-gb-ssd-512-gb-win-11-es-pf01r-03s-141021800/?c=750000000
"Apple MacBook Air 2025 13"" / 16 Гб / SSD 512 Гб / macOS / MC6U4RU/A";755 000 ₸;/p/apple-macbook-air-2025-13-16-gb-ssd-512-gb-macos-mc6u4ru-a-138243109/?c=750000000
"Frbby V10 13"" / 16 Гб / SSD 512 Гб / Win 11 / Frbby001";150 000 ₸;/p/frbby-v10-13-16-gb-ssd-512-gb-win-11-frbby001-115625374/?c=750000000
"Acer Predator Helios Neo 16S AI 16"" / 16 Гб / SSD 1000 Гб / Win 11 Home / PHN16S-71-91AW";990 000 ₸;/p/acer-predator-helios-neo-16s-ai-16-16-gb-ssd-1000-gb-win-11-home-phn16s-71-91aw-148317225/?c=750000000
"Lenovo V15 G2 ITL 15.6"" / 8 Гб / SSD 256 Гб / DOS / 82KB00MMRU";214 990 ₸;/p/lenovo-v15-g2-itl-15-6-8-gb-ssd-256-gb-dos-82kb00mmru-103066847/?c=750000000
"Apple MacBook Air 2026 M5 13.6"" / 24 Гб / SSD 1024 Гб / macOS / MDHG4";967 777 ₸;/p/apple-macbook-air-2026-m5-13-6-24-gb-ssd-1024-gb-macos-mdhg4-164283084/?c=750000000
"Tohom TK-E157 15.6"" / 16 Гб / SSD 2048 Гб / Win 11 / TK-E157-06633";499 000 ₸;/p/tohom-tk-e157-15-6-16-gb-ssd-2048-gb-win-11-tk-e157-06633-135191702/?c=750000000
"Tohom TK-E159 15.6"" / 8 Гб / SSD 512 Гб / Win 11 / TK-E159-8-512";245 900 ₸;/p/tohom-tk-e159-15-6-8-gb-ssd-512-gb-win-11-tk-e159-8-512-137444024/?c=750000000
"WALTZ 14.1"" / 8 Гб / SSD 128 Гб / Win 11 Pro / N8NVB82";99 990 ₸;/p/waltz-14-1-8-gb-ssd-128-gb-win-11-pro-n8nvb82-162919444/?c=750000000
"ASUS ROG Strix G18 G815LM-IS96 18"" / 32 Гб / SSD 1000 Гб / Win 11 Home / 90NROLP1-M900A0";1 190 000 ₸;/p/asus-rog-strix-g18-g815lm-is96-18-32-gb-ssd-1000-gb-win-11-home-90nrolp1-m900a0-167917323/?c=750000000
"Tohom TK- E182 15.6"" / 16 Гб / SSD 512 Гб / Win 11 Pro / TG1447";499 000 ₸;/p/tohom-tk--e182-15-6-16-gb-ssd-512-gb-win-11-pro-tg1447-122815997/?c=750000000
"ZFR TK-E159-32-512 15.6"" / 32 Гб / SSD 512 Гб / Win 11 / ZFR TK-E159-06434";390 000 ₸;/p/zfr-tk-e159-32-512-15-6-32-gb-ssd-512-gb-win-11-zfr-tk-e159-06434-133986321/?c=750000000
"Tohom TG-11 15.6"" / 16 Гб / SSD 512 Гб / Win 10 / TG-11-06577";299 800 ₸;/p/tohom-tg-11-15-6-16-gb-ssd-512-gb-win-10-tg-11-06577-132469676/?c=750000000
"ZFR L10 15.6"" / 8 Гб / SSD 256 Гб / Win 11 Pro / 0J152809";325 000 ₸;/p/zfr-l10-15-6-8-gb-ssd-256-gb-win-11-pro-0j152809-117248433/?c=750000000
"Tohom LiteBook 14"" / 6 Гб / SSD 128 Гб / Win 10 Pro / LiteBook";99 000 ₸;/p/tohom-litebook-14-6-gb-ssd-128-gb-win-10-pro-litebook-158748279/?c=750000000
"ZFR TK-E140 14"" / 6 Гб / SSD 256 Гб / Win 10 Pro / TK-E1402103";135 000 ₸;/p/zfr-tk-e140-14-6-gb-ssd-256-gb-win-10-pro-tk-e1402103-129508200/?c=750000000
"ZFR TK-E158 15.6"" / 12 Гб / SSD 512 Гб / Win 11 / TK-E158-06511";220 900 ₸;/p/zfr-tk-e158-15-6-12-gb-ssd-512-gb-win-11-tk-e158-06511-142129289/?c=750000000
"Tohom TK-E157 15.6"" / 32 Гб / SSD 2048 Гб / Win 11 / TK-E157-06094";399 000 ₸;/p/tohom-tk-e157-15-6-32-gb-ssd-2048-gb-win-11-tk-e157-06094-135191668/?c=750000000
"ZFR TK-E157 15.6"" / 32 Гб / SSD 512 Гб / Win 11 / TK-E157-06662 + подарок";339 000 ₸;/p/zfr-tk-e157-15-6-32-gb-ssd-512-gb-win-11-tk-e157-06662-podarok-150436149/?c=750000000
"ZFR TK-E157 15.6"" / 16 Гб / SSD 512 Гб / Win 11 / TK-E157";252 500 ₸;/p/zfr-tk-e157-15-6-16-gb-ssd-512-gb-win-11-tk-e157-129041957/?c=750000000
"ZFR TK-E157 15.6"" / 32 Гб / SSD 256 Гб / Win 11 / ZFR-TK-E157-32-256";299 000 ₸;/p/zfr-tk-e157-15-6-32-gb-ssd-256-gb-win-11-zfr-tk-e157-32-256-129222166/?c=750000000
"ASUS ExpertBook B5 14"" / 8 Гб / SSD 512 Гб / DOS / B5402CBA-KI0152 / 90NX05M1-M00B00";700 000 ₸;/p/asus-expertbook-b5-14-8-gb-ssd-512-gb-dos-b5402cba-ki0152-90nx05m1-m00b00-109231195/?c=750000000
"DELL Latitude 3550 15.6"" / 16 Гб / SSD 512 Гб / Win 11 Pro / 210-BLRD-N007L355015EMEA_VP";800 000 ₸;/p/dell-latitude-3550-15-6-16-gb-ssd-512-gb-win-11-pro-210-blrd-n007l355015emea-vp-122686328/?c=750000000
"Tohom ToHoM TechBook 15.6"" / 16 Гб / SSD 512 Гб / Win 11 / ToHoM TechBook";220 000 ₸;/p/tohom-tohom-techbook-15-6-16-gb-ssd-512-gb-win-11-tohom-techbook-154669379/?c=750000000
"Tohom TK-E158 15.6"" / 12 Гб / SSD 512 Гб / Win 11 Pro / TG0149";220 900 ₸;/p/tohom-tk-e158-15-6-12-gb-ssd-512-gb-win-11-pro-tg0149-122826683/?c=750000000
"ZFR X8 8"" / 12 Гб / SSD 256 Гб / Win 10 / LPLX8";249 000 ₸;/p/zfr-x8-8-12-gb-ssd-256-gb-win-10-lplx8-121984495/?c=750000000
"Tohom LiteBook 14"" / 6 Гб / SSD 512 Гб / Win 10 Pro / LiteBook";133 700 ₸;/p/tohom-litebook-14-6-gb-ssd-512-gb-win-10-pro-litebook-158748366/?c=750000000
"Apple MacBook Air 13.6"" / 24 Гб / SSD 1024 Гб / macOS / MDHK4";988 888 ₸;/p/apple-macbook-air-13-6-24-gb-ssd-1024-gb-macos-mdhk4-166531342/?c=750000000
"Apple MacBook Pro 14.2"" / 16 Гб / SSD 1024 Гб / macOS / MDE54";1 048 888 ₸;/p/apple-macbook-pro-14-2-16-gb-ssd-1024-gb-macos-mde54-152798902/?c=750000000
"ZFR A1068 10.1"" / 4 Гб / eMMC 128 Гб / Android / A1068-06651";103 000 ₸;/p/zfr-a1068-10-1-4-gb-emmc-128-gb-android-a1068-06651-147282659/?c=750000000
"Lenovo Legion 9 16"" / 32 Гб / SSD 2000 Гб / Без ОС / 16IRX9 / 83G0003XRK";1 790 000 ₸;/p/lenovo-legion-9-16-32-gb-ssd-2000-gb-bez-os-16irx9-83g0003xrk-120335330/?c=750000000
"Tohom TK-E159 15.6"" / 8 Гб / SSD 128 Гб / Win 11 / TK-E159-8-128";159 990 ₸;/p/tohom-tk-e159-15-6-8-gb-ssd-128-gb-win-11-tk-e159-8-128-136275852/?c=750000000
"Huawei MateBook D14 14"" / 8 Гб / SSD 256 Гб / Win 11 Home / MendelF-W3821 / 53013RHL";450 000 ₸;/p/huawei-matebook-d14-14-8-gb-ssd-256-gb-win-11-home-mendelf-w3821-53013rhl-113403361/?c=750000000
"Acer Shadow 16"" / 16 Гб / SSD 1000 Гб / Win 11 Home / ZS.S01CQ.006";819 900 ₸;/p/acer-shadow-16-16-gb-ssd-1000-gb-win-11-home-zs-s01cq-006-156758686/?c=750000000
"Gooky S30T 17.3"" / 32 Гб / SSD 512 Гб / Win 10 / GKY-S30-i9";815 430 ₸;/p/gooky-s30t-17-3-32-gb-ssd-512-gb-win-10-gky-s30-i9-118475280/?c=750000000
"ZFR TH-10J 14"" / 8 Гб / SSD 256 Гб / Win 11 Pro / V0786542";189 000 ₸;/p/zfr-th-10j-14-8-gb-ssd-256-gb-win-11-pro-v0786542-117197892/?c=750000000
"Lenovo Legion 9 16IRX9 16"" / 32 Гб / SSD 2000 Гб / Без ОС / 83G0002LRK";1 790 000 ₸;/p/lenovo-legion-9-16irx9-16-32-gb-ssd-2000-gb-bez-os-83g0002lrk-133568701/?c=750000000
"Tohom A1068 10.1"" / 4 Гб / eMMC 128 Гб / Android / A1068-06221";103 000 ₸;/p/tohom-a1068-10-1-4-gb-emmc-128-gb-android-a1068-06221-146084700/?c=750000000
"ZFR TK-E158 15.6"" / 12 Гб / SSD 2048 Гб / Win 11 / TK-E158";398 000 ₸;/p/zfr-tk-e158-15-6-12-gb-ssd-2048-gb-win-11-tk-e158-141436161/?c=750000000
"Lenovo ThinkBook 14 G9 IRL 14"" / 16 Гб / SSD 512 Гб / Без ОС / 21UY001AFW";618 665 ₸;/p/lenovo-thinkbook-14-g9-irl-14-16-gb-ssd-512-gb-bez-os-21uy001afw-155614925/?c=750000000
"ZFR TK-E140C 14"" / 16 Гб / SSD 128 Гб / Win 11 / TK-E140C-E-06961 + подарок";159 000 ₸;/p/zfr-tk-e140c-14-16-gb-ssd-128-gb-win-11-tk-e140c-e-06961-podarok-141155131/?c=750000000
"Tohom TK-E159 15.6"" / 32 Гб / SSD 1024 Гб / Win 11 / 06775";389 000 ₸;/p/tohom-tk-e159-15-6-32-gb-ssd-1024-gb-win-11-06775-134893232/?c=750000000
"ZFR TK-E159 15.6"" / 32 Гб / SSD 1024 Гб / Win 11 / TK-E159-32-1024";415 000 ₸;/p/zfr-tk-e159-15-6-32-gb-ssd-1024-gb-win-11-tk-e159-32-1024-134047911/?c=750000000
"LG Gram 16 16"" / 32 Гб / SSD 2000 Гб / Win 11 Home / 16Z90TL-G.AUB9U1";1 600 000 ₸;/p/lg-gram-16-16-32-gb-ssd-2000-gb-win-11-home-16z90tl-g-aub9u1-157713034/?c=750000000
"ASUS Vivobook 15X 15.6"" / 16 Гб / SSD 512 Гб / Без ОС / X1503ZA-L1493 / 90NB0WY1-M00P90";500 000 ₸;/p/asus-vivobook-15x-15-6-16-gb-ssd-512-gb-bez-os-x1503za-l1493-90nb0wy1-m00p90-107930226/?c=750000000
"GIGABYTE Gaming A16 16"" / 16 Гб / SSD 1000 Гб / Без ОС / CWHI3KZ894SD";1 399 997 ₸;/p/gigabyte-gaming-a16-16-16-gb-ssd-1000-gb-bez-os-cwhi3kz894sd-143898903/?c=750000000
"Tohom TKE140 14"" / 6 Гб / SSD 256 Гб / Win 10 / YT1571";115 900 ₸;/p/tohom-tke140-14-6-gb-ssd-256-gb-win-10-yt1571-122354700/?c=750000000
"Tohom TK-E157 15.6"" / 16 Гб / SSD 512 Гб / Win 11 / TK-E157-06354";252 500 ₸;/p/tohom-tk-e157-15-6-16-gb-ssd-512-gb-win-11-tk-e157-06354-134785256/?c=750000000
"Tohom TK-E157 15.6"" / 8 Гб / SSD 512 Гб / Win 11 / TK-E157-06332";213 600 ₸;/p/tohom-tk-e157-15-6-8-gb-ssd-512-gb-win-11-tk-e157-06332-135142375/?c=750000000
"ZFR TK-E142 14"" / 8 Гб / SSD 256 Гб / Win 10 Pro / TK-E142";155 900 ₸;/p/zfr-tk-e142-14-8-gb-ssd-256-gb-win-10-pro-tk-e142-128975585/?c=750000000
"ZFR TK-E157 15.6"" / 32 Гб / SSD 2048 Гб / Win 11 / ZFR-TK-E157-32-2048";399 000 ₸;/p/zfr-tk-e157-15-6-32-gb-ssd-2048-gb-win-11-zfr-tk-e157-32-2048-129222218/?c=750000000
"Tohom TK-E140 14"" / 8 Гб / SSD 256 Гб / Win 11 / E140-0813";159 000 ₸;/p/tohom-tk-e140-14-8-gb-ssd-256-gb-win-11-e140-0813-129136505/?c=750000000
"Apple MacBook Air 13.6"" / 24 Гб / SSD 1024 Гб / macOS / MDH94";978 777 ₸;/p/apple-macbook-air-13-6-24-gb-ssd-1024-gb-macos-mdh94-166531418/?c=750000000
"Lenovo V17 G4 IRU 17.3"" / 16 Гб / SSD 512 Гб / Без ОС / 83A2004FRU";800 000 ₸;/p/lenovo-v17-g4-iru-17-3-16-gb-ssd-512-gb-bez-os-83a2004fru-151613044/?c=750000000
"ASUS ExpertBook B1 15.6"" / 16 Гб / SSD 512 Гб / DOS / B1502CVA-BQ0345 / 90NX06X1-M00CE0";600 000 ₸;/p/asus-expertbook-b1-15-6-16-gb-ssd-512-gb-dos-b1502cva-bq0345-90nx06x1-m00ce0-114884299/?c=750000000
"MSI Cyborg 15.6"" / 16 Гб / SSD 512 Гб / Без ОС / 9S7-15Q342-640";1 000 000 ₸;/p/msi-cyborg-15-6-16-gb-ssd-512-gb-bez-os-9s7-15q342-640-148522963/?c=750000000
"MSI Thin 15 B12UC 15.6"" / 16 Гб / SSD 512 Гб / Без ОС / B12UC-1821XKZ";650 000 ₸;/p/msi-thin-15-b12uc-15-6-16-gb-ssd-512-gb-bez-os-b12uc-1821xkz-147852345/?c=750000000
"HP Victus 15-fb3009ci 15.6"" / 16 Гб / SSD 1000 Гб / Без ОС / BK5S0EA";850 000 ₸;/p/hp-victus-15-fb3009ci-15-6-16-gb-ssd-1000-gb-bez-os-bk5s0ea-144620439/?c=750000000
"ASUS Vivobook 16X K3605ZF-RP767 16"" / 16 Гб / SSD 512 Гб / Без ОС / 90NB11E1-M01160";600 000 ₸;/p/asus-vivobook-16x-k3605zf-rp767-16-16-gb-ssd-512-gb-bez-os-90nb11e1-m01160-144968104/?c=750000000
"ASUS ExpertBook P15 15.6"" / 16 Гб / SSD 512 Гб / Без ОС / 90NX0881-M00YJ0";580 000 ₸;/p/asus-expertbook-p15-15-6-16-gb-ssd-512-gb-bez-os-90nx0881-m00yj0-133971777/?c=750000000
"ARDOR GAMING NEO G15-I5ND314 15.6"" / 16 Гб / SSD 1000 Гб / Без ОС / NEO G15-I5ND314";751 934 ₸;/p/ardor-gaming-neo-g15-i5nd314-15-6-16-gb-ssd-1000-gb-bez-os-neo-g15-i5nd314-115262640/?c=750000000
"Razer Blade 18 18"" / 32 Гб / SSD 1024 Гб / Win 11 Home / RZ09-05298ER3-R3E1";3 100 000 ₸;/p/razer-blade-18-18-32-gb-ssd-1024-gb-win-11-home-rz09-05298er3-r3e1-148981161/?c=750000000
"MSI Modern 15 15.6"" / 16 Гб / SSD 512 Гб / Без ОС / F13MG-621XKZ";500 000 ₸;/p/msi-modern-15-15-6-16-gb-ssd-512-gb-bez-os-f13mg-621xkz-139695998/?c=750000000
"Apple MacBook Pro 2026 M5 Max 14.2"" / 36 Гб / SSD 2048 Гб / macOS / MGDQ";2 790 260 ₸;/p/apple-macbook-pro-2026-m5-max-14-2-36-gb-ssd-2048-gb-macos-mgdq-164282674/?c=750000000
"Razer Blade 18 18"" / 32 Гб / SSD 1000 Гб / Win 11 Home / RZ09-05297ER3-R3E1";2 600 000 ₸;/p/razer-blade-18-18-32-gb-ssd-1000-gb-win-11-home-rz09-05297er3-r3e1-148981156/?c=750000000
"Razer Blade 16 16"" / 32 Гб / SSD 1024 Гб / Win 11 Home / RZ09-05286EN3-R3E1";2 500 000 ₸;/p/razer-blade-16-16-32-gb-ssd-1024-gb-win-11-home-rz09-05286en3-r3e1-148981149/?c=750000000
"Razer Blade 14 14"" / 64 Гб / SSD 2048 Гб / Win 11 Home / RZ09-05306ES4-R3E1";2 500 000 ₸;/p/razer-blade-14-14-64-gb-ssd-2048-gb-win-11-home-rz09-05306es4-r3e1-148981148/?c=750000000
"ZFR TK-E157 15.6"" / 16 Гб / SSD 2048 Гб / Win 11 / ZFR TK-E157";385 900 ₸;/p/zfr-tk-e157-15-6-16-gb-ssd-2048-gb-win-11-zfr-tk-e157-129041986/?c=750000000
"ASUS ProArt P16 16"" / 32 Гб / SSD 2048 Гб / Win 11 Pro / 90NB15L1-M00630 / H7606WM-RJ040X";2 000 000 ₸;/p/asus-proart-p16-16-32-gb-ssd-2048-gb-win-11-pro-90nb15l1-m00630-h7606wm-rj040x-153733141/?c=750000000
"Lenovo ThinkBook 16p G6 16"" / 32 Гб / SSD 512 Гб / Win 11 Pro / 21U0000LFW";1 700 000 ₸;/p/lenovo-thinkbook-16p-g6-16-32-gb-ssd-512-gb-win-11-pro-21u0000lfw-156777215/?c=750000000
"Lenovo V15 G4 AMN 15.6"" / 8 Гб / SSD 256 Гб / Без ОС / 82YU00UGRU";287 909 ₸;/p/lenovo-v15-g4-amn-15-6-8-gb-ssd-256-gb-bez-os-82yu00ugru-117504617/?c=750000000
"MSI A3XVFG-069KZ 16"" / 32 Гб / SSD 1000 Гб / Win 11 Home / 9S7-15FK15-069";1 600 000 ₸;/p/msi-a3xvfg-069kz-16-32-gb-ssd-1000-gb-win-11-home-9s7-15fk15-069-132165210/?c=750000000
"GIGABYTE GAMING A16 PRO 16"" / 32 Гб / SSD 1024 Гб / Win 11 Home / DYHG5USCC4SH";1 600 000 ₸;/p/gigabyte-gaming-a16-pro-16-32-gb-ssd-1024-gb-win-11-home-dyhg5uscc4sh-157698162/?c=750000000
"ZFR TK-E157 15.6"" / 16 Гб / SSD 128 Гб / Win 11 / TK-E157";228 000 ₸;/p/zfr-tk-e157-15-6-16-gb-ssd-128-gb-win-11-tk-e157-129041714/?c=750000000
"N5095A 15.6"" / 16 Гб / SSD 512 Гб / Win 11 Pro / 30427632_234309868";165 000 ₸;/p/n5095a-15-6-16-gb-ssd-512-gb-win-11-pro-30427632-234309868-163418653/?c=750000000
"ZFR DN156 15.6"" / 16 Гб / SSD 256 Гб / Win 10 / DN156-05574";249 000 ₸;/p/zfr-dn156-15-6-16-gb-ssd-256-gb-win-10-dn156-05574-132156811/?c=750000000
"Tohom TK-E159 15.6"" / 32 Гб / SSD 128 Гб / Win 11 / TK-E159-06735";285 000 ₸;/p/tohom-tk-e159-15-6-32-gb-ssd-128-gb-win-11-tk-e159-06735-134252162/?c=750000000
"DELL Latitude 7650 16"" / 32 Гб / SSD 1024 Гб / Win 11 Pro / 210-BLQN_3";1 298 010 ₸;/p/dell-latitude-7650-16-32-gb-ssd-1024-gb-win-11-pro-210-blqn-3-132509570/?c=750000000
"ZFR TK-E158 15.6"" / 12 Гб / SSD 1024 Гб / Win 11 / TK-E158";298 000 ₸;/p/zfr-tk-e158-15-6-12-gb-ssd-1024-gb-win-11-tk-e158-141356571/?c=750000000
"ZFR TG-10 15.6"" / 8 Гб / SSD 256 Гб / Win 11 Pro / YHY450";215 000 ₸;/p/zfr-tg-10-15-6-8-gb-ssd-256-gb-win-11-pro-yhy450-117197885/?c=750000000
"ZFR TK-E157 15.6"" / 8 Гб / SSD 512 Гб / Win 11 / ZFR-TK-E157-8-512";213 600 ₸;/p/zfr-tk-e157-15-6-8-gb-ssd-512-gb-win-11-zfr-tk-e157-8-512-129222043/?c=750000000
"ZFR ZFR TK-E140C 14"" / 16 Гб / SSD 512 Гб / Win 11 / TK-E140C-WS-6795 + подарок";211 000 ₸;/p/zfr-zfr-tk-e140c-14-16-gb-ssd-512-gb-win-11-tk-e140c-ws-6795-podarok-141155224/?c=750000000
"Tohom TK-E140C 14"" / 16 Гб / SSD 512 Гб / Win 11 / TG3943";211 000 ₸;/p/tohom-tk-e140c-14-16-gb-ssd-512-gb-win-11-tg3943-122826458/?c=750000000
"DELL Latitude 5550 15.6"" / 16 Гб / SSD 1024 Гб / Win 11 Pro / 210-BLMN_N015L555015EMEA_VP";1 200 000 ₸;/p/dell-latitude-5550-15-6-16-gb-ssd-1024-gb-win-11-pro-210-blmn-n015l555015emea-vp-129338519/?c=750000000
"DELL Precision 3580 15.6"" / 32 Гб / SSD 512 Гб / Win 11 Pro / 210-BGDO";1 200 000 ₸;/p/dell-precision-3580-15-6-32-gb-ssd-512-gb-win-11-pro-210-bgdo-118745643/?c=750000000
"DELL Latitude 7455 14"" / 16 Гб / SSD 512 Гб / Win 11 Pro / 210-BMTT_N002L745514EMEA_VP";1 200 000 ₸;/p/dell-latitude-7455-14-16-gb-ssd-512-gb-win-11-pro-210-bmtt-n002l745514emea-vp-135365893/?c=750000000
"Lenovo IdeaPad 3 15.6"" / 8 Гб / SSD 256 Гб / DOS / 15IGL05 / 81WQ00ERRK";184 564 ₸;/p/lenovo-ideapad-3-15-6-8-gb-ssd-256-gb-dos-15igl05-81wq00errk-102715483/?c=750000000
"Tohom TK-E156E 15.6"" / 16 Гб / SSD 512 Гб / Win 11 Pro / E156E-06189";200 129 ₸;/p/tohom-tk-e156e-15-6-16-gb-ssd-512-gb-win-11-pro-e156e-06189-130611386/?c=750000000
"GIGABYTE GAMING A16 16"" / 16 Гб / SSD 1000 Гб / Без ОС / CVHI3KZ894SD";1 100 000 ₸;/p/gigabyte-gaming-a16-16-16-gb-ssd-1000-gb-bez-os-cvhi3kz894sd-143898834/?c=750000000
"DELL Vostro 7620 16"" / 8 Гб / SSD 512 Гб / Win 11 Pro / 210-BDVL-5";1 086 902 ₸;/p/dell-vostro-7620-16-8-gb-ssd-512-gb-win-11-pro-210-bdvl-5-108437603/?c=750000000
"ASUS VivoBook S14 14"" / 32 Гб / SSD 1024 Гб / Win 11 Home / M5406WA-BS99";990 000 ₸;/p/asus-vivobook-s14-14-32-gb-ssd-1024-gb-win-11-home-m5406wa-bs99-157698369/?c=750000000
"MSI Katana 15 15.6"" / 16 Гб / SSD 512 Гб / Без ОС / B14WEK-699XKZ";950 000 ₸;/p/msi-katana-15-15-6-16-gb-ssd-512-gb-bez-os-b14wek-699xkz-147615370/?c=750000000
"MSI Cyborg 15 B2RWFKG 15"" / 16 Гб / M.2 512 Гб / Без ОС / 9S7-15Q342-640";950 000 ₸;/p/msi-cyborg-15-b2rwfkg-15-16-gb-m-2-512-gb-bez-os-9s7-15q342-640-149587270/?c=750000000
"MSI Cyborg 15 15.6"" / 16 Гб / SSD 512 Гб / Без ОС / B2RWEKG-443XKZ";900 000 ₸;/p/msi-cyborg-15-15-6-16-gb-ssd-512-gb-bez-os-b2rwekg-443xkz-147615381/?c=750000000
"MSI Katana GF66 15.6"" / 16 Гб / SSD 512 Гб / Без ОС / 12UE-1053X / 9S7-158332-1053";900 000 ₸;/p/msi-katana-gf66-15-6-16-gb-ssd-512-gb-bez-os-12ue-1053x-9s7-158332-1053-108646219/?c=750000000
"MSI Cyborg 17 B2RWEKG 17.3"" / 16 Гб / SSD 512 Гб / Без ОС / B2RWEKG-206XKZ";900 000 ₸;/p/msi-cyborg-17-b2rwekg-17-3-16-gb-ssd-512-gb-bez-os-b2rwekg-206xkz-148609366/?c=750000000
"MSI Cyborg 15 15.6"" / 16 Гб / SSD 512 Гб / Без ОС / B2RWEKG-442XKZ";900 000 ₸;/p/msi-cyborg-15-15-6-16-gb-ssd-512-gb-bez-os-b2rwekg-442xkz-147615194/?c=750000000
"Lenovo V17 G4 IRU 17.3"" / 16 Гб / SSD 512 Гб / Без ОС / 83A2004FRU";900 000 ₸;/p/lenovo-v17-g4-iru-17-3-16-gb-ssd-512-gb-bez-os-83a2004fru-151613050/?c=750000000
"YAMI Notebook N10 14.1"" / 12 Гб / SSD 256 Гб / Win 11 / 2000000013855";129 990 ₸;/p/yami-notebook-n10-14-1-12-gb-ssd-256-gb-win-11-2000000013855-139522436/?c=750000000
"Lenovo ThinkBook 14 G9 AHP 14"" / 16 Гб / SSD 1000 Гб / Без ОС / 21V00046FW";800 000 ₸;/p/lenovo-thinkbook-14-g9-ahp-14-16-gb-ssd-1000-gb-bez-os-21v00046fw-154516684/?c=750000000
"Lenovo ThinkBook 16 G7 ARP 16"" / 16 Гб / SSD 512 Гб / Win 11 Pro / 21MW0026RU";800 000 ₸;/p/lenovo-thinkbook-16-g7-arp-16-16-gb-ssd-512-gb-win-11-pro-21mw0026ru-148981181/?c=750000000
"DELL Dell Latitude 3440 14"" / 8 Гб / SSD 256 Гб / Win 11 Pro / 210-BGDK-1";800 000 ₸;/p/dell-dell-latitude-3440-14-8-gb-ssd-256-gb-win-11-pro-210-bgdk-1-112523408/?c=750000000
Apple MacBook Air 13 2025 / 16 Гб / SSD 256 Гб / macOS / MW123;629 949 ₸;/p/apple-macbook-air-13-2025-16-gb-ssd-256-gb-macos-mw123-137582956/?c=750000000
"ThundeRobot 911S Core D 15.6"" / 16 Гб / SSD 512 Гб / Без ОС / JT009K00F";499 973 ₸;/p/thunderobot-911s-core-d-15-6-16-gb-ssd-512-gb-bez-os-jt009k00f-117046774/?c=750000000
"Industria NT105 15.6"" / 16 Гб / M.2 512 Гб / Win 11 / INDNT05";180 900 ₸;/p/industria-nt105-15-6-16-gb-m-2-512-gb-win-11-indnt05-142514705/?c=750000000
"HYDRA Home H14 14"" / 12 Гб / SSD 256 Гб / Win 11 / MKII";130 000 ₸;/p/hydra-home-h14-14-12-gb-ssd-256-gb-win-11-mkii-119194958/?c=750000000
"Microsoft Surface Laptop 7 X Plus 13"" / 16 Гб / SSD 512 Гб / Win 11 Home / EP2-33432";750 000 ₸;/p/microsoft-surface-laptop-7-x-plus-13-16-gb-ssd-512-gb-win-11-home-ep2-33432-161490027/?c=750000000
"ASUS TUF Gaming F17 17.3"" / 16 Гб / SSD 1024 Гб / Win 11 Pro / FX707ZC4-HX095W / 90NR0GX1-M006W0";542 189 ₸;/p/asus-tuf-gaming-f17-17-3-16-gb-ssd-1024-gb-win-11-pro-fx707zc4-hx095w-90nr0gx1-m006w0-118578360/?c=750000000
"Lenovo IdeaPad Slim 3 15IRH10 15.3"" / 16 Гб / SSD 512 Гб / Без ОС / 83K1002ERK";289 990 ₸;/p/lenovo-ideapad-slim-3-15irh10-15-3-16-gb-ssd-512-gb-bez-os-83k1002erk-137867340/?c=750000000
"Acer Aspire Go 15 AG15-31P 15.6"" / 8 Гб / SSD 512 Гб / Без ОС / NX.KX5ER.002";248 999 ₸;/p/acer-aspire-go-15-ag15-31p-15-6-8-gb-ssd-512-gb-bez-os-nx-kx5er-002-121445494/?c=750000000
"Huawei MateBook D 16 MitchellF-W5611 Core i5 12450H 16GB / SSD 1TB / UHD Graphics / Win 11 16"" / 16 Гб / SSD 1024 Гб / Win 11 / 53013YJF";454 990 ₸;/p/huawei-matebook-d-16-mitchellf-w5611-core-i5-12450h-16gb-ssd-1tb-uhd-graphics-win-11-16-16-gb-ssd-1024-gb-win-11-53013yjf-132850402/?c=750000000
"Lenovo LOQ 15IRX10 15.6"" / 16 Гб / SSD 512 Гб / Без ОС / 83JE002BRK";603 365 ₸;/p/lenovo-loq-15irx10-15-6-16-gb-ssd-512-gb-bez-os-83je002brk-142567420/?c=750000000
"Viotek VNX-1534A 15.6"" / 16 Гб / SSD 512 Гб / Win 11 Pro / VNX-1534A + подарок";249 900 ₸;/p/viotek-vnx-1534a-15-6-16-gb-ssd-512-gb-win-11-pro-vnx-1534a-podarok-148941533/?c=750000000
"Lenovo ThinkBook 16 Gen 6 16"" / 8 Гб / SSD 512 Гб / Без ОС / 21KK0094RU";600 000 ₸;/p/lenovo-thinkbook-16-gen-6-16-8-gb-ssd-512-gb-bez-os-21kk0094ru-129901398/?c=750000000
"HONOR MagicBook X 16 16"" / 8 Гб / SSD 512 Гб / DOS / BRN-F5851C / 5301AHHP";499 988 ₸;/p/honor-magicbook-x-16-16-8-gb-ssd-512-gb-dos-brn-f5851c-5301ahhp-116658530/?c=750000000
"HP Victus 15-fb3014ci 15.6"" / 16 Гб / SSD 512 Гб / Без ОС / BK5P6EA";379 990 ₸;/p/hp-victus-15-fb3014ci-15-6-16-gb-ssd-512-gb-bez-os-bk5p6ea-140585755/?c=750000000
Apple MacBook Air 13 2025 / 24 Гб / SSD 512 Гб / macOS / MC6C4RU/A;899 988 ₸;/p/apple-macbook-air-13-2025-24-gb-ssd-512-gb-macos-mc6c4ru-a-138171536/?c=750000000
"Lenovo IdeaPad Slim 3 15.6"" / 8 Гб / SSD 512 Гб / DOS / 15IAH8 / 83ER00DKRK";284 989 ₸;/p/lenovo-ideapad-slim-3-15-6-8-gb-ssd-512-gb-dos-15iah8-83er00dkrk-119874922/?c=750000000
"ASUS Vivobook 15 15.6"" / 16 Гб / SSD 512 Гб / Без ОС / M1502YA-BQ607 / 90NB0X22-M00X20";329 000 ₸;/p/asus-vivobook-15-15-6-16-gb-ssd-512-gb-bez-os-m1502ya-bq607-90nb0x22-m00x20-135584258/?c=750000000
"MSI Thin 15.6"" / 16 Гб / SSD 512 Гб / Без ОС / 9S7-16R831-3408";750 000 ₸;/p/msi-thin-15-6-16-gb-ssd-512-gb-bez-os-9s7-16r831-3408-148527470/?c=750000000
"Lenovo ThinkBook 16 G7 ARP 16"" / 16 Гб / SSD 512 Гб / Win 11 Pro / 21MW002BRU";750 000 ₸;/p/lenovo-thinkbook-16-g7-arp-16-16-gb-ssd-512-gb-win-11-pro-21mw002bru-148981185/?c=750000000
"Microsoft Surface Laptop 7 X Elite 13.8"" 13.8"" / 16 Гб / SSD 256 Гб / Win 11 Pro / EP2-34093";749 000 ₸;/p/microsoft-surface-laptop-7-x-elite-13-8-13-8-16-gb-ssd-256-gb-win-11-pro-ep2-34093-166389432/?c=750000000
"Lenovo IdeaPad 3 15.6"" / 8 Гб / SSD 512 Гб / Win 11 / 15IAU7 / 82RK00EWRK";249 900 ₸;/p/lenovo-ideapad-3-15-6-8-gb-ssd-512-gb-win-11-15iau7-82rk00ewrk-107333284/?c=750000000
"MSI Modern 15 F1MG 15.6"" / 16 Гб / SSD 1024 Гб / Без ОС / F1MG-270XKZ";700 000 ₸;/p/msi-modern-15-f1mg-15-6-16-gb-ssd-1024-gb-bez-os-f1mg-270xkz-132112775/?c=750000000
"ASUS Vivobook 16X 16"" / 16 Гб / SSD 512 Гб / Без ОС / 90NB11D1-M00KS0";700 000 ₸;/p/asus-vivobook-16x-16-16-gb-ssd-512-gb-bez-os-90nb11d1-m00ks0-138568342/?c=750000000
"ASUS VivoBook S 16 M3607HA-SH105W 16"" / 16 Гб / SSD 512 Гб / Win 11 Pro / 90NB16F2-M006P0";700 000 ₸;/p/asus-vivobook-s-16-m3607ha-sh105w-16-16-gb-ssd-512-gb-win-11-pro-90nb16f2-m006p0-152848691/?c=750000000
"DELL LATITUDE 5350 XCTO BASE 13.3"" / 16 Гб / SSD 512 Гб / Ubuntu / 210-BLSV_2";700 000 ₸;/p/dell-latitude-5350-xcto-base-13-3-16-gb-ssd-512-gb-ubuntu-210-blsv-2-130292853/?c=750000000
"DELL LATITUDE 3550 15.6"" / 8 Гб / SSD 512 Гб / Win 11 Pro / 210-BLRD_N004L355015EMEA_VP";700 000 ₸;/p/dell-latitude-3550-15-6-8-gb-ssd-512-gb-win-11-pro-210-blrd-n004l355015emea-vp-129605828/?c=750000000
"MSI F1MG-270XKZ 15.6"" / 16 Гб / SSD 100 Гб / Без ОС / 9S7-15S112-270";699 997 ₸;/p/msi-f1mg-270xkz-15-6-16-gb-ssd-100-gb-bez-os-9s7-15s112-270-132137909/?c=750000000
"HYDRA NØMΛD 14"" / 8 Гб / SSD 256 Гб / Win 10 / H13";99 990 ₸;/p/hydra-n-m-d-14-8-gb-ssd-256-gb-win-10-h13-120519223/?c=750000000
"MSI Cyborg 15 B2RWEKG 15.6"" / 16 Гб / SSD 512 Гб / Без ОС / 9S7-15Q342-643";679 988 ₸;/p/msi-cyborg-15-b2rwekg-15-6-16-gb-ssd-512-gb-bez-os-9s7-15q342-643-152921364/?c=750000000
"Biraz EVO N95 15.6"" / 16 Гб / SSD 512 Гб / Win 11 / BRZ-EVO-N95";229 000 ₸;/p/biraz-evo-n95-15-6-16-gb-ssd-512-gb-win-11-brz-evo-n95-139514916/?c=750000000
"Apple MacBook Air 13 2022 13.6"" / 16 Гб / SSD 256 Гб / macOS / MC7X4RU/A";577 621 ₸;/p/apple-macbook-air-13-2022-13-6-16-gb-ssd-256-gb-macos-mc7x4ru-a-132428983/?c=750000000
"MSI Thin 15 B13UDX 15.6"" / 16 Гб / SSD 512 Гб / Без ОС / B13UDX-3409XKZ";650 000 ₸;/p/msi-thin-15-b13udx-15-6-16-gb-ssd-512-gb-bez-os-b13udx-3409xkz-148609499/?c=750000000
"HYDRA Home H21 15.6"" / 12 Гб / SSD 256 Гб / Win 11 / MKII";140 000 ₸;/p/hydra-home-h21-15-6-12-gb-ssd-256-gb-win-11-mkii-117849530/?c=750000000
"Lenovo Thinkbook 16 G9 IRL 16"" / 16 Гб / SSD 512 Гб / Без ОС / 21US004SFW";627 456 ₸;/p/lenovo-thinkbook-16-g9-irl-16-16-gb-ssd-512-gb-bez-os-21us004sfw-158398269/?c=750000000
"ASUS ExpertBook B1 15.6"" / 16 Гб / SSD 512 Гб / Без ОС / 90NX0801-M02W50";600 000 ₸;/p/asus-expertbook-b1-15-6-16-gb-ssd-512-gb-bez-os-90nx0801-m02w50-146025991/?c=750000000
"MSI Thin 15 15.6"" / 16 Гб / SSD 512 Гб / Без ОС / B12UC-2493XKZ";600 000 ₸;/p/msi-thin-15-15-6-16-gb-ssd-512-gb-bez-os-b12uc-2493xkz-128889830/?c=750000000
"ASUS ExpertBook B1 15.6"" / 16 Гб / M.2 512 Гб / Без ОС / B1503CVA-S70892 / 90NX0801-M02W50";600 000 ₸;/p/asus-expertbook-b1-15-6-16-gb-m-2-512-gb-bez-os-b1503cva-s70892-90nx0801-m02w50-146098654/?c=750000000
"16"" Acer Aspire i3-1305U / 16 Гб / eMMC 512 Гб / Win 11 Pro / NX.J5REM.01C / AL16-52P";269 899 ₸;/p/16-acer-aspire-i3-1305u-16-gb-emmc-512-gb-win-11-pro-nx-j5rem-01c-al16-52p-135804242/?c=750000000
"Acer Gadget E10 ETBook 14"" / 16 Гб / SSD 512 Гб / Win 11 Home / 0167563995";329 980 ₸;/p/acer-gadget-e10-etbook-14-16-gb-ssd-512-gb-win-11-home-0167563995-121895857/?c=750000000
"DELL Vostro 3525 15.6"" / 8 Гб / SSD 256 Гб / Win 11 / 210-BDRB-5";550 000 ₸;/p/dell-vostro-3525-15-6-8-gb-ssd-256-gb-win-11-210-bdrb-5-108372117/?c=750000000
"ASUS ExpertBook B1 B1503CVA-S72566 15.6"" / 16 Гб / SSD 512 Гб / Без ОС / 90NX0801-M02UB0";550 000 ₸;/p/asus-expertbook-b1-b1503cva-s72566-15-6-16-gb-ssd-512-gb-bez-os-90nx0801-m02ub0-138506717/?c=750000000
"ASUS Asus 90NB16E2-M00560 Vivobook S14 14"" / 16 Гб / SSD 512 Гб / Без ОС / 90NB16E2-M00560";550 000 ₸;/p/asus-asus-90nb16e2-m00560-vivobook-s14-14-16-gb-ssd-512-gb-bez-os-90nb16e2-m00560-150523324/?c=750000000
"Liman N95 15.6"" / 16 Гб / SSD 512 Гб / Win 11 Pro / Z14202401662191NYM";223 000 ₸;/p/liman-n95-15-6-16-gb-ssd-512-gb-win-11-pro-z14202401662191nym-119401105/?c=750000000
"HYDRA Home H14 14"" / 12 Гб / SSD 256 Гб / Win 11 / MKII";130 000 ₸;/p/hydra-home-h14-14-12-gb-ssd-256-gb-win-11-mkii-119496808/?c=750000000
"Industria NT107 15.6"" / 16 Гб / SSD 512 Гб / Win 11 / INDNT07";190 900 ₸;/p/industria-nt107-15-6-16-gb-ssd-512-gb-win-11-indnt07-142514708/?c=750000000
"Tohom TK- E182 15.6"" / 32 Гб / SSD 512 Гб / Win 11 Pro / TG0121";490 000 ₸;/p/tohom-tk--e182-15-6-32-gb-ssd-512-gb-win-11-pro-tg0121-136670329/?c=750000000
"Apple MacBook Air 13 2025 13.6"" / 16 Гб / SSD 256 Гб / macOS / MW0W3";583 999 ₸;/p/apple-macbook-air-13-2025-13-6-16-gb-ssd-256-gb-macos-mw0w3-138452161/?c=750000000
"Lenovo IdeaPad 1 15IJL7 15.6"" / 8 Гб / SSD 512 Гб / Без ОС / 82LX00G9RK";219 003 ₸;/p/lenovo-ideapad-1-15ijl7-15-6-8-gb-ssd-512-gb-bez-os-82lx00g9rk-144403511/?c=750000000
"ASUS ExpertBook B1 15.6"" / 8 Гб / SSD 512 Гб / Без ОС / 90NX06X1-M01140";450 000 ₸;/p/asus-expertbook-b1-15-6-8-gb-ssd-512-gb-bez-os-90nx06x1-m01140-131772445/?c=750000000
"YAMI Notebook HX17 + X100 14.1"" / 6 Гб / SSD 128 Гб / Win 10 / HX17 + X100";109 990 ₸;/p/yami-notebook-hx17-x100-14-1-6-gb-ssd-128-gb-win-10-hx17-x100-162440181/?c=750000000
"HYDRA Home H14 14"" / 12 Гб / SSD 256 Гб / Win 11 / H14";130 000 ₸;/p/hydra-home-h14-14-12-gb-ssd-256-gb-win-11-h14-122752754/?c=750000000
"HYDRA Home Razor R7 15.6"" / 16 Гб / SSD 512 Гб / Win 11 / H30";324 000 ₸;/p/hydra-home-razor-r7-15-6-16-gb-ssd-512-gb-win-11-h30-136547226/?c=750000000
Apple MacBook Air 13 2025 / 16 Гб / SSD 512 Гб / macOS / MC6U4;627 884 ₸;/p/apple-macbook-air-13-2025-16-gb-ssd-512-gb-macos-mc6u4-138225601/?c=750000000
"Lenovo IdeaPad Slim 3 15IRH10 15.3"" / 16 Гб / SSD 512 Гб / Win 11 / 83K1002XRK";314 899 ₸;/p/lenovo-ideapad-slim-3-15irh10-15-3-16-gb-ssd-512-gb-win-11-83k1002xrk-135203809/?c=750000000
"Tohom G5 Max 15.6"" / 16 Гб / SSD 512 Гб / Win 11 Pro / G5-Max-06339";389 000 ₸;/p/tohom-g5-max-15-6-16-gb-ssd-512-gb-win-11-pro-g5-max-06339-131685200/?c=750000000
"Apple MacBook Air 13 2020 13.3"" / 8 Гб / SSD 256 Гб / macOS / MGN63";469 322 ₸;/p/apple-macbook-air-13-2020-13-3-8-gb-ssd-256-gb-macos-mgn63-100797845/?c=750000000
Apple MacBook Air 13 2025 / 16 Гб / SSD 512 Гб / macOS / MW0X3;633 017 ₸;/p/apple-macbook-air-13-2025-16-gb-ssd-512-gb-macos-mw0x3-141757964/?c=750000000
"Tohom TK-E156E 15.6"" / 16 Гб / SSD 2048 Гб / Win 11 Pro / TK-E156E-06443";359 000 ₸;/p/tohom-tk-e156e-15-6-16-gb-ssd-2048-gb-win-11-pro-tk-e156e-06443-136275753/?c=750000000
"Tohom TK-E157 15.6"" / 32 Гб / SSD 512 Гб / Win 11 / TK-E157-06629";356 000 ₸;/p/tohom-tk-e157-15-6-32-gb-ssd-512-gb-win-11-tk-e157-06629-135191576/?c=750000000
"PRYME N5095 15.6 15.6"" / 16 Гб / SSD 512 Гб / Win 11 Pro / FHK14BK25";139 990 ₸;/p/pryme-n5095-15-6-15-6-16-gb-ssd-512-gb-win-11-pro-fhk14bk25-165749621/?c=750000000
Apple MacBook Air 13 2025 / 16 Гб / SSD 256 Гб / macOS / MW123RU/A;599 990 ₸;/p/apple-macbook-air-13-2025-16-gb-ssd-256-gb-macos-mw123ru-a-138153472/?c=750000000
"PRYME OfficeBook N15 15.6"" / 8 Гб / SSD 256 Гб / Win 11 / 734469903";99 990 ₸;/p/pryme-officebook-n15-15-6-8-gb-ssd-256-gb-win-11-734469903-165749583/?c=750000000
"ASUS Vivobook 15 15.6"" / 24 Гб / SSD 1000 Гб / Win 11 Pro / X1504ZA-BQ1105ZW / 90NB1022-MZW1M0";373 778 ₸;/p/asus-vivobook-15-15-6-24-gb-ssd-1000-gb-win-11-pro-x1504za-bq1105zw-90nb1022-mzw1m0-118395132/?c=750000000
"HP 15-fc0940fi 15.6"" / 16 Гб / SSD 512 Гб / Win 11 Pro / BM0B013EA#UUQ";293 459 ₸;/p/hp-15-fc0940fi-15-6-16-gb-ssd-512-gb-win-11-pro-bm0b013ea-uuq-141492322/?c=750000000
"ASUS VivoBook 15 X1504ZA-BQ1364W 15.6"" / 16 Гб / SSD 512 Гб / Win 11 / 90NB1021-M02090";283 997 ₸;/p/asus-vivobook-15-x1504za-bq1364w-15-6-16-gb-ssd-512-gb-win-11-90nb1021-m02090-121433042/?c=750000000
"Tohom TK-E159 15.6"" / 32 Гб / SSD 256 Гб / Win 11 / 06354";329 000 ₸;/p/tohom-tk-e159-15-6-32-gb-ssd-256-gb-win-11-06354-134893153/?c=750000000
"FIREBAT T6A 16"" / 16 Гб / SSD 512 Гб / Win 11 / 5R6616F8";399 000 ₸;/p/firebat-t6a-16-16-gb-ssd-512-gb-win-11-5r6616f8-152332059/?c=750000000
Apple MacBook Air 13 2025 / 16 Гб / SSD 512 Гб / macOS / MW133;628 116 ₸;/p/apple-macbook-air-13-2025-16-gb-ssd-512-gb-macos-mw133-138242483/?c=750000000
"Tohom ТК-E159 15.6"" / 16 Гб / SSD 128 Гб / Win 11 / E159-0512";298 000 ₸;/p/tohom-tk-e159-15-6-16-gb-ssd-128-gb-win-11-e159-0512-128975490/?c=750000000
"Lenovo IdeaPad 1 15IJL7 15.6"" / 16 Гб / SSD 1000 Гб / Win 11 Pro / 82LX14G9RK";281 931 ₸;/p/lenovo-ideapad-1-15ijl7-15-6-16-gb-ssd-1000-gb-win-11-pro-82lx14g9rk-144482915/?c=750000000
"Apple MacBook Air 13 2022 13.6"" / 16 Гб / SSD 256 Гб / macOS / MC7W4RU/A";561 290 ₸;/p/apple-macbook-air-13-2022-13-6-16-gb-ssd-256-gb-macos-mc7w4ru-a-132429445/?c=750000000
"Lenovo IdeaPad Slim 3 15ARP10 15.3"" / 16 Гб / SSD 512 Гб / Без ОС / 83K700A7RK";304 990 ₸;/p/lenovo-ideapad-slim-3-15arp10-15-3-16-gb-ssd-512-gb-bez-os-83k700a7rk-144403838/?c=750000000
"ASUS TUF Gaming F16 16"" / 16 Гб / SSD 512 Гб / Без ОС / FX607VJ-RL049 / 90NR0MZ6-M002P0";458 999 ₸;/p/asus-tuf-gaming-f16-16-16-gb-ssd-512-gb-bez-os-fx607vj-rl049-90nr0mz6-m002p0-142322855/?c=750000000
"Acer Nitro V 15 15.6"" / 16 Гб / SSD 512 Гб / Без ОС / ANV15-51 / NH.QNDER.002";448 954 ₸;/p/acer-nitro-v-15-15-6-16-gb-ssd-512-gb-bez-os-anv15-51-nh-qnder-002-116297801/?c=750000000
"HYDRA Home H13 14"" / 8 Гб / SSD 256 Гб / Win 10 / H13";99 000 ₸;/p/hydra-home-h13-14-8-gb-ssd-256-gb-win-10-h13-131930182/?c=750000000
"Lenovo IdeaPad 1 15IJL7 15.6"" / 16 Гб / SSD 512 Гб / Win 11 Pro / 82LX13G9RK";259 098 ₸;/p/lenovo-ideapad-1-15ijl7-15-6-16-gb-ssd-512-gb-win-11-pro-82lx13g9rk-144482893/?c=750000000
"Lenovo IdeaPad Slim 3 15AMN8 15.6"" / 8 Гб / SSD 512 Гб / Win 11 / 82XQ00LRRK";229 899 ₸;/p/lenovo-ideapad-slim-3-15amn8-15-6-8-gb-ssd-512-gb-win-11-82xq00lrrk-130761798/?c=750000000
"Mizone Pascal 1060 15.6"" / 16 Гб / SSD 512 Гб / Win 10 / Mizone Pascal 1060 + подарок";287 928 ₸;/p/mizone-pascal-1060-15-6-16-gb-ssd-512-gb-win-10-mizone-pascal-1060-podarok-139697403/?c=750000000
"Lenovo IdeaPad Slim 3 15.6"" / 16 Гб / SSD 1000 Гб / Win 11 Pro / 15IRH8 / 83EM004WRK";417 998 ₸;/p/lenovo-ideapad-slim-3-15-6-16-gb-ssd-1000-gb-win-11-pro-15irh8-83em004wrk-116139285/?c=750000000
"Huawei MateBook D 14"" / 16 Гб / SSD 512 Гб / Без ОС / MendelG-W5651D 53014BSB";299 990 ₸;/p/huawei-matebook-d-14-16-gb-ssd-512-gb-bez-os-mendelg-w5651d-53014bsb-141536098/?c=750000000
"FYRIA F10 15.6"" / 16 Гб / SSD 512 Гб / Win 11 Pro / F10";229 000 ₸;/p/fyria-f10-15-6-16-gb-ssd-512-gb-win-11-pro-f10-166355924/?c=750000000
"ASUS VivoBook 15 X1502VA-BQ1274 15.6"" / 16 Гб / SSD 512 Гб / Без ОС / 90NB10T2-M01TH0";308 999 ₸;/p/asus-vivobook-15-x1502va-bq1274-15-6-16-gb-ssd-512-gb-bez-os-90nb10t2-m01th0-142645394/?c=750000000
"Acer Aspire Lite AL15-32P 15.6"" / 8 Гб / SSD 256 Гб / Без ОС / NX.JB8ER.001";196 386 ₸;/p/acer-aspire-lite-al15-32p-15-6-8-gb-ssd-256-gb-bez-os-nx-jb8er-001-135872206/?c=750000000
"Tohom TK-E159 15.6"" / 8 Гб / SSD 256 Гб / Win 11 / TK-E159-8Гб-256";204 000 ₸;/p/tohom-tk-e159-15-6-8-gb-ssd-256-gb-win-11-tk-e159-8gb-256-136276293/?c=750000000
"Tohom TG-10 15.6"" / 8 Гб / SSD 256 Гб / Win 10 / TG-10-06223";198 000 ₸;/p/tohom-tg-10-15-6-8-gb-ssd-256-gb-win-10-tg-10-06223-137011856/?c=750000000
"Lenovo LOQ 15ARP9 15.6"" / 16 Гб / SSD 512 Гб / Без ОС / 83JC00LBRK";499 990 ₸;/p/lenovo-loq-15arp9-15-6-16-gb-ssd-512-gb-bez-os-83jc00lbrk-153728088/?c=750000000
"Apple MacBook Pro 16 2024 16.2"" / 24 Гб / SSD 512 Гб / macOS / MX2X3";1 391 158 ₸;/p/apple-macbook-pro-16-2024-16-2-24-gb-ssd-512-gb-macos-mx2x3-137245155/?c=750000000
"Lenovo IdeaPad 3 15.6"" / 8 Гб / SSD 512 Гб / Win 11 / 82RK016WRK";249 000 ₸;/p/lenovo-ideapad-3-15-6-8-gb-ssd-512-gb-win-11-82rk016wrk-129870790/?c=750000000
"HYDRA Home H21 15.6"" / 12 Гб / SSD 256 Гб / Win 11 / MKII";140 000 ₸;/p/hydra-home-h21-15-6-12-gb-ssd-256-gb-win-11-mkii-139299826/?c=750000000
"ASUS VivoBook GO 15 E1504FA-BQ2026 15.6"" / 16 Гб / SSD 512 Гб / Без ОС / 90NB0ZR1-M047E0";239 990 ₸;/p/asus-vivobook-go-15-e1504fa-bq2026-15-6-16-gb-ssd-512-gb-bez-os-90nb0zr1-m047e0-147249919/?c=750000000
"Acer Nitro V 15.6"" / 16 Гб / SSD 512 Гб / Без ОС / NH.QZ7ER.001";518 455 ₸;/p/acer-nitro-v-15-6-16-gb-ssd-512-gb-bez-os-nh-qz7er-001-145576324/?c=750000000
"YAMI Notebook L13 15.6"" / 16 Гб / SSD 512 Гб / Win 11 Pro / Notebook L13 + подарок";190 990 ₸;/p/yami-notebook-l13-15-6-16-gb-ssd-512-gb-win-11-pro-notebook-l13-podarok-142212252/?c=750000000
"YAMI L12 15.6"" / 12 Гб / SSD 512 Гб / Win 11 Pro / Notebook L12";154 990 ₸;/p/yami-l12-15-6-12-gb-ssd-512-gb-win-11-pro-notebook-l12-150176806/?c=750000000
"Lenovo LOQ 83DV01CLRK 15IRX9 15.6"" / 16 Гб / SSD 1000 Гб / Без ОС / 83DV01CLRK";559 990 ₸;/p/lenovo-loq-83dv01clrk-15irx9-15-6-16-gb-ssd-1000-gb-bez-os-83dv01clrk-155610101/?c=750000000
"Acer Nitro V 15 15.6"" / 16 Гб / SSD 1000 Гб / Win 11 Pro / ANV15-51 / NH.QNBER.04W";677 535 ₸;/p/acer-nitro-v-15-15-6-16-gb-ssd-1000-gb-win-11-pro-anv15-51-nh-qnber-04w-120519370/?c=750000000
"YAMI Notebook N10 + Real2 black 14.1"" / 12 Гб / SSD 256 Гб / Win 11 Pro / Notebook N10";127 990 ₸;/p/yami-notebook-n10-real2-black-14-1-12-gb-ssd-256-gb-win-11-pro-notebook-n10-151042030/?c=750000000
"Lenovo LOQ 15IAX9 15.6"" / 24 Гб / SSD 512 Гб / Без ОС / 83GS00EMRK";499 000 ₸;/p/lenovo-loq-15iax9-15-6-24-gb-ssd-512-gb-bez-os-83gs00emrk-138406601/?c=750000000
"Acer Aspire 3 15.6"" / 16 Гб / SSD 512 Гб / Win 11 / A315-58 / NX.ADDER.01E";327 633 ₸;/p/acer-aspire-3-15-6-16-gb-ssd-512-gb-win-11-a315-58-nx-adder-01e-106485059/?c=750000000
"ASUS X515KA 14"" / 4 Гб / SSD 256 Гб / Win 11 / E410KA-CL464 / 90NB0UA5-M00W70";159 990 ₸;/p/asus-x515ka-14-4-gb-ssd-256-gb-win-11-e410ka-cl464-90nb0ua5-m00w70-128905106/?c=750000000
"Lenovo IdeaPad 3 Slim 15AMN8 15.6"" / 16 Гб / SSD 512 Гб / Без ОС / 82XQ00JPRK";269 990 ₸;/p/lenovo-ideapad-3-slim-15amn8-15-6-16-gb-ssd-512-gb-bez-os-82xq00jprk-152363625/?c=750000000
"ALAR 15-159 15.6"" / 16 Гб / SSD 512 Гб / Win 11 Pro / AT2024E1592001";219 990 ₸;/p/alar-15-159-15-6-16-gb-ssd-512-gb-win-11-pro-at2024e1592001-129604057/?c=750000000
"YAMI Notebook N11 15.6"" / 16 Гб / SSD 256 Гб / Win 11 Pro / 2000000010144";179 990 ₸;/p/yami-notebook-n11-15-6-16-gb-ssd-256-gb-win-11-pro-2000000010144-132731299/?c=750000000
"Apple MacBook Air 13 2025 13.6"" / 16 Гб / SSD 512 Гб / macOS / MW103";648 593 ₸;/p/apple-macbook-air-13-2025-13-6-16-gb-ssd-512-gb-macos-mw103-138814211/?c=750000000
"ASUS TUF Gaming A15 15.6"" / 16 Гб / SSD 512 Гб / Без ОС / 90NR0JF7-M00JD0";448 112 ₸;/p/asus-tuf-gaming-a15-15-6-16-gb-ssd-512-gb-bez-os-90nr0jf7-m00jd0-147782981/?c=750000000
"Apple MacBook Pro 14 2024 14.2"" / 24 Гб / SSD 512 Гб / macOS / MX2H3";1 146 536 ₸;/p/apple-macbook-pro-14-2024-14-2-24-gb-ssd-512-gb-macos-mx2h3-137220149/?c=750000000
"Apple MacBook Pro 14 2024 14.2"" / 24 Гб / SSD 512 Гб / macOS / MX2E3";1 125 499 ₸;/p/apple-macbook-pro-14-2024-14-2-24-gb-ssd-512-gb-macos-mx2e3-137220943/?c=750000000
"Lenovo IdeaPad Slim 3 15IRH8 15.6"" / 16 Гб / SSD 512 Гб / Win 11 Pro / 83EM0607RK";327 985 ₸;/p/lenovo-ideapad-slim-3-15irh8-15-6-16-gb-ssd-512-gb-win-11-pro-83em0607rk-131384254/?c=750000000
"Chuwi Corebook Plus 16"" / 16 Гб / SSD 512 Гб / Win 11 Home / Corebook Plus";299 990 ₸;/p/chuwi-corebook-plus-16-16-gb-ssd-512-gb-win-11-home-corebook-plus-147040533/?c=750000000
"HP 15s 15.6"" / 16 Гб / SSD 512 Гб / Win 11 / 15s-fq5092ci / A27S9EA";291 416 ₸;/p/hp-15s-15-6-16-gb-ssd-512-gb-win-11-15s-fq5092ci-a27s9ea-118843204/?c=750000000
"Lenovo IdeaPad Slim 3 15IRU8 15.6"" / 8 Гб / SSD 512 Гб / Без ОС / 82X700D6RK";229 800 ₸;/p/lenovo-ideapad-slim-3-15iru8-15-6-8-gb-ssd-512-gb-bez-os-82x700d6rk-145559543/?c=750000000
"Tokio Dream Book 14"" / 4 Гб / eMMC 64 Гб / Win 10 / 274242";83 999 ₸;/p/tokio-dream-book-14-4-gb-emmc-64-gb-win-10-274242-151735721/?c=750000000
"Great Asia TK-E140 14"" / 6 Гб / SSD 256 Гб / Win 10 / E140-06778";103 383 ₸;/p/great-asia-tk-e140-14-6-gb-ssd-256-gb-win-10-e140-06778-113521208/?c=750000000
"YAMI Notebook N11 15.6"" / 16 Гб / SSD 256 Гб / Win 11 Pro / 2000000010144 + подарок";185 990 ₸;/p/yami-notebook-n11-15-6-16-gb-ssd-256-gb-win-11-pro-2000000010144-podarok-141290466/?c=750000000
"YERVIEW Y74 15.6"" / 16 Гб / SSD 512 Гб / Win 11 Pro / EE88A723";328 000 ₸;/p/yerview-y74-15-6-16-gb-ssd-512-gb-win-11-pro-ee88a723-137349975/?c=750000000
"ASUS TUF Gaming A16 16"" / 16 Гб / M.2 512 Гб / DOS / FA607NUG-RL164";539 899 ₸;/p/asus-tuf-gaming-a16-16-16-gb-m-2-512-gb-dos-fa607nug-rl164-155736422/?c=750000000
"Acer Aspire Lite AL16-52P-50CK 16"" / 16 Гб / SSD 512 Гб / Без ОС / NX.J5SER.001";349 900 ₸;/p/acer-aspire-lite-al16-52p-50ck-16-16-gb-ssd-512-gb-bez-os-nx-j5ser-001-132731410/?c=750000000
"HYDRA Home H13 14"" / 8 Гб / SSD 256 Гб / Win 10 / H13";240 000 ₸;/p/hydra-home-h13-14-8-gb-ssd-256-gb-win-10-h13-156236474/?c=750000000
"ASUS TUF Gaming F16 FX607VJ-RL049Q 16"" / 16 Гб / SSD 1000 Гб / Win 11 Pro / 90NR0MZ6-M0Q2P0";478 999 ₸;/p/asus-tuf-gaming-f16-fx607vj-rl049q-16-16-gb-ssd-1000-gb-win-11-pro-90nr0mz6-m0q2p0-145167243/?c=750000000
"Huawei MateBook D16 16"" / 16 Гб / SSD 512 Гб / Win 11 Home / MitchellF-W5651";349 990 ₸;/p/huawei-matebook-d16-16-16-gb-ssd-512-gb-win-11-home-mitchellf-w5651-115943515/?c=750000000
"ASUS TUF Gaming A15 15.6"" / 16 Гб / M.2 512 Гб / Без ОС / FA506NCG-HN221";449 897 ₸;/p/asus-tuf-gaming-a15-15-6-16-gb-m-2-512-gb-bez-os-fa506ncg-hn221-155736493/?c=750000000
"ASUS Vivobook Go 15 E1504GA-BQ073W 15.6"" / 8 Гб / SSD 256 Гб / Win 11 / 90NB0ZT2-M00YF0";269 990 ₸;/p/asus-vivobook-go-15-e1504ga-bq073w-15-6-8-gb-ssd-256-gb-win-11-90nb0zt2-m00yf0-121433021/?c=750000000
Apple MacBook Air 13 2025 / 16 Гб / SSD 512 Гб / macOS / MW0X3RU/A;629 990 ₸;/p/apple-macbook-air-13-2025-16-gb-ssd-512-gb-macos-mw0x3ru-a-138137345/?c=750000000
"Refresh NT142 14.1"" / 6 Гб / SSD 256 Гб / Win 10 Pro / NT142";85 000 ₸;/p/refresh-nt142-14-1-6-gb-ssd-256-gb-win-10-pro-nt142-164338723/?c=750000000
"ASUS Vivobook 15 15.6"" / 16 Гб / SSD 512 Гб / Win 11 Pro / X1504ZA-BQ1105PW / 90NB1022-M0PWD0";305 121 ₸;/p/asus-vivobook-15-15-6-16-gb-ssd-512-gb-win-11-pro-x1504za-bq1105pw-90nb1022-m0pwd0-117183204/?c=750000000
"Chuwi GemiBook XPro 14.1"" / 8 Гб / SSD 256 Гб / Win 11 / CWI574-PN1N2N1HDMXX";199 999 ₸;/p/chuwi-gemibook-xpro-14-1-8-gb-ssd-256-gb-win-11-cwi574-pn1n2n1hdmxx-110855868/?c=750000000
"YAMI Notebook N11 15.6"" / 16 Гб / SSD 256 Гб / Win 11 Pro / 2000000010144";183 990 ₸;/p/yami-notebook-n11-15-6-16-gb-ssd-256-gb-win-11-pro-2000000010144-141153006/?c=750000000
"Acer Gadget E10 ETBook 14"" / 16 Гб / SSD 512 Гб / Win 11 Home / 1746507";309 000 ₸;/p/acer-gadget-e10-etbook-14-16-gb-ssd-512-gb-win-11-home-1746507-130018820/?c=750000000
"ASUS TUF Gaming F16 16"" / 16 Гб / SSD 512 Гб / Без ОС / 90NR0MH1-M003V0";679 000 ₸;/p/asus-tuf-gaming-f16-16-16-gb-ssd-512-gb-bez-os-90nr0mh1-m003v0-144805417/?c=750000000
"Acer Aspire 3 A325-45 15.6"" / 8 Гб / SSD 256 Гб / Win 11 Pro / ZN.N01SI.03K";177 896 ₸;/p/acer-aspire-3-a325-45-15-6-8-gb-ssd-256-gb-win-11-pro-zn-n01si-03k-137926438/?c=750000000
"YAMI Notebook N12 + Yami X5 + Компьютерная мышь и коврик 15.6"" / 16 Гб / SSD 512 Гб / Win 11 Pro / Notebook N12";199 990 ₸;/p/yami-notebook-n12-yami-x5-komp-juternaja-mysh-i-kovrik-15-6-16-gb-ssd-512-gb-win-11-pro-notebook-n12-141600722/?c=750000000
"Apple MacBook Air 13 2025 13.6"" / 24 Гб / SSD 512 Гб / macOS / MC6V4";801 487 ₸;/p/apple-macbook-air-13-2025-13-6-24-gb-ssd-512-gb-macos-mc6v4-141775822/?c=750000000
"ASUS VivoBook 15 15.6"" / 16 Гб / SSD 512 Гб / Без ОС / X1504VA-BQ3557 / 90NB10J1-M040C0";289 989 ₸;/p/asus-vivobook-15-15-6-16-gb-ssd-512-gb-bez-os-x1504va-bq3557-90nb10j1-m040c0-141863894/?c=750000000
"ASUS VivoBook 15 15.6"" / 16 Гб / SSD 512 Гб / Win 11 / X1504VA-BQ1351W 90NB10J1-M01N30";304 797 ₸;/p/asus-vivobook-15-15-6-16-gb-ssd-512-gb-win-11-x1504va-bq1351w-90nb10j1-m01n30-130292533/?c=750000000
"Acer Aspire Lite 14"" / 8 Гб / SSD 512 Гб / Win 11 Pro / AL14-31P / NX.KS9ER.01W";249 254 ₸;/p/acer-aspire-lite-14-8-gb-ssd-512-gb-win-11-pro-al14-31p-nx-ks9er-01w-118126259/?c=750000000
"ALAR 15-159 Black 15.6"" / 16 Гб / SSD 512 Гб / Win 11 Pro / AT2024E1593001";209 990 ₸;/p/alar-15-159-black-15-6-16-gb-ssd-512-gb-win-11-pro-at2024e1593001-138051695/?c=750000000
"NT1501 15.6"" / 16 Гб / SSD 512 Гб / Win 11 Pro / NT1501";350 000 ₸;/p/nt1501-15-6-16-gb-ssd-512-gb-win-11-pro-nt1501-162338924/?c=750000000
"Refresh NT141 14.1"" / 4 Гб / SSD 256 Гб / Win 10 / NT141";81 000 ₸;/p/refresh-nt141-14-1-4-gb-ssd-256-gb-win-10-nt141-164728481/?c=750000000
"Acer Nitro V 15 15.6"" / 16 Гб / SSD 1000 Гб / Win 11 Pro / NH.QNDER.002I";499 895 ₸;/p/acer-nitro-v-15-15-6-16-gb-ssd-1000-gb-win-11-pro-nh-qnder-002i-141593628/?c=750000000
"Lenovo IdeaPad Slim 3 15AMN8 15.6"" / 8 Гб / SSD 512 Гб / Без ОС / 82XQ00JMRK";219 900 ₸;/p/lenovo-ideapad-slim-3-15amn8-15-6-8-gb-ssd-512-gb-bez-os-82xq00jmrk-129052648/?c=750000000
"ASUS VivoBook S16 16"" / 16 Гб / SSD 512 Гб / Без ОС / K3605ZF-RP767";600 000 ₸;/p/asus-vivobook-s16-16-16-gb-ssd-512-gb-bez-os-k3605zf-rp767-138374045/?c=750000000
"ThundeRobot Gravity 16 Pro Max 16"" / 32 Гб / SSD 1000 Гб / Win 11 Pro / GTZ02030567";919 983 ₸;/p/thunderobot-gravity-16-pro-max-16-32-gb-ssd-1000-gb-win-11-pro-gtz02030567-137011603/?c=750000000
"Lenovo IdeaPad 1 15.6"" / 8 Гб / SSD 256 Гб / Без ОС / 15IGL7 / 82V7001ERK";192 845 ₸;/p/lenovo-ideapad-1-15-6-8-gb-ssd-256-gb-bez-os-15igl7-82v7001erk-110399565/?c=750000000
"ASUS Vivobook 15 15.6"" / 16 Гб / SSD 512 Гб / Без ОС / 90NB0X21-M00X10";329 799 ₸;/p/asus-vivobook-15-15-6-16-gb-ssd-512-gb-bez-os-90nb0x21-m00x10-143296745/?c=750000000
"ASUS Vivobook 15 15.6"" / 16 Гб / SSD 512 Гб / Без ОС / 90NB13Y1-M012J0";299 855 ₸;/p/asus-vivobook-15-15-6-16-gb-ssd-512-gb-bez-os-90nb13y1-m012j0-142950888/?c=750000000
"Apple MacBook Air 13 2024 13.6"" / 8 Гб / SSD 512 Гб / macOS / MRXP3";596 305 ₸;/p/apple-macbook-air-13-2024-13-6-8-gb-ssd-512-gb-macos-mrxp3-119180795/?c=750000000
"Acer Nitro V 15 15.6"" / 32 Гб / SSD 1000 Гб / Win 11 Pro / ANV15-51 / NH.QNBER.11W";758 090 ₸;/p/acer-nitro-v-15-15-6-32-gb-ssd-1000-gb-win-11-pro-anv15-51-nh-qnber-11w-120626052/?c=750000000
"ASUS Vivobook 15 15.6"" / 16 Гб / SSD 1000 Гб / Win 11 Pro / X1504VA-BQ287HW / 90NB10J2-M00HW0";363 840 ₸;/p/asus-vivobook-15-15-6-16-gb-ssd-1000-gb-win-11-pro-x1504va-bq287hw-90nb10j2-m00hw0-116223142/?c=750000000
"HP 15-fd0834ci 15.6"" / 16 Гб / SSD 512 Гб / Win 11 Pro / 924WOE#UUQ";299 799 ₸;/p/hp-15-fd0834ci-15-6-16-gb-ssd-512-gb-win-11-pro-924woe-uuq-133799978/?c=750000000
"Apple MacBook Air 15 2023 15.3"" / 8 Гб / SSD 512 Гб / macOS / MQKX3RU/A";683 400 ₸;/p/apple-macbook-air-15-2023-15-3-8-gb-ssd-512-gb-macos-mqkx3ru-a-111059343/?c=750000000
"Acer Aspire Lite 15 AL15-45P 15.6"" / 16 Гб / SSD 512 Гб / Без ОС / NX.DLQER.001";274 996 ₸;/p/acer-aspire-lite-15-al15-45p-15-6-16-gb-ssd-512-gb-bez-os-nx-dlqer-001-157337765/?c=750000000
"Acer Chromebook 516 GE CBG516-1H-53TY 16"" / 8 Гб / SSD 256 Гб / Chrome OS / nx.kcwaa.001";239 990 ₸;/p/acer-chromebook-516-ge-cbg516-1h-53ty-16-8-gb-ssd-256-gb-chrome-os-nx-kcwaa-001-146337039/?c=750000000
"Apple MacBook Pro 14.2 14.2"" / 24 Гб / SSD 1000 Гб / macOS / MDE34RU/A";1 271 205 ₸;/p/apple-macbook-pro-14-2-14-2-24-gb-ssd-1000-gb-macos-mde34ru-a-149007525/?c=750000000
"Chuwi MiniBook X 10.51"" / 12 Гб / SSD 512 Гб / Win 11 Home / CWI558-PN2N5N1HDMXX";219 990 ₸;/p/chuwi-minibook-x-10-51-12-gb-ssd-512-gb-win-11-home-cwi558-pn2n5n1hdmxx-117140083/?c=750000000
"HYDRA SMART Book 15.6"" / 16 Гб / SSD 512 Гб / Win 11 / H24";360 000 ₸;/p/hydra-smart-book-15-6-16-gb-ssd-512-gb-win-11-h24-122851440/?c=750000000
"HP 15-fd0113ci 15.6"" / 16 Гб / SSD 512 Гб / Win 11 Home / AF6D0EA";289 990 ₸;/p/hp-15-fd0113ci-15-6-16-gb-ssd-512-gb-win-11-home-af6d0ea-134055128/?c=750000000
"HONOR MagicBook X16 16"" / 16 Гб / SSD 512 Гб / Win 11 / 5301AHGW / BRN-F56";383 490 ₸;/p/honor-magicbook-x16-16-16-gb-ssd-512-gb-win-11-5301ahgw-brn-f56-129871956/?c=750000000
"Acer Gadget E10 ETBook 14"" / 8 Гб / SSD 256 Гб / Win 11 Home / Gadget ETBook E10";184 680 ₸;/p/acer-gadget-e10-etbook-14-8-gb-ssd-256-gb-win-11-home-gadget-etbook-e10-153281351/?c=750000000
"HP Laptop 15-fc0072ci 15.6"" / 8 Гб / SSD 512 Гб / Без ОС / A19WCEA";239 990 ₸;/p/hp-laptop-15-fc0072ci-15-6-8-gb-ssd-512-gb-bez-os-a19wcea-131090992/?c=750000000
"ASUS Vivobook 15 15.6"" / 16 Гб / SSD 512 Гб / Без ОС / 90NB10T2-M00KU0";308 999 ₸;/p/asus-vivobook-15-15-6-16-gb-ssd-512-gb-bez-os-90nb10t2-m00ku0-144689964/?c=750000000
"Castom Castom 15.6&#34; 15.6"" / 16 Гб / SSD 512 Гб / Win 11 / TK-E156E / N5095A";149 899 ₸;/p/castom-castom-15-6-34-15-6-16-gb-ssd-512-gb-win-11-tk-e156e-n5095a-119658046/?c=750000000
Apple MacBook Air 15 2025 / 16 Гб / SSD 256 Гб / macOS / MC7A4;628 161 ₸;/p/apple-macbook-air-15-2025-16-gb-ssd-256-gb-macos-mc7a4-141775775/?c=750000000
"Acer Aspire Lite AL15-41P 15.6"" / 16 Гб / SSD 512 Гб / Без ОС / NX.J98ER.001";279 999 ₸;/p/acer-aspire-lite-al15-41p-15-6-16-gb-ssd-512-gb-bez-os-nx-j98er-001-157867668/?c=750000000
"HP 15-fc0058ci 15.6"" / 8 Гб / SSD 512 Гб / DOS / A19WBEA#UUQ";229 979 ₸;/p/hp-15-fc0058ci-15-6-8-gb-ssd-512-gb-dos-a19wbea-uuq-122031778/?c=750000000
"Huawei MitchellG-W5651 16"" / 16 Гб / SSD 512 Гб / Без ОС / 6942103114144";374 990 ₸;/p/huawei-mitchellg-w5651-16-16-gb-ssd-512-gb-bez-os-6942103114144-148409110/?c=750000000
"Acer Nitro V 15 15.6"" / 16 Гб / SSD 512 Гб / Без ОС / ANV15-51-593U / NH.QNBER.003";631 231 ₸;/p/acer-nitro-v-15-15-6-16-gb-ssd-512-gb-bez-os-anv15-51-593u-nh-qnber-003-116700995/?c=750000000
"Acer Nitro V 15 ANV15-52-511K 15.6"" / 16 Гб / SSD 512 Гб / Без ОС / NH.QZ7ER.001";529 894 ₸;/p/acer-nitro-v-15-anv15-52-511k-15-6-16-gb-ssd-512-gb-bez-os-nh-qz7er-001-149673131/?c=750000000
"ASUS Vivobook 15 15.6"" / 16 Гб / SSD 512 Гб / Win 11 Pro / X1504ZA-BQ088W / 90NB1022-M00GW0";299 900 ₸;/p/asus-vivobook-15-15-6-16-gb-ssd-512-gb-win-11-pro-x1504za-bq088w-90nb1022-m00gw0-116533342/?c=750000000
"Lenovo LOQ 15IAX9E 15.6"" / 16 Гб / SSD 512 Гб / Без ОС / 83LK0043RK";449 579 ₸;/p/lenovo-loq-15iax9e-15-6-16-gb-ssd-512-gb-bez-os-83lk0043rk-138479414/?c=750000000
"ASUS Vivobook 15 15.6"" / 16 Гб / SSD 1000 Гб / Win 11 Pro / X1504ZA-BQ011PRO / 90NB1021-M10W10";360 106 ₸;/p/asus-vivobook-15-15-6-16-gb-ssd-1000-gb-win-11-pro-x1504za-bq011pro-90nb1021-m10w10-119212647/?c=750000000
"Apple MacBook Pro 14 2024 14.2"" / 16 Гб / SSD 512 Гб / macOS / MW2U3";1 028 028 ₸;/p/apple-macbook-pro-14-2024-14-2-16-gb-ssd-512-gb-macos-mw2u3-137221010/?c=750000000
"Lenovo IdeaPad Slim 3 15.6"" / 16 Гб / SSD 1000 Гб / Win 11 Pro / 15IAH8 / 83ER002WRK";369 817 ₸;/p/lenovo-ideapad-slim-3-15-6-16-gb-ssd-1000-gb-win-11-pro-15iah8-83er002wrk-116139329/?c=750000000
"Acer NITRO V 15.6"" / 32 Гб / SSD 1000 Гб / Win 11 Pro / NH.QZ7ER.003W";648 134 ₸;/p/acer-nitro-v-15-6-32-gb-ssd-1000-gb-win-11-pro-nh-qz7er-003w-157717329/?c=750000000
"Industria NT505 15.6"" / 8 Гб / SSD 256 Гб / Win 11 / INDNT505";175 900 ₸;/p/industria-nt505-15-6-8-gb-ssd-256-gb-win-11-indnt505-164622407/?c=750000000
"Great Asia E140 14"" / 6 Гб / SSD 128 Гб / Win 11 / TK-E140";89 898 ₸;/p/great-asia-e140-14-6-gb-ssd-128-gb-win-11-tk-e140-119618112/?c=750000000
"ASUS TUF Gaming F16 16"" / 16 Гб / SSD 512 Гб / Без ОС / FX607VJ-RL013";449 900 ₸;/p/asus-tuf-gaming-f16-16-16-gb-ssd-512-gb-bez-os-fx607vj-rl013-142514761/?c=750000000
Apple MacBook Air 13 2025 / 16 Гб / SSD 512 Гб / macOS / MW103RU/A;714 800 ₸;/p/apple-macbook-air-13-2025-16-gb-ssd-512-gb-macos-mw103ru-a-138152932/?c=750000000
"ASUS TUF Gaming A15 FA507NUR-LP127 15.6"" / 16 Гб / SSD 512 Гб / Без ОС / 90NR0JP5-M007S0";539 894 ₸;/p/asus-tuf-gaming-a15-fa507nur-lp127-15-6-16-gb-ssd-512-gb-bez-os-90nr0jp5-m007s0-133912996/?c=750000000
"Huawei MateBook D16 16.1"" / 8 Гб / SSD 512 Гб / Win 11 / MitchellG-W5851";339 985 ₸;/p/huawei-matebook-d16-16-1-8-gb-ssd-512-gb-win-11-mitchellg-w5851-133163399/?c=750000000
"Acer Aspire 3 15.6"" / 16 Гб / SSD 1000 Гб / Win 11 Pro / A315 / NX.KSJER.0WW";379 004 ₸;/p/acer-aspire-3-15-6-16-gb-ssd-1000-gb-win-11-pro-a315-nx-ksjer-0ww-117589742/?c=750000000
"HYDRA SMART Book 15.6"" / 16 Гб / SSD 512 Гб / Win 11 / H22";200 000 ₸;/p/hydra-smart-book-15-6-16-gb-ssd-512-gb-win-11-h22-121317497/?c=750000000
"LYNO 7Q40 14"" / 16 Гб / SSD 512 Гб / Win 11 Pro / 7Q40HL140S";289 900 ₸;/p/lyno-7q40-14-16-gb-ssd-512-gb-win-11-pro-7q40hl140s-153605904/?c=750000000
"Acer Nitro V 15 15.6"" / 16 Гб / SSD 512 Гб / Win 11 Pro / ANV15-51 / NH.QNCER.004";479 992 ₸;/p/acer-nitro-v-15-15-6-16-gb-ssd-512-gb-win-11-pro-anv15-51-nh-qncer-004-120583501/?c=750000000
"Refresh NT156 15.6"" / 16 Гб / SSD 512 Гб / Win 11 Pro / NT156";160 000 ₸;/p/refresh-nt156-15-6-16-gb-ssd-512-gb-win-11-pro-nt156-164826492/?c=750000000
"Lenovo IdeaPad 1 15AMN7 15.6"" / 16 Гб / SSD 512 Гб / Win 11 / 82VG00UTRK";299 799 ₸;/p/lenovo-ideapad-1-15amn7-15-6-16-gb-ssd-512-gb-win-11-82vg00utrk-135441268/?c=750000000
"Lenovo IdeaPad 3 15.6"" / 8 Гб / SSD 256 Гб / DOS / 15IGL05 / 81WQ005BRK";184 903 ₸;/p/lenovo-ideapad-3-15-6-8-gb-ssd-256-gb-dos-15igl05-81wq005brk-101570398/?c=750000000
"ASUS TUF Gaming A16 FA607NUG-WH73W 16"" / 16 Гб / SSD 512 Гб / Win 11 Pro / 90NR0MU3-M01AT0";539 059 ₸;/p/asus-tuf-gaming-a16-fa607nug-wh73w-16-16-gb-ssd-512-gb-win-11-pro-90nr0mu3-m01at0-148703815/?c=750000000
"ASUS TUF Gaming A16 FA607NUG-WH73E 16"" / 16 Гб / SSD 1000 Гб / Win 11 Pro / 90NR0MU3-M02AT0";578 496 ₸;/p/asus-tuf-gaming-a16-fa607nug-wh73e-16-16-gb-ssd-1000-gb-win-11-pro-90nr0mu3-m02at0-148573395/?c=750000000
"Acer Nitro V 15 15.6"" / 16 Гб / SSD 512 Гб / Win 11 Pro / ANV15-51 / NH.QNBER.03W";639 982 ₸;/p/acer-nitro-v-15-15-6-16-gb-ssd-512-gb-win-11-pro-anv15-51-nh-qnber-03w-120519364/?c=750000000
"Huawei MateBook D 16 MCLG-X 16"" / 16 Гб / SSD 1024 Гб / Без ОС / 53014BUY";349 990 ₸;/p/huawei-matebook-d-16-mclg-x-16-16-gb-ssd-1024-gb-bez-os-53014buy-144675013/?c=750000000
"Acer Aspire Go AG15-42P 15.6"" / 16 Гб / SSD 512 Гб / Без ОС / NX.J7XER.003";333 383 ₸;/p/acer-aspire-go-ag15-42p-15-6-16-gb-ssd-512-gb-bez-os-nx-j7xer-003-148703888/?c=750000000
"Chuwi Corebook 14.1"" / 8 Гб / SSD 256 Гб / Win 11 Home / CWI575";159 990 ₸;/p/chuwi-corebook-14-1-8-gb-ssd-256-gb-win-11-home-cwi575-149650264/?c=750000000
"Huawei MateBook D 16 16"" / 16 Гб / SSD 512 Гб / Без ОС / I5165SUN";299 990 ₸;/p/huawei-matebook-d-16-16-16-gb-ssd-512-gb-bez-os-i5165sun-140978513/?c=750000000
"Lenovo IdeaPad Slim 3 15.3"" / 16 Гб / SSD 512 Гб / Win 11 / 83K10030RK";389 900 ₸;/p/lenovo-ideapad-slim-3-15-3-16-gb-ssd-512-gb-win-11-83k10030rk-134051837/?c=750000000
Apple MacBook Air 13 2025 / 16 Гб / SSD 512 Гб / macOS / MC6U4RU/A;629 990 ₸;/p/apple-macbook-air-13-2025-16-gb-ssd-512-gb-macos-mc6u4ru-a-138171570/?c=750000000
"ASUS E1504FA-BQ1208W 15.6"" / 8 Гб / SSD 512 Гб / Win 11 Home / 90NB0ZR1-M024L0";249 989 ₸;/p/asus-e1504fa-bq1208w-15-6-8-gb-ssd-512-gb-win-11-home-90nb0zr1-m024l0-121303450/?c=750000000
"YAMI Notebook N11 15.6"" / 16 Гб / SSD 256 Гб / Win 11 Pro / 2000000013305 + подарок";185 990 ₸;/p/yami-notebook-n11-15-6-16-gb-ssd-256-gb-win-11-pro-2000000013305-podarok-144583500/?c=750000000
"YERVIEW Y74 15.6"" / 16 Гб / SSD 512 Гб / Win 11 Pro / EE88A723";320 000 ₸;/p/yerview-y74-15-6-16-gb-ssd-512-gb-win-11-pro-ee88a723-143150903/?c=750000000
"Lenovo LOQ 15ARP10E 15.6"" / 16 Гб / SSD 512 Гб / DOS / 83S0000ARK";399 990 ₸;/p/lenovo-loq-15arp10e-15-6-16-gb-ssd-512-gb-dos-83s0000ark-156708079/?c=750000000
"YEPO PrimeBook 15 15.6"" / 16 Гб / SSD 512 Гб / Win 11 Pro / PrimeBook 15";259 990 ₸;/p/yepo-primebook-15-15-6-16-gb-ssd-512-gb-win-11-pro-primebook-15-164706498/?c=750000000
"YAMI Notebook N12 15.6"" / 16 Гб / SSD 512 Гб / Win 11 Pro / Notebook N12";189 990 ₸;/p/yami-notebook-n12-15-6-16-gb-ssd-512-gb-win-11-pro-notebook-n12-140747515/?c=750000000
"ROX BUSINESS 15.6"" / 16 Гб / SSD 500 Гб / Win 11 Pro / М7";199 900 ₸;/p/rox-business-15-6-16-gb-ssd-500-gb-win-11-pro-m7-165089734/?c=750000000
"YEPO A95 15.6"" / 8 Гб / SSD 512 Гб / Win 11 / A95";188 090 ₸;/p/yepo-a95-15-6-8-gb-ssd-512-gb-win-11-a95-164706363/?c=750000000
"Huawei MateBook D 16 MCLG-X 16"" / 16 Гб / SSD 512 Гб / Без ОС / 53013YDL";299 990 ₸;/p/huawei-matebook-d-16-mclg-x-16-16-gb-ssd-512-gb-bez-os-53013ydl-144674970/?c=750000000
"Acer Nitro V 15 15.6"" / 16 Гб / SSD 512 Гб / Win 11 Pro / NH.QNDER.002W";447 371 ₸;/p/acer-nitro-v-15-15-6-16-gb-ssd-512-gb-win-11-pro-nh-qnder-002w-141593626/?c=750000000
"Apple MacBook Pro 14.2"" / 16 Гб / SSD 512 Гб / macOS / MDE44";899 994 ₸;/p/apple-macbook-pro-14-2-16-gb-ssd-512-gb-macos-mde44-149877647/?c=750000000
"Lenovo IdeaPad 1i 83B40008US 15.6"" / 16 Гб / SSD 256 Гб / Win 11 / 199271336823";267 990 ₸;/p/lenovo-ideapad-1i-83b40008us-15-6-16-gb-ssd-256-gb-win-11-199271336823-155279223/?c=750000000
"Acer Nitro V 15 15.6"" / 16 Гб / SSD 512 Гб / Без ОС / NH.QSHER.004";469 989 ₸;/p/acer-nitro-v-15-15-6-16-gb-ssd-512-gb-bez-os-nh-qsher-004-136243964/?c=750000000
"ASUS FX707VJB-HX099 17.3"" / 16 Гб / SSD 512 Гб / DOS / 90NR0MY5-M003P0";439 990 ₸;/p/asus-fx707vjb-hx099-17-3-16-gb-ssd-512-gb-dos-90nr0my5-m003p0-154661198/?c=750000000
"Lenovo IdeaPad Slim 3 16IRH10 16"" / 16 Гб / SSD 512 Гб / Без ОС / 83K2000WRK";289 990 ₸;/p/lenovo-ideapad-slim-3-16irh10-16-16-gb-ssd-512-gb-bez-os-83k2000wrk-146837995/?c=750000000
"Acer Nitro V 15 ANV15-52-56YF 15.6"" / 16 Гб / SSD 512 Гб / Без ОС / NH.QZ8ER.001";638 890 ₸;/p/acer-nitro-v-15-anv15-52-56yf-15-6-16-gb-ssd-512-gb-bez-os-nh-qz8er-001-149605617/?c=750000000
"YAMI Notebook HX14 + подарок 14.1"" / 12 Гб / SSD 256 Гб / Win 10 / HX14";126 990 ₸;/p/yami-notebook-hx14-podarok-14-1-12-gb-ssd-256-gb-win-10-hx14-150645234/?c=750000000
"Acer Aspire 3 15.6"" / 8 Гб / SSD 256 Гб / Win 11 / A315-35 / NX.A9AEX.00H";213 264 ₸;/p/acer-aspire-3-15-6-8-gb-ssd-256-gb-win-11-a315-35-nx-a9aex-00h-114792265/?c=750000000
"ASUS TUF Gaming F16 16"" / 16 Гб / SSD 512 Гб / Без ОС / 90NR0N06-M002U0";484 990 ₸;/p/asus-tuf-gaming-f16-16-16-gb-ssd-512-gb-bez-os-90nr0n06-m002u0-145130514/?c=750000000
"IdeaPad 1 15IJL7 15.6"" / 8 Гб / SSD 512 Гб / Win 11 Home / 0198155534659";217 913 ₸;/p/ideapad-1-15ijl7-15-6-8-gb-ssd-512-gb-win-11-home-0198155534659-136185170/?c=750000000
"Apple MacBook Air 13.6"" / 16 Гб / SSD 512 Гб / macOS / MDHE4RU/A";693 331 ₸;/p/apple-macbook-air-13-6-16-gb-ssd-512-gb-macos-mdhe4ru-a-161466738/?c=750000000
"Lenovo 15AMN7 15.6"" / 8 Гб / SSD 512 Гб / Win 11 Home / 82VG00UVRK";227 999 ₸;/p/lenovo-15amn7-15-6-8-gb-ssd-512-gb-win-11-home-82vg00uvrk-133483490/?c=750000000
"YAMI Notebook N12 15.6"" / 16 Гб / SSD 512 Гб / Win 11 Pro / Notebook N12";199 990 ₸;/p/yami-notebook-n12-15-6-16-gb-ssd-512-gb-win-11-pro-notebook-n12-146357340/?c=750000000
"ASUS VivoBook S16 S3607VA-RP096 16"" / 16 Гб / SSD 512 Гб / Без ОС / 90NB1671-M007N0";399 888 ₸;/p/asus-vivobook-s16-s3607va-rp096-16-16-gb-ssd-512-gb-bez-os-90nb1671-m007n0-143981697/?c=750000000
"Apple MacBook Pro 16 2024 16.2"" / 48 Гб / SSD 512 Гб / macOS / MX2Y3";1 848 264 ₸;/p/apple-macbook-pro-16-2024-16-2-48-gb-ssd-512-gb-macos-mx2y3-137241819/?c=750000000
"ASUS Vivobook 15 15.6"" / 16 Гб / SSD 512 Гб / Win 11 Pro / X1504VA-BQ287W / 90NB10J2-M00BW0";307 889 ₸;/p/asus-vivobook-15-15-6-16-gb-ssd-512-gb-win-11-pro-x1504va-bq287w-90nb10j2-m00bw0-116222892/?c=750000000
"ASUS TUF Gaming A15 15.6"" / 16 Гб / SSD 512 Гб / Win 11 Pro / FA506NFR-HN004W / 90NR0JU7-M0W6T0";440 559 ₸;/p/asus-tuf-gaming-a15-15-6-16-gb-ssd-512-gb-win-11-pro-fa506nfr-hn004w-90nr0ju7-m0w6t0-131728555/?c=750000000
"Apple MacBook Pro 14 2024 14.2"" / 24 Гб / SSD 1024 Гб / macOS / MX2J3";1 366 049 ₸;/p/apple-macbook-pro-14-2024-14-2-24-gb-ssd-1024-gb-macos-mx2j3-132140673/?c=750000000
"Lenovo LOQ 15ARP10E 15.6"" / 16 Гб / SSD 512 Гб / Без ОС / 83S00009RK";479 811 ₸;/p/lenovo-loq-15arp10e-15-6-16-gb-ssd-512-gb-bez-os-83s00009rk-154678915/?c=750000000
"ASUS Vivobook S16 S3607VA-RP133W 16"" / 16 Гб / SSD 512 Гб / Win 11 Home / 90NB1672-M009F0";353 000 ₸;/p/asus-vivobook-s16-s3607va-rp133w-16-16-gb-ssd-512-gb-win-11-home-90nb1672-m009f0-149475502/?c=750000000
"Lenovo IdeaPad Slim 3 15.6"" / 8 Гб / SSD 512 Гб / DOS / 15AMN8 / 82XQ007MRK";224 738 ₸;/p/lenovo-ideapad-slim-3-15-6-8-gb-ssd-512-gb-dos-15amn8-82xq007mrk-113552212/?c=750000000
"Lenovo IdeaPad Slim 3 15IAH8 15.6"" / 8 Гб / SSD 512 Гб / Win 11 Home / 83ER00DJRK";284 000 ₸;/p/lenovo-ideapad-slim-3-15iah8-15-6-8-gb-ssd-512-gb-win-11-home-83er00djrk-121868979/?c=750000000
"Acer Nitro V15 ANV15-52 15.6"" / 16 Гб / SSD 512 Гб / Без ОС / NH.QZ7ER.001";518 558 ₸;/p/acer-nitro-v15-anv15-52-15-6-16-gb-ssd-512-gb-bez-os-nh-qz7er-001-149357405/?c=750000000
Apple MacBook Air 15 2025 / 16 Гб / SSD 256 Гб / macOS / MW1G3;644 746 ₸;/p/apple-macbook-air-15-2025-16-gb-ssd-256-gb-macos-mw1g3-141775864/?c=750000000
"Dream Machines 15.6"" / 6 Гб / SSD 1000 Гб / DOS / RG3050Ti-17KZ21";999 999 ₸;/p/dream-machines-15-6-6-gb-ssd-1000-gb-dos-rg3050ti-17kz21-103595210/?c=750000000
"Acer Nitro V 15 ANV15-52-57BB 15.6"" / 16 Гб / SSD 512 Гб / Win 11 Home / NH.U1PAA.004";529 375 ₸;/p/acer-nitro-v-15-anv15-52-57bb-15-6-16-gb-ssd-512-gb-win-11-home-nh-u1paa-004-154251821/?c=750000000
"ASUS Vivobook X1504VA-BQ2277W 15.6"" / 16 Гб / SSD 512 Гб / Win 11 Pro / 90NB10J2-MQ2UX0";319 768 ₸;/p/asus-vivobook-x1504va-bq2277w-15-6-16-gb-ssd-512-gb-win-11-pro-90nb10j2-mq2ux0-141293573/?c=750000000
"YAMI Notebook N12 + X100 15.6"" / 16 Гб / SSD 512 Гб / Win 11 Pro / 2000000013305 + подарок";195 990 ₸;/p/yami-notebook-n12-x100-15-6-16-gb-ssd-512-gb-win-11-pro-2000000013305-podarok-140903451/?c=750000000
"HP Victus Gaming 15.6"" / 16 Гб / SSD 512 Гб / Без ОС / CW2U7EA";519 990 ₸;/p/hp-victus-gaming-15-6-16-gb-ssd-512-gb-bez-os-cw2u7ea-152135357/?c=750000000
"Lenovo IdeaPad Slim 3 15.6"" / 8 Гб / SSD 512 Гб / Без ОС / 82XQ00JQRK";239 495 ₸;/p/lenovo-ideapad-slim-3-15-6-8-gb-ssd-512-gb-bez-os-82xq00jqrk-149102545/?c=750000000
"FYRIA F7 15.6"" / 16 Гб / SSD 512 Гб / Win 11 Pro / F7";229 900 ₸;/p/fyria-f7-15-6-16-gb-ssd-512-gb-win-11-pro-f7-166355961/?c=750000000
"Acer Nitro V 15 15.6"" / 16 Гб / SSD 512 Гб / Без ОС / ANV15-51 / NH.QNCER.002";478 717 ₸;/p/acer-nitro-v-15-15-6-16-gb-ssd-512-gb-bez-os-anv15-51-nh-qncer-002-116324373/?c=750000000
"ASUS VivoBook 15 15.6"" / 16 Гб / SSD 512 Гб / Win 11 / 90NB0X21-M01DP0";349 000 ₸;/p/asus-vivobook-15-15-6-16-gb-ssd-512-gb-win-11-90nb0x21-m01dp0-147546140/?c=750000000
"MECHREVO Kuangshi X 16"" / 16 Гб / SSD 1024 Гб / Win 11 / 5000025467";719 915 ₸;/p/mechrevo-kuangshi-x-16-16-gb-ssd-1024-gb-win-11-5000025467-141593824/?c=750000000
"Acer Nitro Lite 16"" / 16 Гб / SSD 512 Гб / Без ОС / NH.DAEER.001";435 987 ₸;/p/acer-nitro-lite-16-16-gb-ssd-512-gb-bez-os-nh-daeer-001-152798319/?c=750000000
"Lenovo LOQ 15IRX9 15.6"" / 16 Гб / SSD 512 Гб / Без ОС / 83DV01CHRK";439 900 ₸;/p/lenovo-loq-15irx9-15-6-16-gb-ssd-512-gb-bez-os-83dv01chrk-154678473/?c=750000000
"ASUS Vivobook Go 15 E1504GA-BQ953 15.6"" / 8 Гб / SSD 512 Гб / Без ОС / 90NB0ZT1-M024X0";236 989 ₸;/p/asus-vivobook-go-15-e1504ga-bq953-15-6-8-gb-ssd-512-gb-bez-os-90nb0zt1-m024x0-144233378/?c=750000000
"YAMI Notebook HX15 15.6"" / 12 Гб / SSD 512 Гб / Win 10 / Notebook HX15";160 990 ₸;/p/yami-notebook-hx15-15-6-12-gb-ssd-512-gb-win-10-notebook-hx15-150259855/?c=750000000
"Lenovo LOQ 15AHP10 15.6"" / 16 Гб / SSD 512 Гб / Win 11 / 83JG000JUS";548 985 ₸;/p/lenovo-loq-15ahp10-15-6-16-gb-ssd-512-gb-win-11-83jg000jus-157237784/?c=750000000
"Apple MacBook Air 13.6"" / 16 Гб / SSD 512 Гб / macOS / MDH74RU/A";698 711 ₸;/p/apple-macbook-air-13-6-16-gb-ssd-512-gb-macos-mdh74ru-a-161466376/?c=750000000
"Apple MacBook Air 13.6"" / 16 Гб / SSD 512 Гб / macOS / MDHH4RU/A";690 994 ₸;/p/apple-macbook-air-13-6-16-gb-ssd-512-gb-macos-mdhh4ru-a-161466852/?c=750000000
"ThundeRobot 911 R15 15.6"" / 16 Гб / SSD 1000 Гб / Win 11 / JB0BND00000JMQ1CD0LQ";799 989 ₸;/p/thunderobot-911-r15-15-6-16-gb-ssd-1000-gb-win-11-jb0bnd00000jmq1cd0lq-131582863/?c=750000000
"Acer Aspire Go 15.6"" / 8 Гб / SSD 512 Гб / Win 11 Pro / AG15-31P / NX.KX5ER.003";249 000 ₸;/p/acer-aspire-go-15-6-8-gb-ssd-512-gb-win-11-pro-ag15-31p-nx-kx5er-003-128819556/?c=750000000
"Apple MacBook Neo 13"" / 8 Гб / SSD 256 Гб / macOS / MHFF4";362 174 ₸;/p/apple-macbook-neo-13-8-gb-ssd-256-gb-macos-mhff4-163362996/?c=750000000
"Acer Aspire Lite 14"" / 8 Гб / SSD 1000 Гб / Win 11 Pro / AL14-31P / NX.KS9ER.02W";286 901 ₸;/p/acer-aspire-lite-14-8-gb-ssd-1000-gb-win-11-pro-al14-31p-nx-ks9er-02w-118126094/?c=750000000
Apple MacBook Air 15 2025 / 16 Гб / SSD 256 Гб / macOS / MW1J3RU/A;629 990 ₸;/p/apple-macbook-air-15-2025-16-gb-ssd-256-gb-macos-mw1j3ru-a-138171722/?c=750000000
"GetMi Pro160E 15.6"" / 16 Гб / SSD 512 Гб / Win 11 Pro / Pro 160E";199 990 ₸;/p/getmi-pro160e-15-6-16-gb-ssd-512-gb-win-11-pro-pro-160e-153427626/?c=750000000
"ASUS TUF Gaming F16 16"" / 16 Гб / M.2 512 Гб / DOS / FX607VJB-RL205";459 897 ₸;/p/asus-tuf-gaming-f16-16-16-gb-m-2-512-gb-dos-fx607vjb-rl205-155736550/?c=750000000
"Lenovo 15IRU8 15.6"" / 8 Гб / SSD 512 Гб / Win 11 / 82X700AURK";229 900 ₸;/p/lenovo-15iru8-15-6-8-gb-ssd-512-gb-win-11-82x700aurk-122529685/?c=750000000
Apple MacBook Air 13 2025 / 16 Гб / SSD 512 Гб / macOS / MW133RU/A;629 384 ₸;/p/apple-macbook-air-13-2025-16-gb-ssd-512-gb-macos-mw133ru-a-138171372/?c=750000000
"FIREBAT U6B 16"" / 16 Гб / SSD 512 Гб / Win 11 / IG2A16Q8";358 868 ₸;/p/firebat-u6b-16-16-gb-ssd-512-gb-win-11-ig2a16q8-155748299/?c=750000000
"Lenovo Legion Pro 5 16"" / 16 Гб / SSD 1000 Гб / Без ОС / 83LT0005RK";847 000 ₸;/p/lenovo-legion-pro-5-16-16-gb-ssd-1000-gb-bez-os-83lt0005rk-145169184/?c=750000000
Apple MacBook Air 13 2025 / 24 Гб / SSD 512 Гб / macOS / MC6V4RU/A;882 197 ₸;/p/apple-macbook-air-13-2025-24-gb-ssd-512-gb-macos-mc6v4ru-a-138171171/?c=750000000
"Huawei Huawei MateBook D16 16"" / 16 Гб / SSD 512 Гб / DOS / MitchellG-W5651/DOS Mystic Silver";299 990 ₸;/p/huawei-huawei-matebook-d16-16-16-gb-ssd-512-gb-dos-mitchellg-w5651-dos-mystic-silver-157597420/?c=750000000
"Acer Nitro V16 NL16-71G 16"" / 8 Гб / SSD 512 Гб / Без ОС / NH.DABER.001";419 000 ₸;/p/acer-nitro-v16-nl16-71g-16-8-gb-ssd-512-gb-bez-os-nh-daber-001-150925077/?c=750000000
"ASUS TUF Gaming F16 FX607VJB-RL103 16"" / 16 Гб / SSD 512 Гб / Без ОС / 90NR0MZ6-M005K0";409 990 ₸;/p/asus-tuf-gaming-f16-fx607vjb-rl103-16-16-gb-ssd-512-gb-bez-os-90nr0mz6-m005k0-150962873/?c=750000000
"ASUS TUF Gaming 15.6"" / 16 Гб / SSD 1000 Гб / Win 11 Pro / FA506NCR-HN041HW / 90NR0JV7-M002WQ";484 626 ₸;/p/asus-tuf-gaming-15-6-16-gb-ssd-1000-gb-win-11-pro-fa506ncr-hn041hw-90nr0jv7-m002wq-129550673/?c=750000000
"YAMI Notebook HX16 + Real2 black 14.1"" / 8 Гб / SSD 256 Гб / Win 11 / Notebook HX16";124 990 ₸;/p/yami-notebook-hx16-real2-black-14-1-8-gb-ssd-256-gb-win-11-notebook-hx16-151255971/?c=750000000
"HP 15-fd0118qi 15.6"" / 16 Гб / SSD 512 Гб / Win 11 Pro / A2LR21EA#UQQ";294 201 ₸;/p/hp-15-fd0118qi-15-6-16-gb-ssd-512-gb-win-11-pro-a2lr21ea-uqq-141286877/?c=750000000
"ASUS TUF Gaming F16 FX607VU-RL059 16"" / 16 Гб / SSD 512 Гб / Без ОС / 90NR0N06-M002R0";519 990 ₸;/p/asus-tuf-gaming-f16-fx607vu-rl059-16-16-gb-ssd-512-gb-bez-os-90nr0n06-m002r0-139477540/?c=750000000
"YAMI Notebook HX17 + Real2 black 14.1"" / 6 Гб / SSD 128 Гб / Win 11 / Notebook HX17";108 990 ₸;/p/yami-notebook-hx17-real2-black-14-1-6-gb-ssd-128-gb-win-11-notebook-hx17-151169637/?c=750000000
"HP 15-fc0079ci 15.6"" / 8 Гб / SSD 512 Гб / Без ОС / B4NC9EA";229 581 ₸;/p/hp-15-fc0079ci-15-6-8-gb-ssd-512-gb-bez-os-b4nc9ea-131264436/?c=750000000
"ASUS VivoBook S16 16"" / 16 Гб / SSD 512 Гб / Без ОС / 90nb1671-m007r0";359 990 ₸;/p/asus-vivobook-s16-16-16-gb-ssd-512-gb-bez-os-90nb1671-m007r0-152135412/?c=750000000
"HP 15-fd0197ci 15.6"" / 8 Гб / SSD 512 Гб / Win 11 Home / AE0K2EA";259 999 ₸;/p/hp-15-fd0197ci-15-6-8-gb-ssd-512-gb-win-11-home-ae0k2ea-130249570/?c=750000000
"ZFR TK-E142 14"" / 8 Гб / SSD 256 Гб / Win 10 Pro / TK-E142-04408";155 000 ₸;/p/zfr-tk-e142-14-8-gb-ssd-256-gb-win-10-pro-tk-e142-04408-132243523/?c=750000000
"ASUS Vivobook 15 X1504ZA-BQ944W 15.6"" / 8 Гб / SSD 512 Гб / Win 11 / 90NB1021-M01ZF0";274 968 ₸;/p/asus-vivobook-15-x1504za-bq944w-15-6-8-gb-ssd-512-gb-win-11-90nb1021-m01zf0-121816318/?c=750000000
"Acer Aspire 5 15.6"" / 16 Гб / SSD 512 Гб / DOS / A515-57G-53XL / NX.KMHER.002";479 990 ₸;/p/acer-aspire-5-15-6-16-gb-ssd-512-gb-dos-a515-57g-53xl-nx-kmher-002-116327232/?c=750000000
"ASUS Vivobook 15 15.6"" / 8 Гб / SSD 512 Гб / DOS / X1504ZA / 90NB1022-M01T60";239 900 ₸;/p/asus-vivobook-15-15-6-8-gb-ssd-512-gb-dos-x1504za-90nb1022-m01t60-120392298/?c=750000000
"Apple MacBook Pro 16 2024 16.2"" / 48 Гб / SSD 512 Гб / macOS / MX2Y3RU/A";1 899 900 ₸;/p/apple-macbook-pro-16-2024-16-2-48-gb-ssd-512-gb-macos-mx2y3ru-a-132141367/?c=750000000
"Apple MacBook Pro 14.2"" / 16 Гб / SSD 512 Гб / macOS / MDE04";924 827 ₸;/p/apple-macbook-pro-14-2-16-gb-ssd-512-gb-macos-mde04-149877268/?c=750000000
"Acer Nitro V 15 15.6"" / 16 Гб / SSD 1000 Гб / Win 11 Pro / ANV15-51 / NH.QNCER.005";542 893 ₸;/p/acer-nitro-v-15-15-6-16-gb-ssd-1000-gb-win-11-pro-anv15-51-nh-qncer-005-120583505/?c=750000000
"Acer NX.J5SER.01W 16"" / 16 Гб / SSD 512 Гб / Win 11 Pro / AL16-52P";318 000 ₸;/p/acer-nx-j5ser-01w-16-16-gb-ssd-512-gb-win-11-pro-al16-52p-134587837/?c=750000000
"Lenovo IdeaPad 3 15.6"" / 16 Гб / SSD 1000 Гб / Win 11 Pro / 15IAU7 / 82KD0016RK";357 203 ₸;/p/lenovo-ideapad-3-15-6-16-gb-ssd-1000-gb-win-11-pro-15iau7-82kd0016rk-119274831/?c=750000000
"Apple MacBook Air 13 2024 13.6"" / 8 Гб / SSD 256 Гб / macOS / MRXV3";635 000 ₸;/p/apple-macbook-air-13-2024-13-6-8-gb-ssd-256-gb-macos-mrxv3-118189620/?c=750000000
"HP 15-fc0056ci 15.6"" / 8 Гб / SSD 512 Гб / Win 11 / B49DSEA";237 616 ₸;/p/hp-15-fc0056ci-15-6-8-gb-ssd-512-gb-win-11-b49dsea-131142189/?c=750000000
"Tohom E142 14"" / 8 Гб / SSD 256 Гб / Win 10 / TH1699";140 390 ₸;/p/tohom-e142-14-8-gb-ssd-256-gb-win-10-th1699-122527876/?c=750000000
"Apple MacBook Pro 14 2024 14.2"" / 24 Гб / SSD 1024 Гб / macOS / MCX04";1 200 571 ₸;/p/apple-macbook-pro-14-2024-14-2-24-gb-ssd-1024-gb-macos-mcx04-137287910/?c=750000000
Apple MacBook Air 15 2025 / 16 Гб / SSD 256 Гб / macOS / MW1J3;621 130 ₸;/p/apple-macbook-air-15-2025-16-gb-ssd-256-gb-macos-mw1j3-139195756/?c=750000000
"ASUS Vivobook S16 16"" / 16 Гб / SSD 512 Гб / Без ОС / 90NB1672-M009K0";359 000 ₸;/p/asus-vivobook-s16-16-16-gb-ssd-512-gb-bez-os-90nb1672-m009k0-148368328/?c=750000000
"Industria NJ405 15.6"" / 8 Гб / SSD 512 Гб / Win 10 / INDNJ4125";149 900 ₸;/p/industria-nj405-15-6-8-gb-ssd-512-gb-win-10-indnj4125-164622527/?c=750000000
"Apple MacBook Neo 13"" / 8 Гб / SSD 256 Гб / macOS / MHFH4";374 188 ₸;/p/apple-macbook-neo-13-8-gb-ssd-256-gb-macos-mhfh4-163363062/?c=750000000
"Apple MacBook Pro 14.2 14.2"" / 16 Гб / SSD 512 Гб / macOS / MDE04RU/A";955 686 ₸;/p/apple-macbook-pro-14-2-14-2-16-gb-ssd-512-gb-macos-mde04ru-a-149007632/?c=750000000
"Apple MacBook Pro 14.2"" / 24 Гб / SSD 1024 Гб / macOS / MGDR4RU/A";1 505 154 ₸;/p/apple-macbook-pro-14-2-24-gb-ssd-1024-gb-macos-mgdr4ru-a-161471165/?c=750000000
"Razor NT147 15.6"" / 16 Гб / SSD 512 Гб / Win 11 / NT147";160 000 ₸;/p/razor-nt147-15-6-16-gb-ssd-512-gb-win-11-nt147-166962226/?c=750000000
"Apple MacBook Air 2026 M5 13.6"" / 16 Гб / SSD 512 Гб / macOS / MDHH4";640 000 ₸;/p/apple-macbook-air-2026-m5-13-6-16-gb-ssd-512-gb-macos-mdhh4-164283051/?c=750000000
"Teclast F17 Pro 17.3"" / 16 Гб / SSD 512 Гб / Win 11 Pro / 2939457577";199 990 ₸;/p/teclast-f17-pro-17-3-16-gb-ssd-512-gb-win-11-pro-2939457577-148408405/?c=750000000
"ZENKO NT1561 15.6"" / 8 Гб / SSD 256 Гб / Win 11 / NT1561";169 900 ₸;/p/zenko-nt1561-15-6-8-gb-ssd-256-gb-win-11-nt1561-163601436/?c=750000000
"Apple MacBook Pro 14 2024 14.2"" / 24 Гб / SSD 512 Гб / macOS / MX2E3RU/A";1 237 816 ₸;/p/apple-macbook-pro-14-2024-14-2-24-gb-ssd-512-gb-macos-mx2e3ru-a-132140922/?c=750000000
"ThundeRobot Zero Ultra XT R15 15.6"" / 32 Гб / SSD 1000 Гб / Win 11 Pro /";989 991 ₸;/p/thunderobot-zero-ultra-xt-r15-15-6-32-gb-ssd-1000-gb-win-11-pro--117753657/?c=750000000
"Lenovo LOQ 15ARP9 15.6"" / 24 Гб / SSD 512 Гб / Без ОС / 83JC005FRK";499 900 ₸;/p/lenovo-loq-15arp9-15-6-24-gb-ssd-512-gb-bez-os-83jc005frk-133203407/?c=750000000
"ASUS Vivobook 15 15.6"" / 40 Гб / SSD 1000 Гб / Win 11 Pro / X1504ZA-BQ1105PRO / 90NB1022-MPR1M0";471 998 ₸;/p/asus-vivobook-15-15-6-40-gb-ssd-1000-gb-win-11-pro-x1504za-bq1105pro-90nb1022-mpr1m0-118395066/?c=750000000
"Lenovo Legion 5 16IAX10 16"" / 32 Гб / SSD 2000 Гб / Win 11 Home / 83NX0000US";1 033 888 ₸;/p/lenovo-legion-5-16iax10-16-32-gb-ssd-2000-gb-win-11-home-83nx0000us-154467805/?c=750000000
"ASUS VivoBook 15 15.6"" / 8 Гб / SSD 512 Гб / Win 11 / X1504ZA-BQ1630W / 90NB1022-M02AD0";288 800 ₸;/p/asus-vivobook-15-15-6-8-gb-ssd-512-gb-win-11-x1504za-bq1630w-90nb1022-m02ad0-130288751/?c=750000000
"ThundeRobot Hunter Blade R16 16"" / 32 Гб / SSD 1000 Гб / Win 11 Pro / JBOBN800000J0QA511E7";860 989 ₸;/p/thunderobot-hunter-blade-r16-16-32-gb-ssd-1000-gb-win-11-pro-jbobn800000j0qa511e7-153955076/?c=750000000
"Acer Nitro V 15 15.6"" / 16 Гб / SSD 1000 Гб / Без ОС / NH.QZ7ER.003";589 990 ₸;/p/acer-nitro-v-15-15-6-16-gb-ssd-1000-gb-bez-os-nh-qz7er-003-149603524/?c=750000000
"ASUS TUF Gaming F16 FX608JHR-RV152 16"" / 16 Гб / SSD 1000 Гб / Без ОС / 90NR0NA1-M00840";689 900 ₸;/p/asus-tuf-gaming-f16-fx608jhr-rv152-16-16-gb-ssd-1000-gb-bez-os-90nr0na1-m00840-152256267/?c=750000000
"PWR FU51 15.6"" / 16 Гб / SSD 1024 Гб / Win 11 Pro / FU51-N95-16/1TB-GTX1060";280 799 ₸;/p/pwr-fu51-15-6-16-gb-ssd-1024-gb-win-11-pro-fu51-n95-16-1tb-gtx1060-146279369/?c=750000000
Apple MacBook Air 15 2025 / 24 Гб / SSD 512 Гб / macOS / MC6L4RU/A;941 110 ₸;/p/apple-macbook-air-15-2025-24-gb-ssd-512-gb-macos-mc6l4ru-a-138172922/?c=750000000
"YAMI Notebook HX17 14.1"" / 6 Гб / SSD 128 Гб / Win 11 / Notebook HX17";105 990 ₸;/p/yami-notebook-hx17-14-1-6-gb-ssd-128-gb-win-11-notebook-hx17-150259814/?c=750000000
"GetMi Lite 140 14"" / 6 Гб / SSD 128 Гб / Win 10 Pro / E140";85 900 ₸;/p/getmi-lite-140-14-6-gb-ssd-128-gb-win-10-pro-e140-153998594/?c=750000000
"Two Friends NS 15.6"" / 16 Гб / SSD 500 Гб / Win 11 Pro / NX15R";199 975 ₸;/p/two-friends-ns-15-6-16-gb-ssd-500-gb-win-11-pro-nx15r-158737132/?c=750000000
"ACERTON TK-159 15.6"" / 12 Гб / SSD 512 Гб / Win 11 Pro / TK-159";165 000 ₸;/p/acerton-tk-159-15-6-12-gb-ssd-512-gb-win-11-pro-tk-159-163418126/?c=750000000
"Apple MacBook Air 13.6"" / 16 Гб / SSD 512 Гб / macOS / MDHA4RU/A";678 385 ₸;/p/apple-macbook-air-13-6-16-gb-ssd-512-gb-macos-mdha4ru-a-161462782/?c=750000000
"Castom GS-E157D 15.6"" / 16 Гб / SSD 1000 Гб / Win 11 / 23266";249 900 ₸;/p/castom-gs-e157d-15-6-16-gb-ssd-1000-gb-win-11-23266-165886109/?c=750000000
"Lenovo IdeaPad Slim 3 16"" / 16 Гб / SSD 1000 Гб / Без ОС / 16IAH8 / 83ES002PRK";379 000 ₸;/p/lenovo-ideapad-slim-3-16-16-gb-ssd-1000-gb-bez-os-16iah8-83es002prk-119936069/?c=750000000
"ASUS Vivobook 15.6"" / 32 Гб / SSD 1000 Гб / Win 11 Pro / 90NB10T2 / X1504VA-BQ784F";529 793 ₸;/p/asus-vivobook-15-6-32-gb-ssd-1000-gb-win-11-pro-90nb10t2-x1504va-bq784f-136749292/?c=750000000
"ASUS TUF Gaming 15.6"" / 32 Гб / SSD 1000 Гб / Win 11 Pro / FA506NCR-HN041PW / 90NR0JV7-M0P2W0";598 260 ₸;/p/asus-tuf-gaming-15-6-32-gb-ssd-1000-gb-win-11-pro-fa506ncr-hn041pw-90nr0jv7-m0p2w0-129551350/?c=750000000
"ASUS Vivobook K3605VC-RP437 16"" / 16 Гб / SSD 512 Гб / Без ОС / 90NB11D1-M00KV0";439 990 ₸;/p/asus-vivobook-k3605vc-rp437-16-16-gb-ssd-512-gb-bez-os-90nb11d1-m00kv0-138133160/?c=750000000
Apple MacBook Air 13 2025 / 24 Гб / SSD 512 Гб / macOS / MC6A4RU/A;894 490 ₸;/p/apple-macbook-air-13-2025-24-gb-ssd-512-gb-macos-mc6a4ru-a-138171306/?c=750000000
Apple MacBook Air 15 2025 / 24 Гб / SSD 512 Гб / macOS / MC6L4;861 442 ₸;/p/apple-macbook-air-15-2025-24-gb-ssd-512-gb-macos-mc6l4-146344934/?c=750000000
"HP 15-fb2082xm 15.6"" / 32 Гб / SSD 1000 Гб / Win 11 / BQ5EQ13UA";569 886 ₸;/p/hp-15-fb2082xm-15-6-32-gb-ssd-1000-gb-win-11-bq5eq13ua-157710333/?c=750000000
"HP 15s-fq5070ci 15.6"" / 16 Гб / SSD 512 Гб / Win 11 / 7Z7E6EA#UUQ";287 218 ₸;/p/hp-15s-fq5070ci-15-6-16-gb-ssd-512-gb-win-11-7z7e6ea-uuq-121789314/?c=750000000
"Zentek S03 15.6"" / 16 Гб / SSD 512 Гб / Win 10 Pro / ZC156PN95000002307150982";174 250 ₸;/p/zentek-s03-15-6-16-gb-ssd-512-gb-win-10-pro-zc156pn95000002307150982-113995965/?c=750000000
"Lenovo LOQ 15IRX10 15.6"" / 16 Гб / SSD 512 Гб / Win 11 / 83JE002LUS";697 496 ₸;/p/lenovo-loq-15irx10-15-6-16-gb-ssd-512-gb-win-11-83je002lus-155742941/?c=750000000
"Lenovo V15 G2 IJL 15.6"" / 4 Гб / SSD 256 Гб / DOS / 82QY00PHAK";174 990 ₸;/p/lenovo-v15-g2-ijl-15-6-4-gb-ssd-256-gb-dos-82qy00phak-123779083/?c=750000000
"Huawei MateBook D16 16"" / 8 Гб / SSD 512 Гб / Win 11 Home / MitchellF-W5851";375 757 ₸;/p/huawei-matebook-d16-16-8-gb-ssd-512-gb-win-11-home-mitchellf-w5851-115943439/?c=750000000
"Apple MacBook Air 13 2024 13"" / 16 Гб / SSD 512 Гб / macOS / MXCV3";747 228 ₸;/p/apple-macbook-air-13-2024-13-16-gb-ssd-512-gb-macos-mxcv3-118276596/?c=750000000
"ASUS TUF Gaming A16 FA607NUG-WH73Y 16"" / 32 Гб / SSD 512 Гб / Win 11 Pro / 90NR0MU3-M05AT0";636 203 ₸;/p/asus-tuf-gaming-a16-fa607nug-wh73y-16-32-gb-ssd-512-gb-win-11-pro-90nr0mu3-m05at0-148573470/?c=750000000
"ASUS Vivobook Go 15 (E1504GA-BQ675W) 15.6"" / 8 Гб / SSD 256 Гб / Win 11 / 90NB0ZT1-M01620";237 238 ₸;/p/asus-vivobook-go-15-e1504ga-bq675w-15-6-8-gb-ssd-256-gb-win-11-90nb0zt1-m01620-134255712/?c=750000000
"ASUS TUF Gaming A15 15.6"" / 16 Гб / SSD 512 Гб / Без ОС / FA506NCR-HN057 / 90NR0JV7-M003X0";449 897 ₸;/p/asus-tuf-gaming-a15-15-6-16-gb-ssd-512-gb-bez-os-fa506ncr-hn057-90nr0jv7-m003x0-135243213/?c=750000000
"ASUS TUF Gaming F15 15.6"" / 32 Гб / SSD 1000 Гб / Win 11 Pro / FX507ZC4-HX145ZW / 90NR0GW1-M0ZBW0";649 879 ₸;/p/asus-tuf-gaming-f15-15-6-32-gb-ssd-1000-gb-win-11-pro-fx507zc4-hx145zw-90nr0gw1-m0zbw0-119190572/?c=750000000
"PWR Y68 16"" / 16 Гб / SSD 1000 Гб / Win 11 Pro / PWR-Y68-i9-16-1TB-RTX3050";438 720 ₸;/p/pwr-y68-16-16-gb-ssd-1000-gb-win-11-pro-pwr-y68-i9-16-1tb-rtx3050-160798021/?c=750000000
"Lenovo V15 G4 15.6"" / 16 Гб / SSD 512 Гб / Win 11 Pro / 83A1008WRU";348 999 ₸;/p/lenovo-v15-g4-15-6-16-gb-ssd-512-gb-win-11-pro-83a1008wru-121605973/?c=750000000
"Castom GS-TU45 15.6"" / 16 Гб / SSD 1000 Гб / Win 11 Pro / 153279753";329 000 ₸;/p/castom-gs-tu45-15-6-16-gb-ssd-1000-gb-win-11-pro-153279753-152430440/?c=750000000
"Apple MacBook Pro 14 2025 14.2"" / 24 Гб / SSD 1000 Гб / macOS / MDE34";1 110 000 ₸;/p/apple-macbook-pro-14-2025-14-2-24-gb-ssd-1000-gb-macos-mde34-153175665/?c=750000000
"Apple MacBook Pro 14.2 14.2"" / 16 Гб / SSD 512 Гб / macOS / MDE44RU/A";962 087 ₸;/p/apple-macbook-pro-14-2-14-2-16-gb-ssd-512-gb-macos-mde44ru-a-149007426/?c=750000000
"Acer Aspire Lite AL14-52M-599J 14"" / 8 Гб / SSD 512 Гб / Без ОС / NX.J9HER.001";279 990 ₸;/p/acer-aspire-lite-al14-52m-599j-14-8-gb-ssd-512-gb-bez-os-nx-j9her-001-132731418/?c=750000000
Apple MacBook Air 15 2025 / 16 Гб / SSD 256 Гб / macOS / MC7A4RU/A;699 890 ₸;/p/apple-macbook-air-15-2025-16-gb-ssd-256-gb-macos-mc7a4ru-a-138172627/?c=750000000
"ASUS Vivobook V16 16"" / 16 Гб / SSD 512 Гб / Без ОС / V3607VM-RP053 / 90NB16K1-M004C0";649 990 ₸;/p/asus-vivobook-v16-16-16-gb-ssd-512-gb-bez-os-v3607vm-rp053-90nb16k1-m004c0-142645409/?c=750000000
"ASUS TUF Gaming F16 FX608JMR-RV037H 16"" / 32 Гб / SSD 1000 Гб / Win 11 Pro / 90NR0NB1-M0H2S0";884 468 ₸;/p/asus-tuf-gaming-f16-fx608jmr-rv037h-16-32-gb-ssd-1000-gb-win-11-pro-90nr0nb1-m0h2s0-153661020/?c=750000000
"Oyan VIXIV 14.1"" / 16 Гб / SSD 512 Гб / Win 11 Home / OY-VI-H";275 000 ₸;/p/oyan-vixiv-14-1-16-gb-ssd-512-gb-win-11-home-oy-vi-h-138874022/?c=750000000
"HP HP Victus 15-fa2013dx 15.6"" / 8 Гб / SSD 512 Гб / Win 11 / B95WHUA#ABA";399 700 ₸;/p/hp-hp-victus-15-fa2013dx-15-6-8-gb-ssd-512-gb-win-11-b95whua-aba-156769875/?c=750000000
"Acer Gadget ERBook 15.6"" / 16 Гб / SSD 512 Гб / Win 11 / R5165SUW1";279 990 ₸;/p/acer-gadget-erbook-15-6-16-gb-ssd-512-gb-win-11-r5165suw1-159846780/?c=750000000
"Apple MacBook Neo 13"" / 8 Гб / SSD 256 Гб / macOS / MHFA4";354 906 ₸;/p/apple-macbook-neo-13-8-gb-ssd-256-gb-macos-mhfa4-163363084/?c=750000000
"Lenovo LOQ 15AHP10 15.6"" / 16 Гб / SSD 512 Гб / Без ОС / 83JG000VRK";599 787 ₸;/p/lenovo-loq-15ahp10-15-6-16-gb-ssd-512-gb-bez-os-83jg000vrk-144836104/?c=750000000
"Lenovo V15 G4 IRU 15.6"" / 12 Гб / SSD 512 Гб / Win 11 Pro / 83A1010VRU";325 000 ₸;/p/lenovo-v15-g4-iru-15-6-12-gb-ssd-512-gb-win-11-pro-83a1010vru-152089092/?c=750000000
"HP 15-fd01290ci 15.6"" / 16 Гб / SSD 1000 Гб / Win 11 Pro / AF292EA#UQQ";335 051 ₸;/p/hp-15-fd01290ci-15-6-16-gb-ssd-1000-gb-win-11-pro-af292ea-uqq-129221045/?c=750000000
"Lenovo IdeaPad Slim 3 16"" / 8 Гб / SSD 512 Гб / Win 11 Home / 16IRU8 / 82X8003DRK";239 900 ₸;/p/lenovo-ideapad-slim-3-16-8-gb-ssd-512-gb-win-11-home-16iru8-82x8003drk-115993181/?c=750000000
"ASUS TUF Gaming 15.6"" / 16 Гб / SSD 512 Гб / Win 11 Pro / FA506NCR-HN041W / 90NR0JV7-M0Q2W0";449 303 ₸;/p/asus-tuf-gaming-15-6-16-gb-ssd-512-gb-win-11-pro-fa506ncr-hn041w-90nr0jv7-m0q2w0-129551414/?c=750000000
"ASUS TUF Gaming F16 16"" / 16 Гб / SSD 512 Гб / Без ОС / 90NR0MI1-M002Y0";699 888 ₸;/p/asus-tuf-gaming-f16-16-16-gb-ssd-512-gb-bez-os-90nr0mi1-m002y0-142135290/?c=750000000
"YAMI Notebook HX14 + Real2 black 14.1"" / 12 Гб / SSD 256 Гб / Win 10 / Notebook HX14";128 990 ₸;/p/yami-notebook-hx14-real2-black-14-1-12-gb-ssd-256-gb-win-10-notebook-hx14-151169595/?c=750000000
"Lenovo Legion Pro 5 16IRX10 16"" / 32 Гб / SSD 1000 Гб / Без ОС / 83NN001KRK";1 599 999 ₸;/p/lenovo-legion-pro-5-16irx10-16-32-gb-ssd-1000-gb-bez-os-83nn001krk-142787523/?c=750000000
"Lenovo 15IRH10 15.3"" / 16 Гб / SSD 512 Гб / Win 11 Pro / 83K1082URK";308 000 ₸;/p/lenovo-15irh10-15-3-16-gb-ssd-512-gb-win-11-pro-83k1082urk-138627240/?c=750000000
"Zentek F14G 14"" / 8 Гб / SSD 256 Гб / Win 11 / ZKF14G8256 + подарок";302 000 ₸;/p/zentek-f14g-14-8-gb-ssd-256-gb-win-11-zkf14g8256-podarok-154373748/?c=750000000
"Acer NITRO V 15.6"" / 16 Гб / SSD 1000 Гб / Win 11 Pro / NH.QZ7ER.002W";560 002 ₸;/p/acer-nitro-v-15-6-16-gb-ssd-1000-gb-win-11-pro-nh-qz7er-002w-157717333/?c=750000000
"ASUS TUF Gaming A15 / FA506NCG-HN220 15.6"" / 16 Гб / SSD 512 Гб / Без ОС / 90NR0JF7-M00JF0";449 889 ₸;/p/asus-tuf-gaming-a15-fa506ncg-hn220-15-6-16-gb-ssd-512-gb-bez-os-90nr0jf7-m00jf0-155018364/?c=750000000
"Apple MacBook Air 2025 13.6"" / 24 Гб / SSD 512 Гб / macOS / MC6C4";788 250 ₸;/p/apple-macbook-air-2025-13-6-24-gb-ssd-512-gb-macos-mc6c4-141775732/?c=750000000
"ASUS Vivobook N100 E1504GA 15.6"" / 8 Гб / SSD 256 Гб / Win 11 Pro / 90NB0ZT2-M02410";199 000 ₸;/p/asus-vivobook-n100-e1504ga-15-6-8-gb-ssd-256-gb-win-11-pro-90nb0zt2-m02410-155157284/?c=750000000
"Apple MacBook Air 13 2024 13.6"" / 8 Гб / SSD 512 Гб / macOS / MRXW3";589 582 ₸;/p/apple-macbook-air-13-2024-13-6-8-gb-ssd-512-gb-macos-mrxw3-118907911/?c=750000000
"ASUS Vivobook Go 15 E1504FA-BQ2570W 15.6"" / 16 Гб / SSD 512 Гб / Win 11 / 90NB0ZR2-M04780";299 900 ₸;/p/asus-vivobook-go-15-e1504fa-bq2570w-15-6-16-gb-ssd-512-gb-win-11-90nb0zr2-m04780-157843910/?c=750000000
"Lenovo Legion 5 16IAX10 16"" / 32 Гб / SSD 1000 Гб / Win 11 Home / 83NX0000US";941 870 ₸;/p/lenovo-legion-5-16iax10-16-32-gb-ssd-1000-gb-win-11-home-83nx0000us-152151872/?c=750000000
"HP 15-fc0146ci 15.6"" / 16 Гб / M.2 512 Гб / Win 11 Home / BL2B9EA";299 900 ₸;/p/hp-15-fc0146ci-15-6-16-gb-m-2-512-gb-win-11-home-bl2b9ea-146098457/?c=750000000
"HP 15-fc0271ci 15.6"" / 8 Гб / SSD 512 Гб / Без ОС / D14KGEA";252 406 ₸;/p/hp-15-fc0271ci-15-6-8-gb-ssd-512-gb-bez-os-d14kgea-154678952/?c=750000000
"YAMI Notebook HX14 + X100 14.1"" / 12 Гб / SSD 256 Гб / Win 10 / Notebook HX14 + X100";131 990 ₸;/p/yami-notebook-hx14-x100-14-1-12-gb-ssd-256-gb-win-10-notebook-hx14-x100-162520295/?c=750000000
"Machcreator One i3 G2 15.6"" / 8 Гб / SSD 512 Гб / Win 11 Pro / JJ00G100H";239 990 ₸;/p/machcreator-one-i3-g2-15-6-8-gb-ssd-512-gb-win-11-pro-jj00g100h-139923161/?c=750000000
"ASUS TUF Gaming F17 17.3"" / 32 Гб / SSD 1000 Гб / Win 11 Pro / FX707ZC4-HX095ZW / 90NR0GX1-M0Z6W0";649 900 ₸;/p/asus-tuf-gaming-f17-17-3-32-gb-ssd-1000-gb-win-11-pro-fx707zc4-hx095zw-90nr0gx1-m0z6w0-118735697/?c=750000000
"Acer Gadget ETPad Max 12.96"" / 16 Гб / SSD 512 Гб / Win 11 Home / cwi639";429 970 ₸;/p/acer-gadget-etpad-max-12-96-16-gb-ssd-512-gb-win-11-home-cwi639-155652946/?c=750000000
"Apple MacBook Air 15.3"" / 16 Гб / SSD 512 Гб / macOS / MDV94RU/A";860 605 ₸;/p/apple-macbook-air-15-3-16-gb-ssd-512-gb-macos-mdv94ru-a-161466927/?c=750000000
"Lenovo Legion pro 5 16AFR10 16"" / 32 Гб / SSD 2000 Гб / Win 11 Home / 83F2002AUS";1 139 990 ₸;/p/lenovo-legion-pro-5-16afr10-16-32-gb-ssd-2000-gb-win-11-home-83f2002aus-157488006/?c=750000000
"Lenovo V15 G4 IRU 15.6"" / 24 Гб / SSD 1000 Гб / Win 11 Pro / 83A1050WRU";447 788 ₸;/p/lenovo-v15-g4-iru-15-6-24-gb-ssd-1000-gb-win-11-pro-83a1050wru-129941706/?c=750000000
"Acer Nitro Lite 16 / NL16-71G 16"" / 16 Гб / SSD 512 Гб / Без ОС / NH.D2AER.002 / I5165SG35N";436 389 ₸;/p/acer-nitro-lite-16-nl16-71g-16-16-gb-ssd-512-gb-bez-os-nh-d2aer-002-i5165sg35n-157457488/?c=750000000
"Apple MacBook Air 15.3"" / 16 Гб / SSD 512 Гб / macOS / MDVH4RU/A";842 700 ₸;/p/apple-macbook-air-15-3-16-gb-ssd-512-gb-macos-mdvh4ru-a-161461598/?c=750000000
"ASUS Vivobook Go 15 15.6"" / 16 Гб / SSD 512 Гб / DOS / E1504FA-BQ1112 / 90NB0ZR3-M01YP0";299 000 ₸;/p/asus-vivobook-go-15-15-6-16-gb-ssd-512-gb-dos-e1504fa-bq1112-90nb0zr3-m01yp0-117937025/?c=750000000
"ASUS Vivobook 15 X1502VA-BQ1275 15.6"" / 16 Гб / SSD 512 Гб / Без ОС / 90NB10T2-M01TJ0";318 999 ₸;/p/asus-vivobook-15-x1502va-bq1275-15-6-16-gb-ssd-512-gb-bez-os-90nb10t2-m01tj0-147494656/?c=750000000
"ASUS TUF Gaming A16 16"" / 16 Гб / SSD 512 Гб / DOS / 90NR0QF3-M001X0";519 990 ₸;/p/asus-tuf-gaming-a16-16-16-gb-ssd-512-gb-dos-90nr0qf3-m001x0-164295425/?c=750000000
"FYRIA F7 15.6"" / 8 Гб / SSD 256 Гб / Win 11 Pro / F7";199 990 ₸;/p/fyria-f7-15-6-8-gb-ssd-256-gb-win-11-pro-f7-166356019/?c=750000000
"HP 15-fc0057ci 15.6"" / 16 Гб / SSD 512 Гб / Без ОС / A19W9EA";288 261 ₸;/p/hp-15-fc0057ci-15-6-16-gb-ssd-512-gb-bez-os-a19w9ea-131142372/?c=750000000
"ASUS Vivobook Go 15 15.6"" / 16 Гб / SSD 512 Гб / Без ОС / 90NB0ZR3-M043U0";299 888 ₸;/p/asus-vivobook-go-15-15-6-16-gb-ssd-512-gb-bez-os-90nb0zr3-m043u0-144233343/?c=750000000
"ASUS TUF Gaming A15 15.6"" / 16 Гб / SSD 512 Гб / DOS / FA506NCQ-HN031";399 990 ₸;/p/asus-tuf-gaming-a15-15-6-16-gb-ssd-512-gb-dos-fa506ncq-hn031-160443552/?c=750000000
"ZENKO NT1562 15.6"" / 8 Гб / SSD 512 Гб / Win 11 Pro / NT1562";163 900 ₸;/p/zenko-nt1562-15-6-8-gb-ssd-512-gb-win-11-pro-nt1562-163717430/?c=750000000
"Acer NL16-71G-560W 16"" / 16 Гб / SSD 512 Гб / Win 11 Pro / NH.DAAER.001W";408 999 ₸;/p/acer-nl16-71g-560w-16-16-gb-ssd-512-gb-win-11-pro-nh-daaer-001w-153727102/?c=750000000
"Runa NT1601 15.6"" / 8 Гб / SSD 512 Гб / Win 10 / NT1601";150 000 ₸;/p/runa-nt1601-15-6-8-gb-ssd-512-gb-win-10-nt1601-166790123/?c=750000000
"HP 15-fd0107gi 15.6"" / 16 Гб / SSD 1000 Гб / Win 11 Pro / 9U4C8EA#UUQ";345 563 ₸;/p/hp-15-fd0107gi-15-6-16-gb-ssd-1000-gb-win-11-pro-9u4c8ea-uuq-138969000/?c=750000000
"Lenovo IdeaPad 5 2-in-1 14IAL10 14"" / 8 Гб / SSD 512 Гб / Win 11 / 83KR0047US";309 990 ₸;/p/lenovo-ideapad-5-2-in-1-14ial10-14-8-gb-ssd-512-gb-win-11-83kr0047us-155742203/?c=750000000
"Ноутбук HP Victus 15.6&#34; / 16 Гб / SSD 1000 Гб / Win 11 / 15-fb2082rm / BQ5EQ5UA";505 003 ₸;/p/noutbuk-hp-victus-15-6-34-16-gb-ssd-1000-gb-win-11-15-fb2082rm-bq5eq5ua-157710393/?c=750000000
"Lenovo IdeaPad Slim 3 15.6"" / 16 Гб / SSD 512 Гб / Без ОС / 15IAH8 / 83ER00DLRK";318 999 ₸;/p/lenovo-ideapad-slim-3-15-6-16-gb-ssd-512-gb-bez-os-15iah8-83er00dlrk-120000040/?c=750000000
"Acer Aspire 3 15.6"" / 16 Гб / SSD 512 Гб / DOS / A315-59-52X6 / NX.K6TER.007";319 900 ₸;/p/acer-aspire-3-15-6-16-gb-ssd-512-gb-dos-a315-59-52x6-nx-k6ter-007-113242718/?c=750000000
"ASUS TUF Gaming A15 15.6"" / 16 Гб / SSD 512 Гб / DOS / FA506NF-HN018 / 90NR0JE7-M001M0";449 899 ₸;/p/asus-tuf-gaming-a15-15-6-16-gb-ssd-512-gb-dos-fa506nf-hn018-90nr0je7-m001m0-118187777/?c=750000000
"Acer Aspire 3 15.6"" / 32 Гб / SSD 1000 Гб / Win 11 Pro / A315-59-52X6 / NX.K6TER.04W";549 888 ₸;/p/acer-aspire-3-15-6-32-gb-ssd-1000-gb-win-11-pro-a315-59-52x6-nx-k6ter-04w-120936320/?c=750000000
Apple MacBook Air 15 2025 / 24 Гб / SSD 512 Гб / macOS / MC7D4;853 392 ₸;/p/apple-macbook-air-15-2025-24-gb-ssd-512-gb-macos-mc7d4-146345210/?c=750000000
"HP Victus 15-fa2013dx 15.6"" / 8 Гб / M.2 512 Гб / Win 11 / B95WHUA#ABA";399 777 ₸;/p/hp-victus-15-fa2013dx-15-6-8-gb-m-2-512-gb-win-11-b95whua-aba-146023952/?c=750000000
"ASUS Vivobook Go 15 15.6"" / 8 Гб / SSD 256 Гб / DOS / E1504FABQ2699";219 004 ₸;/p/asus-vivobook-go-15-15-6-8-gb-ssd-256-gb-dos-e1504fabq2699-153281369/?c=750000000
"Acer Nitro NL16-71G 16"" / 16 Гб / SSD 512 Гб / Без ОС / NH.DAEER.001";457 997 ₸;/p/acer-nitro-nl16-71g-16-16-gb-ssd-512-gb-bez-os-nh-daeer-001-157752006/?c=750000000
"Runa NT1600 15.6"" / 8 Гб / SSD 256 Гб / Win 11 Pro / NT1600";199 900 ₸;/p/runa-nt1600-15-6-8-gb-ssd-256-gb-win-11-pro-nt1600-166790126/?c=750000000
"ASUS Vivobook 15 15.6"" / 8 Гб / SSD 512 Гб / Win 11 / X1504VA-BQ2288W / 90NB10J2-M02V80";249 888 ₸;/p/asus-vivobook-15-15-6-8-gb-ssd-512-gb-win-11-x1504va-bq2288w-90nb10j2-m02v80-135583832/?c=750000000
"NEYRO Evobook 15 15.6"" / 16 Гб / SSD 512 Гб / Win 11 / GA15924110016";219 000 ₸;/p/neyro-evobook-15-15-6-16-gb-ssd-512-gb-win-11-ga15924110016-132458816/?c=750000000
"Lenovo 83JE00PQRK LOQ 15IRX10 15.6"" / 16 Гб / SSD 1000 Гб / Без ОС / 83JE00PQRK";758 990 ₸;/p/lenovo-83je00pqrk-loq-15irx10-15-6-16-gb-ssd-1000-gb-bez-os-83je00pqrk-145790567/?c=750000000
"ThundeRobot Gravity 15 Pro 15.6"" / 32 Гб / SSD 1000 Гб / Win 11 Pro / JT009Y00F";796 989 ₸;/p/thunderobot-gravity-15-pro-15-6-32-gb-ssd-1000-gb-win-11-pro-jt009y00f-121721537/?c=750000000
"Apple MacBook Pro 14.2"" / 16 Гб / SSD 1000 Гб / macOS / MDE14";971 570 ₸;/p/apple-macbook-pro-14-2-16-gb-ssd-1000-gb-macos-mde14-151699831/?c=750000000
"Acer AL16-52P-32E3 16"" / 8 Гб / SSD 512 Гб / Win 11 / NX.J5REM.001";239 555 ₸;/p/acer-al16-52p-32e3-16-8-gb-ssd-512-gb-win-11-nx-j5rem-001-132766957/?c=750000000
"Acer Nitro Lite 16"" / 16 Гб / SSD 512 Гб / Без ОС / NH.DAEER.002";526 413 ₸;/p/acer-nitro-lite-16-16-gb-ssd-512-gb-bez-os-nh-daeer-002-152798337/?c=750000000
Apple MacBook Air 15 2025 / 16 Гб / SSD 512 Гб / macOS / MC7C4;816 727 ₸;/p/apple-macbook-air-15-2025-16-gb-ssd-512-gb-macos-mc7c4-141775618/?c=750000000
"ASUS Vivobook Go 15 E1504GA-BQ192 15.6"" / 8 Гб / SSD 256 Гб / DOS / 90NB0ZT1-M00XC0";205 000 ₸;/p/asus-vivobook-go-15-e1504ga-bq192-15-6-8-gb-ssd-256-gb-dos-90nb0zt1-m00xc0-122606759/?c=750000000
"Apple MacBook Air 2026 13.6"" / 16 Гб / SSD 512 Гб / macOS / MDH74";652 536 ₸;/p/apple-macbook-air-2026-13-6-16-gb-ssd-512-gb-macos-mdh74-164283003/?c=750000000
"ASUS 14"" / 4 Гб / SSD 128 Гб / Win 10 / E410MA-EB009R / 90NB0Q11-M19640";149 990 ₸;/p/asus-14-4-gb-ssd-128-gb-win-10-e410ma-eb009r-90nb0q11-m19640-102007934/?c=750000000
"HP 15-fc0155ci 15.6"" / 16 Гб / SSD 1000 Гб / Win 11 / BK5D9EA";339 900 ₸;/p/hp-15-fc0155ci-15-6-16-gb-ssd-1000-gb-win-11-bk5d9ea-144654353/?c=750000000
"ASUS TUF Gaming F16 16"" / 16 Гб / SSD 512 Гб / Без ОС / 90NR0NB1-M00A20";690 000 ₸;/p/asus-tuf-gaming-f16-16-16-gb-ssd-512-gb-bez-os-90nr0nb1-m00a20-154171706/?c=750000000
"ASUS VivoBook S16 16"" / 16 Гб / SSD 512 Гб / Win 11 / 90NB1671-M008P0";369 000 ₸;/p/asus-vivobook-s16-16-16-gb-ssd-512-gb-win-11-90nb1671-m008p0-147769575/?c=750000000
"Apple MacBook Air 13 2024 13.6"" / 16 Гб / SSD 256 Гб / macOS / MC8J4RU/A";711 240 ₸;/p/apple-macbook-air-13-2024-13-6-16-gb-ssd-256-gb-macos-mc8j4ru-a-131309258/?c=750000000
"ASUS Vivobook Go 15 E1504FA-BQ1187W 15.6"" / 16 Гб / SSD 512 Гб / Win 11 / 90NB0ZR1-M023D0";299 000 ₸;/p/asus-vivobook-go-15-e1504fa-bq1187w-15-6-16-gb-ssd-512-gb-win-11-90nb0zr1-m023d0-122631520/?c=750000000
Apple MacBook Air 15 2025 / 16 Гб / SSD 512 Гб / macOS / MW1M3RU/A;879 890 ₸;/p/apple-macbook-air-15-2025-16-gb-ssd-512-gb-macos-mw1m3ru-a-138172482/?c=750000000
"HP 15-fd0131wm 15.6"" / 8 Гб / SSD 256 Гб / Win 11 / 9C9A2UA";219 900 ₸;/p/hp-15-fd0131wm-15-6-8-gb-ssd-256-gb-win-11-9c9a2ua-131264187/?c=750000000
Apple MacBook Air 13 2025 / 16 Гб / SSD 256 Гб / macOS / MC6T4RU/A;627 887 ₸;/p/apple-macbook-air-13-2025-16-gb-ssd-256-gb-macos-mc6t4ru-a-138153200/?c=750000000
"ASUS TUF Gaming A18 18"" / 16 Гб / SSD 512 Гб / Без ОС / 90NR0NM1-M002F0";699 882 ₸;/p/asus-tuf-gaming-a18-18-16-gb-ssd-512-gb-bez-os-90nr0nm1-m002f0-144924193/?c=750000000
"Lenovo LOQ 15IAX9E 15.6"" / 16 Гб / SSD 512 Гб / Win 11 Home / 83LK00CVUS";437 594 ₸;/p/lenovo-loq-15iax9e-15-6-16-gb-ssd-512-gb-win-11-home-83lk00cvus-151044208/?c=750000000
"Apple MacBook Air 13.6"" / 24 Гб / SSD 512 Гб / macOS / MC654";789 643 ₸;/p/apple-macbook-air-13-6-24-gb-ssd-512-gb-macos-mc654-141812086/?c=750000000
"Lenovo LOQ 15IAX9E 15.6"" / 16 Гб / SSD 512 Гб / Без ОС / 83LK0048RK";399 800 ₸;/p/lenovo-loq-15iax9e-15-6-16-gb-ssd-512-gb-bez-os-83lk0048rk-138479348/?c=750000000
"Tohom TK-E157 15.6"" / 16 Гб / SSD 128 Гб / Win 11 / TK-E157-16128";223 000 ₸;/p/tohom-tk-e157-15-6-16-gb-ssd-128-gb-win-11-tk-e157-16128-134472695/?c=750000000
"Lenovo IdeaPad 1 15IJL7 15.6"" / 8 Гб / SSD 1000 Гб / Win 11 Pro / 82LX11G9RK";260 424 ₸;/p/lenovo-ideapad-1-15ijl7-15-6-8-gb-ssd-1000-gb-win-11-pro-82lx11g9rk-144482867/?c=750000000
"Castom Castom GS-E300 15.6"" / 16 Гб / SSD 512 Гб / Win 11 / 25094157";209 900 ₸;/p/castom-castom-gs-e300-15-6-16-gb-ssd-512-gb-win-11-25094157-165886014/?c=750000000
Apple MacBook Air 15 2025 / 16 Гб / SSD 512 Гб / macOS / MC7C4RU/A;838 300 ₸;/p/apple-macbook-air-15-2025-16-gb-ssd-512-gb-macos-mc7c4ru-a-138172951/?c=750000000
"GIGABYTE AERO X16 COPILOT+ PC 16"" / 16 Гб / M.2 1000 Гб / Без ОС / 1VH93KZC94AD";789 990 ₸;/p/gigabyte-aero-x16-copilot-pc-16-16-gb-m-2-1000-gb-bez-os-1vh93kzc94ad-141405445/?c=750000000
"Lenovo Loq 15AHP10 83JG000JUS 15.6"" / 16 Гб / SSD 512 Гб / Win 11 Home / 83JG000JUS";549 990 ₸;/p/lenovo-loq-15ahp10-83jg000jus-15-6-16-gb-ssd-512-gb-win-11-home-83jg000jus-157326975/?c=750000000
"ASUS Vivobook 15 15.6"" / 16 Гб / SSD 512 Гб / Без ОС / 90NB10J2-M045W0";289 000 ₸;/p/asus-vivobook-15-15-6-16-gb-ssd-512-gb-bez-os-90nb10j2-m045w0-145248295/?c=750000000
"Acer Aspire Lite AL15-32P 15.6"" / 8 Гб / SSD 256 Гб / Win 11 Home / NX.JBBER.001";202 800 ₸;/p/acer-aspire-lite-al15-32p-15-6-8-gb-ssd-256-gb-win-11-home-nx-jbber-001-135872240/?c=750000000
"Acer Nitro V 15 15.6"" / 32 Гб / SSD 1000 Гб / Win 11 Pro / ANV15-51 / NH.QNCER.007";639 383 ₸;/p/acer-nitro-v-15-15-6-32-gb-ssd-1000-gb-win-11-pro-anv15-51-nh-qncer-007-117355698/?c=750000000
"Huawei MateBook D16 16"" / 16 Гб / SSD 1000 Гб / Без ОС / 53014MUA";349 990 ₸;/p/huawei-matebook-d16-16-16-gb-ssd-1000-gb-bez-os-53014mua-155477325/?c=750000000
"Acer Aspire Lite 15.6"" / 8 Гб / SSD 512 Гб / Без ОС / NX.D2MER.001";224 589 ₸;/p/acer-aspire-lite-15-6-8-gb-ssd-512-gb-bez-os-nx-d2mer-001-158663889/?c=750000000
"ASUS Vivobook 15 15.6"" / 8 Гб / SSD 512 Гб / Win 11 Home / X1504ZA-BQ946W";274 999 ₸;/p/asus-vivobook-15-15-6-8-gb-ssd-512-gb-win-11-home-x1504za-bq946w-120454990/?c=750000000
"Lenovo IdeaPad 1 15.6"" / 4 Гб / SSD 256 Гб / Без ОС / 15IGL7 / 82V700AXPS";179 719 ₸;/p/lenovo-ideapad-1-15-6-4-gb-ssd-256-gb-bez-os-15igl7-82v700axps-113186448/?c=750000000
"Apple MacBook Air 15 2024 15.3"" / 8 Гб / SSD 512 Гб / macOS / MRYQ3";822 212 ₸;/p/apple-macbook-air-15-2024-15-3-8-gb-ssd-512-gb-macos-mryq3-118169894/?c=750000000
"Acer Aspire Lite AL16-54P-55CE 16"" / 16 Гб / SSD 512 Гб / Win 11 Pro / NX.D76ER.001F";328 999 ₸;/p/acer-aspire-lite-al16-54p-55ce-16-16-gb-ssd-512-gb-win-11-pro-nx-d76er-001f-157750648/?c=750000000
"ASUS Vivobook Go 15 E1504GA-BQ610 15.6"" / 8 Гб / SSD 256 Гб / Без ОС / 90NB0ZT2-M02510";208 960 ₸;/p/asus-vivobook-go-15-e1504ga-bq610-15-6-8-gb-ssd-256-gb-bez-os-90nb0zt2-m02510-142210844/?c=750000000
"ASUS TUF Gaming A15 15.6"" / 16 Гб / SSD 1000 Гб / Win 11 Pro / FA507NU-LP031HW / 90NR0EB5-M0W3H0";589 303 ₸;/p/asus-tuf-gaming-a15-15-6-16-gb-ssd-1000-gb-win-11-pro-fa507nu-lp031hw-90nr0eb5-m0w3h0-119275419/?c=750000000
"HYDRA ΛΞRO 15.6"" / 16 Гб / SSD 512 Гб / Win 10 / H15";149 990 ₸;/p/hydra-ro-15-6-16-gb-ssd-512-gb-win-10-h15-103326451/?c=750000000
"Apple MacBook Neo 13"" / 8 Гб / SSD 512 Гб / macOS / MHFJ4";442 535 ₸;/p/apple-macbook-neo-13-8-gb-ssd-512-gb-macos-mhfj4-163363226/?c=750000000
"YERVIEW ER-56 14.1"" / 16 Гб / SSD 512 Гб / Win 11 Pro / EE88A723";249 999 ₸;/p/yerview-er-56-14-1-16-gb-ssd-512-gb-win-11-pro-ee88a723-164638680/?c=750000000
"ASUS TUF Gaming 15.6"" / 16 Гб / SSD 1000 Гб / Win 11 Pro / FA506NCR-HN044HW 90NR0JV7-M002WQ";482 897 ₸;/p/asus-tuf-gaming-15-6-16-gb-ssd-1000-gb-win-11-pro-fa506ncr-hn044hw-90nr0jv7-m002wq-129825328/?c=750000000
"Acer NITRO V 15.6"" / 16 Гб / SSD 512 Гб / Win 11 Pro / NH.QZ7ER.001W";519 999 ₸;/p/acer-nitro-v-15-6-16-gb-ssd-512-gb-win-11-pro-nh-qz7er-001w-157717335/?c=750000000
"ThundeRobot Gravity 16 Pro 16"" / 32 Гб / SSD 1000 Гб / Win 11 Pro / JT009X00F";909 904 ₸;/p/thunderobot-gravity-16-pro-16-32-gb-ssd-1000-gb-win-11-pro-jt009x00f-121721539/?c=750000000
"HP HP OmniBook 5 Flip 2-in-1 14"" 2K+ Touch Screen Laptop 14"" / 16 Гб / SSD 512 Гб / Win 11 Home / B86Q7UA#ABA";446 799 ₸;/p/hp-hp-omnibook-5-flip-2-in-1-14-2k-touch-screen-laptop-14-16-gb-ssd-512-gb-win-11-home-b86q7ua-aba-149722196/?c=750000000
"Lenovo Legion Pro 5 16ADR10 16"" / 16 Гб / SSD 1000 Гб / Win 11 Pro / 83LT0007RK";847 000 ₸;/p/lenovo-legion-pro-5-16adr10-16-16-gb-ssd-1000-gb-win-11-pro-83lt0007rk-154219267/?c=750000000
"YAMI Notebook HX15 + X100 15.6"" / 12 Гб / SSD 512 Гб / Win 10 / Notebook HX15";166 990 ₸;/p/yami-notebook-hx15-x100-15-6-12-gb-ssd-512-gb-win-10-notebook-hx15-162520304/?c=750000000
"Apple MacBook Air 15.3"" / 16 Гб / SSD 512 Гб / macOS / MDVQ4RU/A";860 808 ₸;/p/apple-macbook-air-15-3-16-gb-ssd-512-gb-macos-mdvq4ru-a-161464068/?c=750000000
"Apple MacBook Pro 14.2 14.2"" / 16 Гб / SSD 1000 Гб / macOS / MDE14RU/A";1 152 620 ₸;/p/apple-macbook-pro-14-2-14-2-16-gb-ssd-1000-gb-macos-mde14ru-a-149007578/?c=750000000
"Apple MacBook Air 13.6"" / 24 Гб / SSD 512 Гб / macOS / MC6A4";767 869 ₸;/p/apple-macbook-air-13-6-24-gb-ssd-512-gb-macos-mc6a4-141811949/?c=750000000
"Acer PREDATOR HELIOS NEO 16 AI 16"" / 32 Гб / SSD 1000 Гб / Win 11 Home / NH.U0UAA.001";1 272 902 ₸;/p/acer-predator-helios-neo-16-ai-16-32-gb-ssd-1000-gb-win-11-home-nh-u0uaa-001-157327208/?c=750000000
"YERVIEW RGB 15.6"" / 32 Гб / SSD 512 Гб / Win 11 / EE88A7";389 999 ₸;/p/yerview-rgb-15-6-32-gb-ssd-512-gb-win-11-ee88a7-139178468/?c=750000000
"ASUS Vivobook Go 15 15.6"" / 8 Гб / SSD 256 Гб / Без ОС / 90NB1541-M00AM0";187 500 ₸;/p/asus-vivobook-go-15-15-6-8-gb-ssd-256-gb-bez-os-90nb1541-m00am0-164189399/?c=750000000
"ASUS Vivobook 18 M1807GA-S8007 18"" / 32 Гб / SSD 1000 Гб / Без ОС / 90NB17Y1-M000K0";579 990 ₸;/p/asus-vivobook-18-m1807ga-s8007-18-32-gb-ssd-1000-gb-bez-os-90nb17y1-m000k0-154744110/?c=750000000
"Apple MacBook Pro 14.2 14.2"" / 16 Гб / SSD 1000 Гб / macOS / MDE54RU/A";1 128 415 ₸;/p/apple-macbook-pro-14-2-14-2-16-gb-ssd-1000-gb-macos-mde54ru-a-149007377/?c=750000000
"Great Asia TK-E140А 14"" / 8 Гб / SSD 256 Гб / Win 10 / YT-45651";135 000 ₸;/p/great-asia-tk-e140a-14-8-gb-ssd-256-gb-win-10-yt-45651-124067430/?c=750000000
"MECHREVO Dragon 15K 15.6"" / 16 Гб / SSD 512 Гб / Win 11 / 5000025886";432 497 ₸;/p/mechrevo-dragon-15k-15-6-16-gb-ssd-512-gb-win-11-5000025886-157745269/?c=750000000
"Huawei MateBook D16 16"" / 16 Гб / SSD 1000 Гб / DOS / MitchellG-W5611D";349 990 ₸;/p/huawei-matebook-d16-16-16-gb-ssd-1000-gb-dos-mitchellg-w5611d-157324355/?c=750000000
"HP 15-fd0251ci 15.6"" / 8 Гб / SSD 512 Гб / Без ОС / CL6V1EA";238 887 ₸;/p/hp-15-fd0251ci-15-6-8-gb-ssd-512-gb-bez-os-cl6v1ea-152436732/?c=750000000
"Apple MacBook Neo 13"" / 8 Гб / SSD 512 Гб / macOS / MHFC4";432 483 ₸;/p/apple-macbook-neo-13-8-gb-ssd-512-gb-macos-mhfc4-163443446/?c=750000000
"ASUS Vivobook Go 15 15.6"" / 8 Гб / SSD 256 Гб / DOS / 90NB1542-M00300";173 990 ₸;/p/asus-vivobook-go-15-15-6-8-gb-ssd-256-gb-dos-90nb1542-m00300-164310133/?c=750000000
"ASUS TUF Gaming F16 16"" / 16 Гб / SSD 512 Гб / Без ОС / 90NR0NB1-M006U0";719 989 ₸;/p/asus-tuf-gaming-f16-16-16-gb-ssd-512-gb-bez-os-90nr0nb1-m006u0-154171843/?c=750000000
"Apple MacBook Pro 2026 M5 Pro 14.2"" / 24 Гб / SSD 1024 Гб / macOS / MGDN4";1 447 519 ₸;/p/apple-macbook-pro-2026-m5-pro-14-2-24-gb-ssd-1024-gb-macos-mgdn4-164282504/?c=750000000
"ASUS TUF Gaming F17 /FX707VJ-HX006Q 17.3"" / 16 Гб / SSD 1000 Гб / Win 11 Pro / 90NR0MYS-M00060";489 898 ₸;/p/asus-tuf-gaming-f17-fx707vj-hx006q-17-3-16-gb-ssd-1000-gb-win-11-pro-90nr0mys-m00060-143568963/?c=750000000
"Lenovo IdeaPad Slim 3 16"" / 8 Гб / SSD 256 Гб / Win 11 / 16IRU8 / 82X80007RK";229 700 ₸;/p/lenovo-ideapad-slim-3-16-8-gb-ssd-256-gb-win-11-16iru8-82x80007rk-110520703/?c=750000000
"Lenovo IdeaPad Slim 3 15AMN8 / 82XQ00J7RK / R585SUN 15.6"" / 8 Гб / SSD 512 Гб / DOS / 82XQ00J7RK";239 990 ₸;/p/lenovo-ideapad-slim-3-15amn8-82xq00j7rk-r585sun-15-6-8-gb-ssd-512-gb-dos-82xq00j7rk-164728086/?c=750000000
"Lenovo IdeaPad Slim 3 15IRH10 15.3"" / 24 Гб / SSD 1000 Гб / Win 11 Pro / 83K1073URK";388 888 ₸;/p/lenovo-ideapad-slim-3-15irh10-15-3-24-gb-ssd-1000-gb-win-11-pro-83k1073urk-138627609/?c=750000000
"ASUS FX608JMR-RV171 16"" / 16 Гб / SSD 512 Гб / Win 11 / 90NR0NB1-M009E0";699 000 ₸;/p/asus-fx608jmr-rv171-16-16-gb-ssd-512-gb-win-11-90nr0nb1-m009e0-154661174/?c=750000000
"ASUS TUF Gaming F16 FX608JPR 16"" / 32 Гб / SSD 2000 Гб / Win 11 Home / 90NRONG1-M00620";1 069 000 ₸;/p/asus-tuf-gaming-f16-fx608jpr-16-32-gb-ssd-2000-gb-win-11-home-90nrong1-m00620-153850038/?c=750000000
"HP 15-fc0243ci 15.6"" / 8 Гб / SSD 512 Гб / Без ОС / CH4N3EA";243 104 ₸;/p/hp-15-fc0243ci-15-6-8-gb-ssd-512-gb-bez-os-ch4n3ea-148802932/?c=750000000
Asus TUF Gaming A16;675 266 ₸;/p/asus-tuf-gaming-a16-148573426/?c=750000000
"HP 15s 15.6"" / 4 Гб / SSD 256 Гб / Без ОС / 15s-fq3002ci / 7E4T0EA";167 650 ₸;/p/hp-15s-15-6-4-gb-ssd-256-gb-bez-os-15s-fq3002ci-7e4t0ea-110170450/?c=750000000
"ASUS Vivobook Go E1504FA-BQ1375W 15.6"" / 8 Гб / SSD 512 Гб / Win 11 / 90NB0ZR3-M02DE0";259 000 ₸;/p/asus-vivobook-go-e1504fa-bq1375w-15-6-8-gb-ssd-512-gb-win-11-90nb0zr3-m02de0-138133195/?c=750000000
"Apple MacBook Air 13 2024 13.6"" / 16 Гб / SSD 512 Гб / macOS / MXCU3";827 992 ₸;/p/apple-macbook-air-13-2024-13-6-16-gb-ssd-512-gb-macos-mxcu3-120179654/?c=750000000
"ASUS VivoBook X1404VA-I38128 14"" / 16 Гб / SSD 512 Гб / Win 11 Pro / 90NB10I1-M017F0";299 990 ₸;/p/asus-vivobook-x1404va-i38128-14-16-gb-ssd-512-gb-win-11-pro-90nb10i1-m017f0-163072935/?c=750000000
"Chuwi CoreBook X 14"" / 16 Гб / SSD 512 Гб / Win 11 / CoreBook X i3-1220P + подарок";214 990 ₸;/p/chuwi-corebook-x-14-16-gb-ssd-512-gb-win-11-corebook-x-i3-1220p-podarok-160370637/?c=750000000
"ACERTON N5095A 15.6"" / 16 Гб / SSD 512 Гб / Win 11 Pro / 188084589";179 990 ₸;/p/acerton-n5095a-15-6-16-gb-ssd-512-gb-win-11-pro-188084589-151728631/?c=750000000
"Acer Aspire Lite Intel-N N150 15.6"" / 8 Гб / SSD 512 Гб / Без ОС / NX.D2FER.002";209 766 ₸;/p/acer-aspire-lite-intel-n-n150-15-6-8-gb-ssd-512-gb-bez-os-nx-d2fer-002-158663864/?c=750000000
"ASUS TUF Gaming A15 15.6"" / 16 Гб / SSD 1000 Гб / Win 11 Pro / FA506NFR-HN004H / 90NR0JU7-M0H6T0";477 246 ₸;/p/asus-tuf-gaming-a15-15-6-16-gb-ssd-1000-gb-win-11-pro-fa506nfr-hn004h-90nr0ju7-m0h6t0-131726033/?c=750000000
"ASUS ROG Strix G16 16"" / 32 Гб / SSD 1024 Гб / DOS / G615JMRS5205";1 099 880 ₸;/p/asus-rog-strix-g16-16-32-gb-ssd-1024-gb-dos-g615jmrs5205-155377568/?c=750000000
"HYDRA Home H21 15.6"" / 12 Гб / SSD 512 Гб / Win 11 / H21";165 000 ₸;/p/hydra-home-h21-15-6-12-gb-ssd-512-gb-win-11-h21-166203598/?c=750000000
Apple MacBook Air 15 2025 / 24 Гб / SSD 512 Гб / macOS / MC6J4;910 000 ₸;/p/apple-macbook-air-15-2025-24-gb-ssd-512-gb-macos-mc6j4-146345065/?c=750000000
"Acer Aspire Lite 15 AL15-72P-58PJ 15.6"" / 16 Гб / SSD 1000 Гб / Win 11 Pro / NX.D5HER.002E";387 000 ₸;/p/acer-aspire-lite-15-al15-72p-58pj-15-6-16-gb-ssd-1000-gb-win-11-pro-nx-d5her-002e-151635876/?c=750000000
"Acer Aspire Lite AL14-31P 14"" / 8 Гб / SSD 512 Гб / Win 11 / NX.KS9ER.002";268 020 ₸;/p/acer-aspire-lite-al14-31p-14-8-gb-ssd-512-gb-win-11-nx-ks9er-002-122144331/?c=750000000
"Acer Aspire Lite 14"" / 8 Гб / SSD 256 Гб / Без ОС / NX.D2ZEM.001";333 131 ₸;/p/acer-aspire-lite-14-8-gb-ssd-256-gb-bez-os-nx-d2zem-001-152800235/?c=750000000
"Acer TMP214-43-TCO-R8NG 14 14"" / 32 Гб / SSD 1024 Гб / Win 11 Pro / NX.B7MEC.001";439 999 ₸;/p/acer-tmp214-43-tco-r8ng-14-14-32-gb-ssd-1024-gb-win-11-pro-nx-b7mec-001-133982368/?c=750000000
"ASUS Vivobook 15 15.6"" / 8 Гб / SSD 512 Гб / Win 11 Home / 90NB10J2-M04R90";279 990 ₸;/p/asus-vivobook-15-15-6-8-gb-ssd-512-gb-win-11-home-90nb10j2-m04r90-160463222/?c=750000000
"Lenovo Legion 5 Pro 16ADR10 16"" / 32 Гб / SSD 1024 Гб / Без ОС / 83LT0008RK";928 000 ₸;/p/lenovo-legion-5-pro-16adr10-16-32-gb-ssd-1024-gb-bez-os-83lt0008rk-147383794/?c=750000000
"Lenovo IdeaPad Slim 3 15IAH8 15.6"" / 16 Гб / SSD 512 Гб / Win 11 / 83ER00DMRK";317 980 ₸;/p/lenovo-ideapad-slim-3-15iah8-15-6-16-gb-ssd-512-gb-win-11-83er00dmrk-121997284/?c=750000000
"Apple MacBook Air 2026 M5 13.6"" / 16 Гб / SSD 512 Гб / macOS / MDHA4";646 231 ₸;/p/apple-macbook-air-2026-m5-13-6-16-gb-ssd-512-gb-macos-mdha4-164283018/?c=750000000
"Lenovo IdeaPad 1 15.6"" / 8 Гб / SSD 128 Гб / DOS / 15IGL7 / 82V70019RK";184 659 ₸;/p/lenovo-ideapad-1-15-6-8-gb-ssd-128-gb-dos-15igl7-82v70019rk-109602223/?c=750000000
"Apple MacBook Pro 16 2024 16.2"" / 24 Гб / SSD 512 Гб / macOS / MX2X3RU/A";1 499 900 ₸;/p/apple-macbook-pro-16-2024-16-2-24-gb-ssd-512-gb-macos-mx2x3ru-a-132090061/?c=750000000
"Lenovo V15 G4 IRU 15.6"" / 8 Гб / SSD 512 Гб / Без ОС / 83A10059RU";400 000 ₸;/p/lenovo-v15-g4-iru-15-6-8-gb-ssd-512-gb-bez-os-83a10059ru-120135609/?c=750000000
"Lenovo IdeaPad 1 15AMN7 15.6"" / 8 Гб / SSD 512 Гб / Win 11 Home / 82VG00TNRK";239 899 ₸;/p/lenovo-ideapad-1-15amn7-15-6-8-gb-ssd-512-gb-win-11-home-82vg00tnrk-142183155/?c=750000000
"ASUS TUF A18 FA808UM-S8030 18"" / 16 Гб / SSD 512 Гб / Без ОС / 90NR0NN1-M001M0";798 990 ₸;/p/asus-tuf-a18-fa808um-s8030-18-16-gb-ssd-512-gb-bez-os-90nr0nn1-m001m0-144269241/?c=750000000
Apple MacBook Air 15 2025 / 16 Гб / SSD 256 Гб / macOS / MW1G3RU/A;649 990 ₸;/p/apple-macbook-air-15-2025-16-gb-ssd-256-gb-macos-mw1g3ru-a-138171960/?c=750000000
"Lenovo Legion Pro 7 16AFR10H 16"" / 32 Гб / SSD 2000 Гб / Win 11 Home / 83RU0002US";1 568 999 ₸;/p/lenovo-legion-pro-7-16afr10h-16-32-gb-ssd-2000-gb-win-11-home-83ru0002us-157327043/?c=750000000
"Apple MacBook Air 15.3"" / 24 Гб / SSD 1024 Гб / macOS / MDVU4RU/A";1 123 200 ₸;/p/apple-macbook-air-15-3-24-gb-ssd-1024-gb-macos-mdvu4ru-a-161464086/?c=750000000
"ASUS TUF Gaming F15 15.6"" / 32 Гб / SSD 2000 Гб / Win 11 Pro / FX507ZC4-HX145XW / 90NR0GW1-M0XBW0";767 765 ₸;/p/asus-tuf-gaming-f15-15-6-32-gb-ssd-2000-gb-win-11-pro-fx507zc4-hx145xw-90nr0gw1-m0xbw0-118822301/?c=750000000
"ASUS Vivobook 15 15.6"" / 8 Гб / SSD 512 Гб / Win 11 / 90NB13Y1-M012N0";298 000 ₸;/p/asus-vivobook-15-15-6-8-gb-ssd-512-gb-win-11-90nb13y1-m012n0-148596391/?c=750000000
"Apple MacBook Air 15.3"" / 24 Гб / SSD 1024 Гб / macOS / MDVN4RU/A";1 179 900 ₸;/p/apple-macbook-air-15-3-24-gb-ssd-1024-gb-macos-mdvn4ru-a-161462028/?c=750000000
"Acer Nitro Lite 16 / NL16-71G 16"" / 16 Гб / SSD 512 Гб / Без ОС / NH.D29ER.001 / I5165SG45N";448 999 ₸;/p/acer-nitro-lite-16-nl16-71g-16-16-gb-ssd-512-gb-bez-os-nh-d29er-001-i5165sg45n-157337802/?c=750000000
"Apple MacBook Neo 13"" / 8 Гб / SSD 256 Гб / macOS / MHFD4";385 400 ₸;/p/apple-macbook-neo-13-8-gb-ssd-256-gb-macos-mhfd4-163443463/?c=750000000
"ASUS Vivobook 15 15"" / 16 Гб / SSD 512 Гб / DOS / X1504VA-BQ4351";299 900 ₸;/p/asus-vivobook-15-15-16-gb-ssd-512-gb-dos-x1504va-bq4351-154378780/?c=750000000
"HP 15-fd0107di 15.6"" / 16 Гб / SSD 512 Гб / Win 11 Pro / 9U4C8EA#UUQ";295 827 ₸;/p/hp-15-fd0107di-15-6-16-gb-ssd-512-gb-win-11-pro-9u4c8ea-uuq-138844540/?c=750000000
"Acer Nitro V 15 15.6"" / 16 Гб / SSD 512 Гб / Без ОС / NH.QZ8ER.002";832 990 ₸;/p/acer-nitro-v-15-15-6-16-gb-ssd-512-gb-bez-os-nh-qz8er-002-149603451/?c=750000000
"ASUS TUF Gaming F16 FX608JMR-RV130 16"" / 16 Гб / SSD 1000 Гб / Без ОС / 90NR0NB1-M007D0";739 887 ₸;/p/asus-tuf-gaming-f16-fx608jmr-rv130-16-16-gb-ssd-1000-gb-bez-os-90nr0nb1-m007d0-149877721/?c=750000000
"ASUS Vivobook 15 X1504ZA-BQ1301I 15.6"" / 16 Гб / SSD 512 Гб / Win 11 / 90NB1021-MI1XA0";307 705 ₸;/p/asus-vivobook-15-x1504za-bq1301i-15-6-16-gb-ssd-512-gb-win-11-90nb1021-mi1xa0-135624851/?c=750000000
"Acer NL16-71G-526P 16"" / 16 Гб / SSD 512 Гб / Win 11 Pro / NH.DAEER.001W";456 401 ₸;/p/acer-nl16-71g-526p-16-16-gb-ssd-512-gb-win-11-pro-nh-daeer-001w-153727278/?c=750000000
"YERVIEW Y74 15.6"" / 16 Гб / SSD 512 Гб / Win 11 Pro / EE88A723";320 000 ₸;/p/yerview-y74-15-6-16-gb-ssd-512-gb-win-11-pro-ee88a723-157234400/?c=750000000
"ThundeRobot 911 X Wild Hunter G2L 15.6"" / 16 Гб / SSD 512 Гб / Win 11 Pro / JT009500E";599 990 ₸;/p/thunderobot-911-x-wild-hunter-g2l-15-6-16-gb-ssd-512-gb-win-11-pro-jt009500e-116983567/?c=750000000
"Lenovo LOQ 15AHP10 15.6"" / 16 Гб / SSD 1024 Гб / Без ОС / 83JG000XRK";609 990 ₸;/p/lenovo-loq-15ahp10-15-6-16-gb-ssd-1024-gb-bez-os-83jg000xrk-144706321/?c=750000000
"Apple MacBook Pro 14.2"" / 32 Гб / SSD 1024 Гб / macOS / MJ3D4RU/A";1 471 990 ₸;/p/apple-macbook-pro-14-2-32-gb-ssd-1024-gb-macos-mj3d4ru-a-161475440/?c=750000000
"ASUS TUF Gaming F16 16"" / 16 Гб / SSD 512 Гб / Без ОС / 90NR0NA1-M007K0";679 900 ₸;/p/asus-tuf-gaming-f16-16-16-gb-ssd-512-gb-bez-os-90nr0na1-m007k0-154171686/?c=750000000
"Lenovo Legion Pro 5 16ADR10 16"" / 32 Гб / SSD 1000 Гб / Win 11 Pro / 83LT0008RK";929 000 ₸;/p/lenovo-legion-pro-5-16adr10-16-32-gb-ssd-1000-gb-win-11-pro-83lt0008rk-162951507/?c=750000000
"Tokio Dream Book 14"" / 4 Гб / eMMC 64 Гб / Win 10 / 9563715";80 999 ₸;/p/tokio-dream-book-14-4-gb-emmc-64-gb-win-10-9563715-165852778/?c=750000000
"ASUS Vivobook S3607VA-RP011 16"" / 16 Гб / SSD 1024 Гб / Без ОС / 90NB1671-M004V0";419 930 ₸;/p/asus-vivobook-s3607va-rp011-16-16-gb-ssd-1024-gb-bez-os-90nb1671-m004v0-139096585/?c=750000000
"Acer Nitro V15 ANV15-52-78A7 15.6"" / 16 Гб / SSD 1024 Гб / Без ОС / NH.QZ7ER.003";739 969 ₸;/p/acer-nitro-v15-anv15-52-78a7-15-6-16-gb-ssd-1024-gb-bez-os-nh-qz7er-003-149722250/?c=750000000
"Razor NT1705 15.6"" / 16 Гб / SSD 512 Гб / Win 11 / NT1705";190 000 ₸;/p/razor-nt1705-15-6-16-gb-ssd-512-gb-win-11-nt1705-167151015/?c=750000000
"Apple MacBook Air 13.6"" / 24 Гб / SSD 1024 Гб / macOS / MDH94RU/A";968 385 ₸;/p/apple-macbook-air-13-6-24-gb-ssd-1024-gb-macos-mdh94ru-a-161462544/?c=750000000
"ASUS X1504VA-BQ830L 15.6"" / 32 Гб / SSD 1000 Гб / Win 11 Pro / 90NB10T2-M0L470";549 989 ₸;/p/asus-x1504va-bq830l-15-6-32-gb-ssd-1000-gb-win-11-pro-90nb10t2-m0l470-149587318/?c=750000000
"HP 15-fc0305ci 15.6"" / 16 Гб / SSD 512 Гб / Без ОС / D10CREA";298 000 ₸;/p/hp-15-fc0305ci-15-6-16-gb-ssd-512-gb-bez-os-d10crea-155611398/?c=750000000
"ASUS VivoBook 14 X1404ZA-I38128 14"" / 8 Гб / SSD 128 Гб / Win 11 / 90NB1001-M00N2B0";203 949 ₸;/p/asus-vivobook-14-x1404za-i38128-14-8-gb-ssd-128-gb-win-11-90nb1001-m00n2b0-121785566/?c=750000000
"Acer Aspire Lite 15.6"" / 16 Гб / SSD 512 Гб / Win 11 Pro / NX.D62ER.001W";259 888 ₸;/p/acer-aspire-lite-15-6-16-gb-ssd-512-gb-win-11-pro-nx-d62er-001w-160588375/?c=750000000
"Huawei MateBook D14 14"" / 16 Гб / SSD 1000 Гб / Без ОС / 53014MUB";349 990 ₸;/p/huawei-matebook-d14-14-16-gb-ssd-1000-gb-bez-os-53014mub-155611233/?c=750000000
"Lenovo IdeaPad Slim 3 16IRH10 16"" / 16 Гб / SSD 1000 Гб / Win 11 Pro / 83ER2007WRK";379 900 ₸;/p/lenovo-ideapad-slim-3-16irh10-16-16-gb-ssd-1000-gb-win-11-pro-83er2007wrk-153608063/?c=750000000
"Apple MacBook Pro 16 2024 16.2"" / 24 Гб / SSD 512 Гб / macOS / MX2T3RU/A";1 499 900 ₸;/p/apple-macbook-pro-16-2024-16-2-24-gb-ssd-512-gb-macos-mx2t3ru-a-132224821/?c=750000000
"ASUS VivoBook X1504ZA-BQ1498W 15.6"" / 16 Гб / SSD 512 Гб / Win 11 Pro / 90NB1022-M0W5L0";309 889 ₸;/p/asus-vivobook-x1504za-bq1498w-15-6-16-gb-ssd-512-gb-win-11-pro-90nb1022-m0w5l0-146933555/?c=750000000
"ASUS Vivobook X1504VA-BQ784W 15.6"" / 16 Гб / SSD 512 Гб / Win 11 Pro / 90NB10T2";314 477 ₸;/p/asus-vivobook-x1504va-bq784w-15-6-16-gb-ssd-512-gb-win-11-pro-90nb10t2-136915550/?c=750000000
"Lenovo IdeaPad 15.6"" / 8 Гб / SSD 512 Гб / Win 11 Pro / 82VG20WWRK";228 699 ₸;/p/lenovo-ideapad-15-6-8-gb-ssd-512-gb-win-11-pro-82vg20wwrk-146830041/?c=750000000
"Razor NT1703 14.1"" / 6 Гб / SSD 256 Гб / Win 10 / NT1703";90 000 ₸;/p/razor-nt1703-14-1-6-gb-ssd-256-gb-win-10-nt1703-167212428/?c=750000000
"ASUS Vivobook 15 15.6"" / 8 Гб / SSD 512 Гб / Без ОС / X1504VA-BQ3735 / 90NB10J1-M043P0";249 980 ₸;/p/asus-vivobook-15-15-6-8-gb-ssd-512-gb-bez-os-x1504va-bq3735-90nb10j1-m043p0-141961457/?c=750000000
"Apple MacBook Pro 16.2"" / 24 Гб / SSD 1024 Гб / macOS / MGEA4RU/A";1 694 980 ₸;/p/apple-macbook-pro-16-2-24-gb-ssd-1024-gb-macos-mgea4ru-a-161471182/?c=750000000
"ASUS FX608JHR-RV143 16"" / 16 Гб / SSD 512 Гб / DOS / 90NR0NA1-M007L0";639 990 ₸;/p/asus-fx608jhr-rv143-16-16-gb-ssd-512-gb-dos-90nr0na1-m007l0-154661190/?c=750000000
"ASUS Vivobook 15 15.6"" / 16 Гб / SSD 512 Гб / Без ОС / X1504VA-BQ3123";309 887 ₸;/p/asus-vivobook-15-15-6-16-gb-ssd-512-gb-bez-os-x1504va-bq3123-147769389/?c=750000000
"Razor NT1704 15.6"" / 8 Гб / SSD 256 Гб / Win 10 / NT1704";145 000 ₸;/p/razor-nt1704-15-6-8-gb-ssd-256-gb-win-10-nt1704-167212420/?c=750000000
"ASUS Gaming A15 15.6"" / 16 Гб / SSD 512 Гб / Без ОС / 90NR0QE7-M001C0";384 990 ₸;/p/asus-gaming-a15-15-6-16-gb-ssd-512-gb-bez-os-90nr0qe7-m001c0-159384132/?c=750000000
"Castom GS-E157 15.6"" / 16 Гб / SSD 512 Гб / Win 11 / 22359";159 900 ₸;/p/castom-gs-e157-15-6-16-gb-ssd-512-gb-win-11-22359-165886216/?c=750000000
"HP 15s 15.6"" / 8 Гб / SSD 512 Гб / DOS / 15s-eq2017ci / 9L6Q8EA";255 800 ₸;/p/hp-15s-15-6-8-gb-ssd-512-gb-dos-15s-eq2017ci-9l6q8ea-115757149/?c=750000000
"MECHREVO Ноутбук 14"" / 16 Гб / SSD 512 Гб / Win 11 Home / WUJIE 14";329 990 ₸;/p/mechrevo-noutbuk-14-16-gb-ssd-512-gb-win-11-home-wujie-14-151142793/?c=750000000
"Apple MacBook Pro 2026 M5 Pro 14.2"" / 24 Гб / SSD 1024 Гб / macOS / MGDR4";1 445 504 ₸;/p/apple-macbook-pro-2026-m5-pro-14-2-24-gb-ssd-1024-gb-macos-mgdr4-164282475/?c=750000000
"Huawei MateBook D 16 16"" / 16 Гб / SSD 512 Гб / Без ОС / 53014MTX";299 990 ₸;/p/huawei-matebook-d-16-16-16-gb-ssd-512-gb-bez-os-53014mtx-155477333/?c=750000000
"Acer Aspire Go 15 15.6"" / 16 Гб / SSD 512 Гб / Без ОС / R5165SUN / NX.J7XER.002";299 900 ₸;/p/acer-aspire-go-15-15-6-16-gb-ssd-512-gb-bez-os-r5165sun-nx-j7xer-002-137253514/?c=750000000
